t,Xo,Yo,psi,xo_ref,yo_ref,psi_ref
0.0,0.0,0.0,5.759586531581287,0.0,0.0,5.759586531581287
0.02,4.2056123121597203e-8,-8.65764646356963e-8,5.75958697954866,1.539996543906153e-8,-8.891174832740672e-9,5.7595864698370205
0.04,1.9628069222530568e-8,-4.5554113541504165e-7,5.7595883210847285,2.4343672397041657e-7,-1.4054841656708604e-7,5.759585555551442
0.06,3.301355292229926e-8,-4.528875327706178e-8,5.759587445032616,1.2174995859541996e-6,-7.029276757612342e-7,5.7595816501597294
0.08,8.775043573482332e-7,-3.0190939129029635e-7,5.759585292678853,3.801124501087266e-6,-2.1946188740676214e-6,5.759571291373586
0.1,9.405665621863717e-7,-8.760660176571478e-7,5.759586277973912,9.166641779342618e-6,-5.292587701679286e-6,5.7595497786698395
0.12,5.125481394290306e-8,-4.4232787101248195e-7,5.7595876954022565,1.877423070091538e-5,-1.0840249317902369e-5,5.75951125697933
0.14,2.6121588127382886e-7,1.631289517487532e-7,5.7595829053807455,3.435135526131879e-5,-1.983591854283941e-5,5.7594487985761935
0.16,1.241083109905257e-5,-5.9603361737796694e-6,5.759542999356512,5.7872551959858086e-5,-3.342168687518118e-5,5.759354483167868
0.18,3.962228475486181e-5,-2.1269223726098017e-5,5.759466881544435,9.153953872077406e-5,-5.287277975082434e-5,5.759219476186584
0.2,8.238826841330018e-5,-4.6829518880280094e-5,5.7593346744059435,0.00013776161354307995,-7.958744818436308e-5,5.759034105283918
0.22,0.00014328420219339485,-8.280938102078468e-5,5.759140387288218,0.00019913631213147977,-0.00011507744759250646,5.758787935031193
0.24,0.00022915982801289164,-0.00013175278789976288,5.758881574745429,0.0002784302954015335,-0.00016095915344704442,5.758469839830485
0.26,0.00033662470391704937,-0.00019346715892002686,5.7585328303322925,0.00037856044020947354,-0.000218945358712115,5.7580680750436635
0.28,0.00046737110913063526,-0.0002689566034785345,5.758076159312427,0.0005025751097926925,-0.000290837792003516,5.757570346350505
0.3,0.0006233116576252443,-0.00035919944017154254,5.75749670400026,0.0006536355840697117,-0.00037852038831050173,5.756963877351581
0.32,0.0008086604516408165,-0.00046559583878562675,5.756781880033552,0.0008349976340190056,-0.00048395333613690116,5.756235475437378
0.34,0.0010267973560750018,-0.0005903690072965352,5.755921529505969,0.0010499932287133878,-0.0006091679162519463,5.755371595951987
0.36,0.0012816439930573268,-0.0007352671087758198,5.754902286982202,0.0013020123681248645,-0.0007562621380767686,5.754358404687813
0.38,0.0015772402234843566,-0.00090289815680558,5.75371040262055,0.0015944850394443543,-0.000927397170235066,5.753181838756767
0.4,0.0019163606465918415,-0.0010954931557807716,5.752333922269729,0.0019308632992936778,-0.001124794552136521,5.751827665893578
0.42,0.002302789233187718,-0.0013147678364758952,5.7507563637868815,0.0023146034887785373,-0.0013507341637796167,5.750281542257618
0.44,0.002740338921330136,-0.0015638026221567356,5.748966858698284,0.002749148592778242,-0.0016075529214007631,5.748529068811081
0.46,0.003233069187734058,-0.0018452802906077715,5.746949515594991,0.0032379107591450876,-0.0018976441572822707,5.74655584636295
0.48,0.0037807925844986143,-0.0021600837636840974,5.7447262690848255,0.0037842539975516684,-0.002223457633086589,5.74434752937974
0.5,0.004388820233552407,-0.0025182630914841225,5.742260035899859,0.004391477081552464,-0.002587500127609839,5.741889878675015
0.52,0.005059831290127398,-0.0029186704971795123,5.739530670819654,0.005062796680994994,-0.0029923365319443414,5.73916881309984
0.54,0.005798343713794495,-0.0033653483972707256,5.7365188631935835,0.005801330755213162,-0.0034405913777952215,5.736170460364962
0.56,0.006606590913073026,-0.0038587088903063527,5.733213820702026,0.006610082240453692,-0.003934950718190197,5.732881207132318
0.58,0.007488146885866033,-0.004401993464577725,5.729604344590511,0.007491923067727776,-0.004478164274119826,5.729287748517774
0.6,0.008445644566864426,-0.004996841846359457,5.725683039487282,0.00844957854974579,-0.005073047755810507,5.725377137148275
0.62,0.00948151279341395,-0.005645164883668502,5.721442927415034,0.009485612177789175,-0.005722485263417351,5.721136831914321
0.64,0.010599084872454844,-0.006348571925920802,5.716873599317512,0.010602410871312935,-0.006429431668965936,5.71655474655225
0.66,0.01179948895811967,-0.0071094089064068075,5.711964305025895,0.011802170724760218,-0.0071969148794104746,5.711619298179744
0.68,0.013085873969716423,-0.007930482415813702,5.706700728718626,0.013086883297519515,-0.008028037879735444,5.706319455891642
0.7000000000000001,0.014460727179999246,-0.00881516874396058,5.70107272273175,0.014458322494173056,-0.00892598045512553,5.700644789501342
0.72,0.01592018897724011,-0.009783824026328854,5.695041197954335,0.01591803208317892,-0.009894000492377326,5.694585518484984
0.74,0.017468262361104832,-0.010828175581649668,5.688606906428943,0.017467313902901592,-0.0109354347629292,5.688132561151477
0.76,0.01910376523701954,-0.011953552904017728,5.6817719405338005,0.019107216804461338,-0.012053699093134307,5.681277584020561
0.78,0.020828286792606898,-0.013159098251629706,5.6745398329064365,0.020838526381200116,-0.013252287831696795,5.674013051343811
0.8,0.022642276339812153,-0.01444548217987154,5.66691073191616,0.02266175553466353,-0.01453477252949827,5.666332274649813
0.8200000000000001,0.024554559809827174,-0.01581473410337267,5.658856354143401,0.024577135926854708,-0.015904799753349456,5.658229462134976
0.84,0.026552978700060313,-0.017292384387022918,5.650344843947546,0.026584610368111144,-0.017366087962476896,5.64969976765639
0.86,0.028641986594396766,-0.01886622535798621,5.641394750658405,0.02868382618927676,-0.01892242338474582,5.640739339013426
0.88,0.030814933481540754,-0.020538395197291445,5.632024720921957,0.03087412964584909,-0.020577654838704468,5.631345365131911
0.9,0.033085465850371885,-0.022299795135842678,5.6222318802233335,0.03315456140046471,-0.022335687457435277,5.621516121689976
0.92,0.03545002109603762,-0.024180554372003046,5.61195164415106,0.03552385312839843,-0.024200475280875374,5.611251014650107
0.9400000000000001,0.037898583102122976,-0.026168856887469467,5.601231313115207,0.0379804252886689,-0.026176012694643515,5.600550621089744
0.96,0.04043068545896957,-0.028268579006092753,5.59009907119611,0.04052238610083039,-0.028266324705412006,5.58941672665542
0.98,0.04306165803811296,-0.03046944251789772,5.5785382705291635,0.04314753176454837,-0.030475456055410723,5.577852358905968
1.0,0.045761851031351705,-0.032806807402734145,5.566503515323319,0.04585334795557502,-0.03280745919165874,5.565861815761546
1.02,0.048541450900046045,-0.035267214952566274,5.554116787120822,0.04863701262773227,-0.03526638111887968,5.553450688240607
1.04,0.05139225048960376,-0.03785685684224039,5.541363697341192,0.05149540014593746,-0.03785624917868609,5.540625876649455
1.06,0.05432135820630513,-0.040599259954780156,5.5281242795176055,0.05442508677015864,-0.04058105581138291,5.527395599391857
1.08,0.05730243592426121,-0.04346447526413908,5.514512637248933,0.05742235750443654,-0.043444742370544506,5.51376939359217
1.1,0.06036654038357046,-0.04646351571191243,5.500496014646847,0.060483214318756,-0.04645118207422363,5.499758106776586
1.12,0.06348210169024039,-0.04962630467125971,5.486062731895657,0.06360338574458785,-0.04960416219013267,5.485373878935355
1.1400000000000001,0.06664818652331286,-0.052917925919237226,5.471323543906906,0.0667783378373582,-0.05290736556527174,5.470630114394632
1.16,0.0698856520689355,-0.05637005639271213,5.456181837265734,0.07000328649096199,-0.05636435162311011,5.455541443059714
1.18,0.07314487865265039,-0.059982113247707185,5.440749415565724,0.07327321108074772,-0.05997853696343488,5.44012367075037
1.2,0.07646547003070618,-0.06373705587229644,5.4250169274871665,0.07658286940219859,-0.06375317571121676,5.424393718531024
1.22,0.07980915573417059,-0.06767922809671544,5.408955425239267,0.07992681386288927,-0.0676913397711674,5.408369551139434
1.24,0.0831819512510476,-0.07176114600817766,5.3926987587366835,0.08329940887525658,-0.07179589915394208,5.392070094832343
1.26,0.0865901292331346,-0.07603843829373295,5.376105619709915,0.08669484938738029,-0.07606950254804096,5.37551514518868
1.28,0.08999291392549284,-0.08046555815338234,5.35937966009111,0.09010718047840816,-0.0805145583182643,5.358725265633174
1.3,0.09343394697552579,-0.08508572738234228,5.34234804965608,0.0935303179345817,-0.0851332161169494,5.341721677658046
1.32,0.09684469777494262,-0.08986932157331637,5.325215239090065,0.09695806971113723,-0.08992734929807004,5.324526143919611
1.34,0.10028860699685563,-0.09484164015802062,5.307829036414134,0.10038415817479109,-0.09489853832651411,5.307160845562612
1.36,0.10368715813970356,-0.09998546844738464,5.290367988587078,0.10380224301118852,-0.10004805537538926,5.289648255270627
1.3800000000000001,0.1071084111542567,-0.1053163133547497,5.272705546784242,0.10720594467174968,-0.10537685030298916,5.272011007650025
1.4000000000000001,0.11047299036138344,-0.1108185699661769,5.255006261782099,0.11058886822489616,-0.11088553819803558,5.254271768622878
1.42,0.11384773337234144,-0.11651123935241407,5.237148436569,0.11394462746784853,-0.11657438867698196,5.236453105528088
1.44,0.11715458435572727,-0.12236907491007265,5.219310427074974,0.11726686914715723,-0.12244331711051645,5.218577359608447
1.46,0.12045885739739853,-0.12842227149015178,5.201332716130646,0.12054929712902507,-0.1284918779479721,5.200666522495443
1.48,0.12368309405672259,-0.13463225500859122,5.183453505129388,0.12378569635438746,-0.13471926029818088,5.18274211819576
1.5,0.12686456222316717,-0.1410451530657936,5.165414295472402,0.1269699564087872,-0.14112428591348058,5.164825091938238
1.52,0.12995752445937228,-0.14759564134314868,5.147528581180027,0.13009609453338275,-0.1477054097101957,5.1469357070632045
1.54,0.1330225468720499,-0.15436829755187775,5.129579360975142,0.13315827790106993,-0.15446072294408641,5.129093450934675
1.56,0.13601710301706973,-0.1612675171776097,5.11186103753941,0.136150844980734,-0.16138795914314769,5.111316950637494
1.58,0.1389380889898234,-0.16838372597453274,5.09409789271464,0.13906832581313813,-0.16848450288291197,5.093623898994088
1.6,0.1417861108324743,-0.17562413833679577,5.07653981996031,0.14190546102391788,-0.17574740147124623,5.076030991206913
1.62,0.14453468891692497,-0.18306033806713043,5.059039734357767,0.1446572194025966,-0.18317337959075525,5.05855387221025
1.6400000000000001,0.1472102651495734,-0.19064167880749863,5.041690537654977,0.1473188138814425,-0.1907588569275111,5.041207094605331
1.6600000000000001,0.14977149439669332,-0.19837308998061534,5.024514690073858,0.14988571575430742,-0.1984999687951813,5.024004086861266
1.68,0.15225323258255855,-0.2062819735221722,5.007427780356769,0.1523536669832501,-0.20639258974393115,5.006957131295278
1.7,0.15462069441142662,-0.2142965572301959,4.990622436783283,0.15471869044964703,-0.21443236012399403,4.990077351202295
1.72,0.1568902304095667,-0.2225049423022617,4.973874771216102,0.15697709801652027,-0.22261471555477721,4.973374706387876
1.74,0.15905350024043685,-0.23080126194905268,4.957444232979353,0.15912549627979194,-0.2309349192320138,4.956857996270109
1.76,0.1610895113787177,-0.23927607345350693,4.941114585634015,0.16116078989795996,-0.2393880969880292,4.940534869655398
1.78,0.16302294859638045,-0.24784571860456733,4.92501022784151,0.16308018240205346,-0.2479692750038648,4.924411840258078
1.8,0.16484343770813256,-0.2565523429600773,4.9091654628912025,0.16488117440047334,-0.25667342005698207,4.908494307023008
1.82,0.1665410363298604,-0.26538452068601737,4.893400029277764,0.16656155910619652,-0.2654954821747125,4.892786578320554
1.84,0.1681067164351577,-0.2742979003715915,4.877950580310288,0.16811941512658113,-0.2744304395516981,4.8772918991121
1.86,0.1695415336425144,-0.2833675642536793,4.862586002955238,0.16955309646837324,-0.2834733455793367,4.862012480228152
1.8800000000000001,0.17085462003006638,-0.2924906729938504,4.847545574506937,0.1708612197222104,-0.29261937782682784,4.846949528957045
1.9000000000000001,0.17202899809180042,-0.30175064511500466,4.832664723689103,0.17204264840165562,-0.30186388880680237,4.832103280207356
1.92,0.17309112953527678,-0.3110941877576203,4.818044586498082,0.17309647442127968,-0.3112024583537526,4.817473027578364
1.94,0.17401325498897247,-0.3205101817607213,4.803666931518971,0.17402199670625315,-0.3206309474404428,4.803057153747914
1.96,0.17483580731618695,-0.33005391994137834,4.789445985860928,0.1748186969320065,-0.33014555325613426,4.788853159663459
1.98,0.17550997595508797,-0.3396213122939953,4.775489637035071,0.1754862123964949,-0.33974286537063614,4.774857692098007
2.0,0.1760441779182278,-0.34932565651139064,4.7616187085304,0.17602430602916727,-0.34941992280966955,4.761066569206664
2.02,0.17645967221973752,-0.35906530971909933,4.748058173208535,0.176432832670004,-0.3591742470943281,4.747474837930744
2.04,0.17672889048322585,-0.3689025172508577,4.734635148864839,0.17671169893766545,-0.3690036203218331,4.734077168989122
2.06,0.17688378230143487,-0.3788130768268852,4.721417247033935,0.17686084210514783,-0.3789058315143772,4.720868244205323
2.08,0.1769222969313252,-0.3887779492708752,4.708461790500709,0.17688022862481542,-0.38887865331028704,4.70784279808342
2.1,0.1768101045615273,-0.3988396736916367,4.695521360710818,0.17676985413594606,-0.39891984246503853,4.69499562406761
2.12,0.17657315156578843,-0.4089243573751911,4.682896946257612,0.1765297434657124,-0.409027140355841,4.68232157988431
2.14,0.17619421751749967,-0.41912078217217996,4.670328447155335,0.17615995062359727,-0.41919827348968364,4.669815592045069
2.16,0.1756972837145494,-0.42934158730304106,4.658018164424755,0.17566055878924455,-0.4294309540147251,4.657472659583991
2.18,0.17508180464370107,-0.43964309371335336,4.645850153876557,0.17503168029375002,-0.4397228802349127,4.645287857098963
2.2,0.17432211671012554,-0.4500004781808805,4.633765317130655,0.17427345659439328,-0.4500717371277171,4.633256337161408
2.22,0.1734339356493945,-0.4603850525823282,4.62191825393974,0.17338605824281922,-0.4604751968648628,4.621373332154864
2.24,0.1724085672488913,-0.4708714159345868,4.610114404132804,0.17236968484667486,-0.470930919335941,4.609634155598389
2.2600000000000002,0.171277428167027,-0.48135059691069904,4.598581181148496,0.17122456502471053,-0.48143655267478347,4.598034203006635
2.2800000000000002,0.1700018677361287,-0.4919279064108378,4.587067772196742,0.16995095635535531,-0.49198973378848143,4.586568952334368
2.3000000000000003,0.1686070545301957,-0.5025200373529927,4.575742514762997,0.16854914531877813,-0.5025880888889303,4.575233964049485
2.32,0.1670673370811907,-0.5131545433567234,4.564526162642164,0.16701944723244846,-0.5132292340267787,4.564024880874896
2.34,0.16541194210039606,-0.5238549826001443,4.553402494375611,0.16536220618021008,-0.5239107756276653,4.552937427236236
2.36,0.16364034306274577,-0.5345588778040367,4.5425046458712215,0.16357779493488422,-0.5346303110306179,4.5419674084491675
2.38,0.16172002621692996,-0.545337762293414,4.531551972785696,0.16166661487441955,-0.5453854290284985,4.531110709677041
2.4,0.15968204399353308,-0.5561052234567715,4.520861326803994,0.15962909589160829,-0.5561737104103703,4.520363294686823
2.42,0.15752062959729263,-0.5669392818770949,4.510186690888576,0.15746569629738721,-0.5669927285056646,4.509721204428657
2.44,0.15523626317599973,-0.5777906742224804,4.499652861287185,0.15517690271774784,-0.577840049730026,4.499180555461937
2.46,0.15282549850296018,-0.5886515200324014,4.489221466493064,0.15276322998427655,-0.5887132341327121,4.488737538248571
2.48,0.15027235764494493,-0.5995701969247418,4.478814816868307,0.15022522101835042,-0.5996098359454263,4.478388415332026
2.5,0.14763322479213375,-0.6104680533635434,4.468635733499766,0.1475634467090151,-0.6105274041324584,4.468129519418849
2.52,0.1448350352753787,-0.6214249685151846,4.458381805304322,0.14477850578457102,-0.6214634829420105,4.457957251377575
2.54,0.14193203141615018,-0.6323665110016534,4.448333340312093,0.14187102467789814,-0.6324156124585829,4.447868078168384
2.56,0.13889781967981732,-0.6433330893469443,4.438313085996417,0.13884165738554907,-0.6433813291562979,4.437858530715323
2.58,0.13575300183591532,-0.6543284003786792,4.428363096691061,0.13569108532064145,-0.654358166453034,4.427925201731622
2.6,0.1324855040044675,-0.6652909318688649,4.418538461399597,0.13242001715958374,-0.6653436552652492,4.418064743507382
2.62,0.12907608558869757,-0.6763083042848522,4.408674296803443,0.12902918868266894,-0.6763353245633663,4.40827386566777
2.64,0.1255887106037382,-0.6872874621967509,4.399026173314195,0.12551936260857072,-0.6873307019275955,4.398549332908889
2.66,0.1219473092269237,-0.6982943872079272,4.389301747228999,0.12189132842278128,-0.69832731410407,4.388887962717504
2.68,0.11820104473939656,-0.7092914907173151,4.3797092978859675,0.11814590220002746,-0.7093226875611697,4.379286623080024
2.7,0.11434501003450673,-0.7202719191673759,4.370191571180055,0.11428392642070623,-0.720314349045907,4.369742230185309
2.72,0.1103593497861411,-0.7312816950825166,4.360641745119102,0.11030626978138086,-0.7312998261402495,4.360251746125273
2.74,0.10627710341746333,-0.7422353300043517,4.35126241892577,0.10621382699938015,-0.7422766478172554,4.350812176596523
2.7600000000000002,0.10205433815118475,-0.7532192585525413,4.341802846584309,0.10200751861154422,-0.7532423449968962,4.341420568605809
2.7800000000000002,0.09775076105180135,-0.7641694382102855,4.332505182384058,0.09768829076716279,-0.7641944511014415,4.332074008181493
2.8000000000000003,0.09331579953542932,-0.7751004958579929,4.323179066574773,0.09325711501515266,-0.7751305026102788,4.322769618092814
2.82,0.08875855060825161,-0.7860306100196887,4.313878247675747,0.0887149880855213,-0.7860480396140498,4.313504555578301
2.84,0.08413009922241499,-0.7969163815524861,4.304719764505018,0.08406293166516648,-0.7969446063679708,4.304276010084335
2.86,0.07934964007909688,-0.8078056959365244,4.295432866058628,0.07930199216806294,-0.8078177518442177,4.29508120101454
2.88,0.07448423896616357,-0.8186375717779949,4.28632933950772,0.07443324049988592,-0.8186650302832493,4.285917375490344
2.9,0.06951694893528368,-0.8294709750189627,4.277173643760544,0.06945777181712603,-0.8294840017439482,4.276781806122843
2.92,0.06442322899361574,-0.8402582786153853,4.268031784415053,0.0643767052807499,-0.8402722326524478,4.2676717887958535
2.94,0.0592456585894918,-0.851002144707711,4.258995172898156,0.059191183804460146,-0.851027296349533,4.258584640459807
2.96,0.05395031673937178,-0.8617469531285498,4.249861695531658,0.053902373797614145,-0.861746773636481,4.249517696936002
2.98,0.0485649192273015,-0.8724043752236578,4.24086441432195,0.04851146490285563,-0.8724282533192266,4.240468310730538
3.0,0.04306534413051294,-0.8830633501422114,4.23179033041581,0.04301966972852239,-0.8830693327507252,4.231433848857141
3.02,0.03747558746166525,-0.8936597160837728,4.222774108606961,0.03742822357588693,-0.8936676183713946,4.22241169066796
3.04,0.03179130867346864,-0.9042029390893778,4.213784552472431,0.031738384161293154,-0.9042207262475124,4.213399225691323
3.06,0.025988543179090495,-0.9147314450586278,4.204722578600171,0.025951431333250674,-0.9147262826074474,4.2043938514753485
3.08,0.02012144273321554,-0.9251622614948037,4.195785907646896,0.02006866678455116,-0.9251819243756065,4.195392971436249
3.1,0.014132772497198316,-0.9355865481822601,4.186728235316608,0.01409141375947126,-0.9355852997039744,4.186393992710115
3.12,0.008063073372527771,-0.9459288305769575,4.177760102277483,0.008021016756127541,-0.9459340685011287,4.177394324006925
3.14,0.0019058120238127634,-0.9562125134520734,4.168758444835867,0.0018588412240505559,-0.9562259029586098,4.168391373465492
3.16,-0.004357760602800204,-0.9664666974277304,4.159708053907349,-0.004393726742953519,-0.966458488074529,4.159382546508069
3.18,-0.010687133401467635,-0.9766168782687664,4.15075773792552,-0.010735280718585039,-0.9766295221742948,4.150365243693332
3.2,-0.017130225458153406,-0.9867391457659311,4.1416520008480795,-0.01716439426040628,-0.9867367174283419,4.141336858566464
3.22,-0.0236366947697045,-0.9967768636894009,4.132667757448312,-0.023679621230699277,-0.996777800366746,4.1322947755051125
3.24,-0.030236588892729576,-1.0067481678493577,4.123596265810426,-0.030279496121754956,-1.006750512390609,4.123236367560017
3.2600000000000002,-0.0369338271358529,-1.016655786793429,4.114473975387049,-0.03696253438551683,-1.016652610280098,4.114158994289199
3.2800000000000002,-0.04367810244664759,-1.0264798355330873,4.1054581499743374,-0.04372723276751017,-1.0264818666990256,4.105059999584622
3.3000000000000003,-0.05054087568582108,-1.0362499185011285,4.096245497057116,-0.050572069644976625,-1.0362360706958587,4.0959367094904
3.3200000000000003,-0.05745978816175455,-1.0459059556758,4.087147955128451,-0.057495505369142996,-1.0459130282010394,4.086786430011661
3.34,-0.0644535732074437,-1.0555254226945936,4.077964995908218,-0.06449598261154194,-1.05551056252051,4.077606444913357
3.36,-0.0715421623897925,-1.065037714238527,4.068710147998657,-0.07157192671431223,-1.0650265148253308,4.068394013508438
3.38,-0.0786823836017323,-1.0744540689062876,4.059520013731783,-0.07872174604439447,-1.0744587446372755,4.059146368434969
3.4,-0.08591438031810354,-1.0838339389563012,4.050176603341382,-0.08594383235154673,-1.0838051303103033,4.04986071342198
3.42,-0.09319657041325945,-1.093062573394598,4.040896932264257,-0.09323656113009787,-1.0930635695077922,4.040534221044051
3.44,-0.10057099483134486,-1.1022465991995585,4.031488465814447,-0.10059829198435716,-1.1022319796754299,4.03116403046486
3.46,-0.10799586136322024,-1.1113279060705428,4.022086376752011,-0.10802736899759707,-1.1113082985096554,4.021747245170252
3.48,-0.11548177704610159,-1.1202948250661275,4.012637716758386,-0.11552212110452914,-1.1202904844215433,4.012280930691622
3.5,-0.12306369090839728,-1.1292033211479038,4.003060075162924,-0.1230808624671858,-1.1291765169960322,4.002762112320846
3.52,-0.13066163709094952,-1.1379679023746532,3.9935647569818857,-0.13070189285412565,-1.1379643974463862,3.99318777281828
3.54,-0.13835810926634742,-1.146678548903842,3.9838605819642363,-0.13838349802287708,-1.1466521490637964,3.9835548501158864
3.56,-0.14609664186817764,-1.155253853968671,3.9742096246410594,-0.14612395010553203,-1.1552378176620104,3.9738602350179413
3.58,-0.1538902272928807,-1.163728076792597,3.9644451972940256,-0.15392150799740517,-1.1637194720169006,3.9641007689023606
3.6,-0.16175454978670625,-1.1721288054637655,3.954588189191894,-0.1617744177486713,-1.172095204300865,3.95427324142627
3.62,-0.16964259497432063,-1.1803710348901588,3.944752860101747,-0.16968091295889132,-1.1803631305119662,3.9443743882400875
3.64,-0.17762663246566895,-1.188547755991713,3.9346913461776274,-0.1776392151743384,-1.1885213908977108,3.9344008887151247
3.66,-0.18561362493335537,-1.1965847238142004,3.924724753942961,-0.18564753428803632,-1.1965681503733743,3.9243493636905167
3.68,-0.19367592805273293,-1.2045249692239663,3.914546447534797,-0.19370406894241826,-1.204501598934776,3.914216373246178
3.7,-0.20179066273642837,-1.2123454857776608,3.90431867756236,-0.2018070069345173,-1.2123199520654173,3.9039984145094375
3.72,-0.20992137057884197,-1.220030269846698,3.8940665263409824,-0.20995452562359457,-1.2200214511378786,3.893691919504112
3.74,-0.2181310562138121,-1.2276467179882362,3.883600779924401,-0.21814479234111728,-1.2276043638094007,3.8832932530519204
3.7600000000000002,-0.22634020986320413,-1.2350811320389876,3.8731793035844433,-0.2263759648029917,-1.235066984411551,3.8727987107374573
3.7800000000000002,-0.23463213187948173,-1.242439197251267,3.8625115113309696,-0.23464619152395733,-1.2424076343338863,3.8622045169493413
3.8000000000000003,-0.24292979707150403,-1.2496469579576,3.851855738404913,-0.24295361223405365,-1.2496246624015357,3.851506823011702
3.8200000000000003,-0.25126591213297056,-1.2567488341581508,3.8410739483689094,-0.2512963582970615,-1.2567164452466075,3.840701705421861
3.84,-0.2596606613054064,-1.2637205316470796,3.8300905407751507,-0.2596725531308238,-1.263681387673342,3.829785164211887
3.86,-0.26804992825970525,-1.2705340826903746,3.8191414988617103,-0.26808031262936044,-1.2705179230169295,3.8187531214536916
3.88,-0.27650603136016333,-1.2772677421877816,3.807896348228615,-0.2765177455866664,-1.2772245134959088,3.8076014199295236
3.9,-0.284954613398724,-1.2838291595273628,3.7967194151945463,-0.2849829541221153,-1.2837996505580687,3.7963258219920126
3.92,-0.29345388802933153,-1.2902845730279828,3.7852536517228725,-0.2934740341073579,-1.2902418552197754,3.784922008640476
3.94,-0.30197843525150114,-1.2965797388847589,3.7737159790007366,-0.301989075594631,-1.2965496783986505,3.773385578842893
3.96,-0.31049615047022466,-1.3027487102654112,3.762095341578559,-0.3105261632463723,-1.3027217012395198,3.7617120491358804
3.98,-0.3190793887290737,-1.308813136056553,3.7502279747623457,-0.3190833767660469,-1.3087565354335646,3.7498968535381056
4.0,-0.3276235160250965,-1.3146831867160014,3.738339977276785,-0.32765879133009296,-1.3146528235306025,3.7379353438159018
4.0200000000000005,-0.33624513146601287,-1.3204589825822948,3.726125866457006,-0.33625047802088276,-1.320409239244428,3.72582279014338
4.04,-0.3448429048808125,-1.32605262393011,3.713954659893777,-0.34485650426060266,-1.3260244877511376,3.713554382203053
4.0600000000000005,-0.3534539376749805,-1.331544007707492,3.7014784760405153,-0.3534749342459646,-1.3314973059803874,3.7011252307768854
4.08,-0.36209454253582096,-1.3368770667975518,3.688884196982648,-0.3621038293836316,-1.336826462899499,3.6885303698818257
4.1,-0.3707156121299067,-1.3420564808037332,3.676186516111491,-0.3707412487262806,-1.342010759790363,3.67576475950806
4.12,-0.3793868808271344,-1.3471009622225516,3.663124508048486,-0.37938524940918994,-1.3470490305190768,3.6628232890226733
4.14,-0.38801482957184336,-1.35196877723811,3.6501325915654603,-0.38803388708725745,-1.3519401417982448,3.649700781305833
4.16,-0.3966823358369939,-1.3567385892417598,3.636728621545695,-0.3966852163723575,-1.3566829934419005,3.636391997691143
4.18,-0.4053204601029796,-1.3613242786314055,3.6233068493883107,-0.4053372912709226,-1.3612765186129738,3.6228916437863465
4.2,-0.4139746246038545,-1.3657775321498697,3.6095908510042487,-0.4139881656216729,-1.3657196840632635,3.609194376254923
4.22,-0.42263574556744804,-1.370060944330722,3.5956349425951846,-0.4226358935333727,-1.3700114903658491,3.595294810643451
4.24,-0.4312582859937391,-1.3741897082735473,3.5816130754767572,-0.4312785298225344,-1.3741509721399006,3.5811875303435046
4.26,-0.4399324452259283,-1.3781892047400575,3.5672059589437692,-0.4399141304509573,-1.3781371982678245,3.566867096780471
4.28,-0.4485137449515015,-1.3820025582972448,3.5527596522803155,-0.4485407529630139,-1.3819692721047079,3.5523280609246624
4.3,-0.4571603623358448,-1.385722613192502,3.5379557863631366,-0.45715645692257495,-1.3856463316800045,3.5375649762224164
4.32,-0.46575046620901234,-1.3892254616144424,3.5230019058026114,-0.4657593043494863,-1.3891675498914227,3.5225724130462277
4.34,-0.4743300004162234,-1.39260419849425,3.5077511707396676,-0.4743473601554856,-1.3925321346909711,3.507344974763244
4.36,-0.48292864843022526,-1.3958014587960308,3.492242624171941,-0.48291869257947795,-1.3957393292631182,3.491877315520259
4.38,-0.4914510405804834,-1.398839459675002,3.476608809528161,-0.4914713736220536,-1.398788412195027,3.476164159840598
4.4,-0.5000197224123639,-1.4017389315661386,3.460544662029566,-0.5000034794791673,-1.4016786976388271,3.4602003241234827
4.42,-0.5085086053064657,-1.4044428595203704,3.444459576769024,-0.5085130909748683,-1.4044095354658859,3.4439807401294376
4.44,-0.5169976899908778,-1.407035400815146,3.4278861422639006,-0.5169982939929936,-1.4069803114130464,3.4275004805255964
4.46,-0.5254598738195957,-1.40942441981712,3.4111825038153505,-0.5254571799077193,-1.4093904472207957,3.4107547865521206
4.48,-0.5338820575474401,-1.4117158710555304,3.394249753701565,-0.5338878460128818,-1.4116394007633388,3.393739097854844
4.5,-0.5423050633881369,-1.4138031430399436,3.376865646757851,-0.5422883959499597,-1.4137266661705388,3.3764490845095425
4.5200000000000005,-0.5506448427457203,-1.4157252556818312,3.3594025510908105,-0.5506569401346387,-1.4156517739417076,3.3588806812392833
4.54,-0.5590076678159807,-1.4175065406071015,3.341451011169714,-0.5589915961818411,-1.4174142910512126,3.341030123798123
4.5600000000000005,-0.5672901902340239,-1.4190833907030773,3.323358006818377,-0.5672904893291458,-1.4190138210458805,3.322893987461375
4.58,-0.5755536524246248,-1.4205371403240477,3.304927230877939,-0.5755517528584866,-1.420450004134171,3.304469227524923
4.6000000000000005,-0.5837941933034291,-1.4217967122247044,3.2861529183376588,-0.5837735285160458,-1.421722517267111,3.28575322167317
4.62,-0.5919470395296641,-1.4229021610034427,3.267226851792482,-0.5919539669302407,-1.4228310742109564,3.2667438140275276
4.64,-0.6001161425979818,-1.4238574132041057,3.2478281928632855,-0.6000912280277141,-1.4237754256115782,3.2474393606347656
4.66,-0.6081888101452414,-1.4246146001936963,3.228298048588169,-0.6081834814472336,-1.4245553590505502,3.2278387760976983
4.68,-0.6162400323825379,-1.4252495219481551,3.208376892250801,-0.6162289069514024,-1.4251706990929305,3.207941580989974
4.7,-0.6242516519773166,-1.425682140595311,3.1881517030887787,-0.6242256948360996,-1.4256213073267219,3.1877479496331387
4.72,-0.6321783491097722,-1.4259665686112097,3.167752800245155,-0.6321720463375435,-1.4259070823940059,3.1672587577487854
4.74,-0.6401114629507164,-1.4260927342304717,3.1469241006452267,-0.6400661740369022,-1.4260279600137433,3.1464756294328295
4.76,-0.6479389555641523,-1.4260274726925222,3.1259117663708835,-0.6479063022623439,-1.4259839129962315,3.1254009828346647
4.78,-0.6557236381373813,-1.4258450471164996,3.1045378322547097,-0.6556906674884528,-1.4257749512492208,3.104038073863001
4.8,-0.6634665959253092,-1.4254519810542088,3.08284574424417,-0.6634175187329052,-1.4254011217756863,3.0823910371851375
4.82,-0.6711111914514893,-1.4249165223436617,3.0609839487022534,-0.6710851179503324,-1.4248625086632554,3.060464923739533
4.84,-0.6787358366150145,-1.4242311397058363,3.0387179203675325,-0.6786917404232653,-1.4241592330652926,3.0382657339459307
4.86,-0.686276996821738,-1.4233397861595845,3.0162673879863977,-0.6862356751500878,-1.423291453173648,3.0158004457753744
4.88,-0.6937470237631144,-1.4223316453439827,2.993572635237478,-0.6937152252299007,-1.4222593641830754,2.993077036837399
4.9,-0.7011801463178778,-1.4211348268143484,2.9705369838786377,-0.7011287082442168,-1.4210631982473243,2.9701044996558403
4.92,-0.7085149447490179,-1.419765715696832,2.94738686786579,-0.7084744566353953,-1.419703224426922,2.9468928493405886
4.94,-0.715800583284726,-1.4182751946542937,2.9239379329358397,-0.715750818081738,-1.4181797486286503,2.923453122921895
4.96,-0.7230220585167508,-1.4165776523587252,2.9002705482704294,-0.7229561558691511,-1.4164931135367378,2.899797369697875
4.98,-0.7301314823503222,-1.4147360277163867,2.876466569963665,-0.7300888492593063,-1.4146436985357773,2.875938632054751
5.0,-0.7372024763893292,-1.412746809877744,2.852384427987343,-0.7371472938541979,-1.4126319196253885,2.8518909163529043
5.0200000000000005,-0.7441760004397187,-1.41054128373412,2.828164090027324,-0.7441299019570324,-1.4104582293266448,2.8276691536278364
5.04,-0.7510680224775034,-1.4082153242193922,2.8038334992388356,-0.7510351029293572,-1.4081231165802857,2.8032891500313735
5.0600000000000005,-0.757911805408479,-1.4056783639701658,2.7793367689436783,-0.7578613435443535,-1.4056271066367352,2.7787675271305368
5.08,-0.7646422790792309,-1.4029983677804474,2.7546926663988964,-0.7646070883362127,-1.4029707609379563,2.754121652384807
5.1000000000000005,-0.7713020936160287,-1.4002020539190771,2.7299397998482733,-0.7712708199455177,-1.4001546769911604,2.7293695603308668
5.12,-0.777897544026788,-1.3972180283759328,2.7050717295571802,-0.7778510394605505,-1.397179488234408,2.7045298652109593
5.14,-0.7843831912909737,-1.3940786992674243,2.6801631935683328,-0.784346266754453,-1.3940458638941247,2.6796216659794543
5.16,-0.790801461882598,-1.3908198017877171,2.6552011693009128,-0.7907550408181585,-1.3907545088345696,2.654664444805223
5.18,-0.7971408423264964,-1.3873614087043225,2.630201420022331,-0.7970759200890256,-1.3873061633992854,2.6296779603478035
5.2,-0.8033649841189279,-1.3837663107018598,2.6052359028432637,-0.803307482775098,-1.3837016032445675,2.6046821372171256
5.22,-0.8095065091862819,-1.3800327638083965,2.5802208007122704,-0.809448327174915,-1.379941639164994,2.5796969531242855
5.24,-0.8155470973684131,-1.3760933029158768,2.5552440156805636,-0.815497071992806,-1.3760271169110452,2.554742325290589
5.26,-0.8214888069385653,-1.372022438192199,2.5303790882250317,-0.8214523566495908,-1.3719589169988677,2.529837997701429
5.28,-0.8273501990645779,-1.3677748144329318,2.505573339931616,-0.8273128415886262,-1.3677379545122126,2.5050034307695035
5.3,-0.8331041404579569,-1.3633764037948224,2.480808494249928,-0.8330772085771164,-1.3633651788966006,2.4802576949096795
5.32,-0.8387652856572213,-1.3588687328339961,2.4561679856527165,-0.8387441610026338,-1.3588415737457589,2.4556193694276094
5.34,-0.8443488871763232,-1.3542004608991396,2.4316334483356217,-0.8443124241647713,-1.3541681565803743,2.4311064479905067
5.36,-0.8498123971826145,-1.349360580221334,2.407243264083708,-0.8497807455618693,-1.3493459786192175,2.406736251786328
5.38,-0.8551872265245429,-1.3444211968394522,2.383037148355924,-0.8551478951727479,-1.344376124542686,2.3825253512934705
5.4,-0.8604717592942213,-1.3393023613174733,2.358984216652741,-0.860412665733383,-1.3392597122488195,2.3584894973837742
5.42,-0.8656334298339272,-1.3340309798306502,2.335160746157813,-0.8655738730084617,-1.333997892601848,2.3346435622743704
5.44,-0.8706890625917101,-1.3286655497030537,2.311479815658077,-0.8706303560577615,-1.3285918491733166,2.3110014906355665
5.46,-0.8756465927742435,-1.3231013639705669,2.288048944935719,-0.8755809774972853,-1.323042797975862,2.28757626095937
5.48,-0.8804750054305434,-1.3174104228334231,2.264861537780059,-0.880424623755101,-1.3173519871896848,2.264379857101882
5.5,-0.8852187225934265,-1.3116004924777993,2.241868302274624,-0.8851602053218229,-1.3115206968817916,2.2414232497379465
5.5200000000000005,-0.8898259990413683,-1.3055949416805348,2.219165788150272,-0.889786656995682,-1.3055502387180593,2.2187163873116282
5.54,-0.8943313587507626,-1.2995003785570283,2.196717227026862,-0.8943029381221275,-1.2994419556681973,2.196268195934286
5.5600000000000005,-0.8987287402648682,-1.293239627139935,2.174544011121722,-0.8987080328279076,-1.2931972217036638,2.174086587574595
5.58,-0.9029871295661752,-1.2868161022383704,2.152670434308189,-0.9030009502495752,-1.2868174414886115,2.1521784758025735
5.6000000000000005,-0.907171748971058,-1.2803218682533801,2.1310495929825928,-0.9071807247563697,-1.2803040500639264,2.130549798291851
5.62,-0.9112250221294037,-1.2736543984641757,2.1096888130522826,-0.9112464161674204,-1.2736585125244388,2.1092055452501293
5.64,-0.915159698065697,-1.2668736122064248,2.088641525417517,-0.9151971099632279,-1.2668823236893687,2.088149792934813
5.66,-0.9190109153683058,-1.2599859487416576,2.067862423959665,-0.9190319174913723,-1.259977007766088,2.0673857414171684
5.68,-0.9226733094478118,-1.2529302909177051,2.0473299862877954,-0.9227499761664018,-1.2529441180072722,2.046915755781135
5.7,-0.9262841454305595,-1.2458158445847578,2.027096447081872,-0.9263504496638605,-1.2457852363615167,2.026741409979434
5.72,-0.929748886581887,-1.2385260178886506,2.007203981474719,-0.9298325281084066,-1.2385019731175047,2.00686353261708
5.74,-0.9331083332805493,-1.2311135544372804,1.987619658322248,-0.933195428255983,-1.2310959665417873,1.9872822539879014
5.76,-0.9363651346469979,-1.2236071140549458,1.9683566313463785,-0.9364383936699966,-1.2235688825102877,1.9679970537509541
5.78,-0.939463677209095,-1.2159324472172515,1.9493607006250213,-0.9395606948914682,-1.2159224141335796,1.9490068086981094
5.8,-0.9424756046429453,-1.208186203510229,1.9306798952991306,-0.9425616296031134,-1.2081582813760496,1.9303098401299248
5.82,-0.9453458658987164,-1.2002970092498282,1.912299771788966,-0.9454405227873199,-1.2002782306690136,1.9119039604221653
5.84,-0.9480920031689458,-1.192304945343484,1.894138101701008,-0.9481967268779814,-1.1922840345178838,1.8937865184288183
5.86,-0.9507415998734242,-1.1842248693701172,1.8763252305210683,-0.9508296219061609,-1.184177491103466,1.8759544434278637
5.88,-0.9532369267894469,-1.175984211027804,1.8587609028902135,-0.9533386156395413,-1.1759604238774886,1.858404287372736
5.9,-0.9556603907531689,-1.16768233512924,1.8415096354614995,-0.9557231437156415,-1.167634681152438,1.841132265264573
5.92,-0.9579253099138129,-1.1592474793715295,1.8245150390265872,-0.9579826697687607,-1.159202135685812,1.8241342935078517
5.94,-0.960068433784352,-1.15069555094875,1.807778267909623,-0.9601166855506267,-1.150664684258865,1.8074060261544307
5.96,-0.962089154001412,-1.1420843109842813,1.7913170872145665,-0.962124711044719,-1.1420242472499582,1.7909428889785848
5.98,-0.9639510939688827,-1.133314801015288,1.7750582371324926,-0.9640062945742419,-1.1332827682025943,1.7747401113582122
6.0,-0.9657261110347631,-1.1244953061852845,1.7591479151623872,-0.9657610129037221,-1.1244422133882468,1.758792755965417
6.0200000000000005,-0.9673372622110633,-1.1155460673706106,1.7434250646545744,-0.9673884713342104,-1.1155045713640754,1.7430957462932208
6.04,-0.9688343786777821,-1.1065083078158906,1.727970755549779,-0.9688883037920629,-1.1064718525256276,1.7276438920647177
6.0600000000000005,-0.9702201138176316,-1.097409046532004,1.7127813399646055,-0.9702601729112847,-1.0973460886546285,1.7124319125867706
6.08,-0.9714479940732943,-1.0881667248856561,1.6977559837223783,-0.9715037701094151,-1.0881293324619616,1.697454458122859
6.1000000000000005,-0.9726093148399886,-1.078885470790549,1.683084406455048,-0.972618815656939,-1.078823657125939,1.6827061293691405
6.12,-0.9735775535536908,-1.0694723142578115,1.6685051098508457,-0.9736050587402079,-1.0694311558259717,1.6681814951247331
6.140000000000001,-0.9744481332978951,-1.0600054724895676,1.6541994348555653,-0.9744622775178571,-1.0599539412717358,1.653875108251799
6.16,-0.975172523361762,-1.0504479510465594,1.6401223742384832,-0.9751902791707059,-1.0503941452279513,1.6397815200237384
6.18,-0.9757580896486916,-1.0407882285788448,1.6261939664501608,-0.9757888999451292,-1.04075391803487,1.6258952929608044
6.2,-0.9762478880473386,-1.031107808669821,1.6125452974753336,-0.9762580051898916,-1.0310354281245864,1.6122110122521547
6.22,-0.9765812632508012,-1.0212759649634127,1.5990217113557448,-0.9765974893864355,-1.021240861533283,1.5987232958618982
6.24,-0.9768138256340264,-1.0114333348400117,1.5857587392406145,-0.9768072761726159,-1.0113724214095097,1.5854268034143322
6.26,-0.9768852261610783,-1.0014782510720996,1.572620758781217,-0.9768873183598766,-1.001432327518617,1.5723162439505365
6.28,-0.9768323506654046,-0.9914647602945847,1.5596800002824078,-0.9768375979438653,-0.9914228157434524,1.5593863826448653
6.3,-0.9766562451040287,-0.9814101096956361,1.5469569187246455,-0.9766581261084828,-0.9813461375814305,1.5466320465659096
6.32,-0.976345940950536,-0.971240232889358,1.5343176336820026,-0.9763489432233681,-0.971204559638088,1.5340481295622124
6.34,-0.9759350160056587,-0.9610632122824079,1.5219763662135015,-0.9759101188348165,-0.9610003631172482,1.5216295963486233
6.36,-0.9753468994432314,-0.9507689601939062,1.5096464403937218,-0.9753417516501375,-0.9507358433078898,1.5093714858646219
6.38,-0.9746577938217867,-0.9404668167563054,1.4975776682382382,-0.9746439695154516,-0.9404133090678617,1.4972689139714748
6.4,-0.9738264308968808,-0.9300871608302281,1.485609371939202,-0.9738169293869328,-0.9300350823045298,1.4853170755505687
6.42,-0.9728786778982375,-0.9196383248584855,1.473797446671303,-0.9728608172955037,-0.9196034974525074,1.4735112460609394
6.44,-0.9718052426440027,-0.9091808598332676,1.4621645104648782,-0.9717758483049903,-0.909120900948546,1.4618467826097188
6.46,-0.97057694784547,-0.8986150772443464,1.4505668973741637,-0.9705622664637472,-0.8985896507037474,1.4503191245852045
6.48,-0.9692435118938658,-0.8880698374953367,1.4392535401330087,-0.9692203447497615,-0.8880121155731773,1.4389237938982875
6.5,-0.9677686087146792,-0.877425529945048,1.4279076372267752,-0.9677503850092508,-0.8773906748230316,1.4276563948743153
6.5200000000000005,-0.9661899867993168,-0.866770349062671,1.4168092211575611,-0.9661527178887668,-0.8667277175954499,1.4165126138339148
6.54,-0.9644533528660746,-0.8560640843855991,1.4057981389596366,-0.9644277027608219,-0.8560256423711141,1.4054882183980186
6.5600000000000005,-0.962596463899051,-0.8453186280687651,1.3948157103127223,-0.9625757276430518,-0.8452868564297418,1.394579056549222
6.58,-0.9606330105483806,-0.8345683351612018,1.384099083287529,-0.9605972091109385,-0.8345137753086072,1.3837810554787038
6.6000000000000005,-0.9585196674870101,-0.8237268471918342,1.373331000575013,-0.9584925922041059,-0.8237088222591951,1.3730902202452309
6.62,-0.9563000907991767,-0.8129223652280315,1.362805774681298,-0.9562623503262156,-0.8128744277021294,1.362502632270275
6.640000000000001,-0.9539288494379272,-0.8020471552147231,1.3522657460194698,-0.9539069851384807,-0.8020130286804827,1.3520144476909195
6.66,-0.9514666793596697,-0.7911566909363124,1.3418999957813913,-0.951427026446825,-0.7911270683115978,1.3416218955901082
6.68,-0.9488643230520528,-0.7802628288275729,1.331609487011014,-0.9488230320827094,-0.7802189952375427,1.3313212761217847
6.7,-0.9461203940233024,-0.7693083451481545,1.3213433255392233,-0.9460955877776566,-0.7692912630743237,1.3211089585466682
6.72,-0.9432903201653288,-0.7583969904895673,1.3112897994763753,-0.9432453070315001,-0.7583463298599833,1.3109813791927214
6.74,-0.9403060101310069,-0.7474007247644996,1.3011728167658576,-0.9402728309743837,-0.7473866575016915,1.3009350393528236
6.76,-0.9372209822715962,-0.7364525160027501,1.2912524783836137,-0.9371788282225506,-0.7364147112219829,1.2909665031307975
6.78,-0.9339966625445522,-0.7254644264952278,1.2813352729196472,-0.9339639947279462,-0.7254329590042332,1.2810723952455945
6.8,-0.9306683714374733,-0.7144628268065782,1.271502294023805,-0.9306290536216741,-0.7144438710375265,1.271249398802335
6.82,-0.9272248529316467,-0.7034904146345217,1.2617892171955816,-0.927174755051339,-0.7034499191610191,1.2614942530377835
6.84,-0.9236283989044093,-0.6924617490352855,1.2520332553007485,-0.9236018760123097,-0.6924535763079348,1.251803751046904
6.86,-0.919962413786398,-0.6814993779482064,1.242468137850471,-0.9199112201729468,-0.6814573159493122,1.2421747374962433
6.88,-0.916143305898964,-0.6704767723902992,1.232846146447499,-0.9161036176938282,-0.6704636115376359,1.2326041063291013
6.9,-0.912219551107401,-0.6594951996281723,1.2233584141622496,-0.9121799250410156,-0.6594749359504646,1.2230887984667131
6.92,-0.9081862922566613,-0.6485282471851656,1.2138922419004656,-0.9081410247934065,-0.6484937609341963,1.2136257995090325
6.94,-0.9040250375574362,-0.6375257655272167,1.2044447997046293,-0.9039878254442082,-0.6375225565480805,1.2042121374380947
6.96,-0.8997719533696164,-0.6265973485079529,1.1951435327046533,-0.8997212611965881,-0.6265637906086174,1.1948448803264253
6.98,-0.895373377787664,-0.6156313927053176,1.1857270482220663,-0.8953422917535343,-0.6156199281344525,1.1855211340524625
7.0,-0.8909012174213677,-0.6047135591892946,1.1765277913704277,-0.8908519021019877,-0.6046934307919112,1.1762380400245536
7.0200000000000005,-0.8862959581217718,-0.5938058857250114,1.1672398921360996,-0.8862511022912801,-0.5937867563412762,1.166992772914671
7.04,-0.8815732025144553,-0.5829130681971095,1.1580044653946966,-0.8815409272059411,-0.5829023580839572,1.1577825384026792
7.0600000000000005,-0.8767753033408118,-0.5720673455189963,1.148908234907049,-0.8767224363329125,-0.5720426843106459,1.148604570931637
7.08,-0.8718330392003211,-0.561213138986064,1.1396478126570775,-0.8717967135232337,-0.5612101777506162,1.139456131474391
7.1000000000000005,-0.8668080535863605,-0.550430480037967,1.1306247213535765,-0.8667648667482438,-0.5504072750222608,1.1303345053114184
7.12,-0.8616702491653286,-0.5396442419068975,1.121476276699841,-0.86162802785036,-0.5396364060850132,1.1212369998197103
7.140000000000001,-0.8564304099918928,-0.5289093687136355,1.112376394239952,-0.8563873522884851,-0.5288999936927601,1.1121609422722525
7.16,-0.8510869816564964,-0.5182173430136428,1.1034042399267117,-0.8510440188781042,-0.5182004528488791,1.1031036776475287
7.18,-0.8456352296973711,-0.5075394767625818,1.094250046026162,-0.8455992295261259,-0.5075401902630152,1.0940625664482935
7.2,-0.8401088906376132,-0.4969411569334906,1.0853070176259985,-0.8400542089605303,-0.49692160380972783,1.0850349825287668
7.22,-0.834440902939499,-0.4863432637188269,1.0762655361819284,-0.834410204454886,-0.4863470819891243,1.0760183109292671
7.24,-0.8287141497074926,-0.4758303754121802,1.0672154480945137,-0.8286684855477908,-0.4758190033895977,1.0670099457172268
7.26,-0.8228798748086662,-0.46534874299909945,1.058281922645787,-0.8228303437573097,-0.4653397361527999,1.0580072878334519
7.28,-0.8169238248476786,-0.45489912617395856,1.049218368157557,-0.8168970922904631,-0.45491163744095797,1.049007742942434
7.3,-0.8109247248941288,-0.4445596801130234,1.0402540256178436,-0.810870065747843,-0.4445370529066699,1.0400087192854772
7.32,-0.8047839603312392,-0.43420541753646014,1.031235151117568,-0.8047506198234102,-0.43421831616527595,1.031007625535363
7.34,-0.798579725236667,-0.42395748518418835,1.0222429248722917,-0.7985401309995545,-0.4239577482699539,1.0220018686512837
7.36,-0.7922860634409646,-0.41377087496995946,1.013217103288194,-0.7922399962374691,-0.4137576571896219,1.012988851732735
7.38,-0.785881874045683,-0.4036008081634265,1.004181663768193,-0.7858516326629292,-0.4036203372898014,1.0039659718711171
7.4,-0.7794251620989224,-0.3935578757031065,0.9952068817170114,-0.7793764772475258,-0.39354806881652626,0.9949306179977666
7.42,-0.772846090955651,-0.3835374862061762,0.9860505746070222,-0.772815986485442,-0.38354311738343816,0.9858801687272257
7.44,-0.7662142703160627,-0.3736013878454072,0.9770894760535798,-0.7661716360658337,-0.37360773346216725,0.9768119901945742
7.46,-0.7594838227529016,-0.3637400103390375,0.96795880469881,-0.759444920540896,-0.36374415187612047,0.9677234338857379
7.48,-0.752667825603993,-0.35394881240411247,0.9587933013953153,-0.7526373529896817,-0.35395459129778906,0.9586118344597591
7.5,-0.7457968800815203,-0.3442364435013771,0.9497816721681029,-0.7457504646777603,-0.344241253749692,0.9494745075621283
7.5200000000000005,-0.7388136380273674,-0.3345876991772634,0.9404878917888578,-0.7387858047127769,-0.3346063241090593,0.9403087476283742
7.54,-0.7317866374111892,-0.3250568570448716,0.9313626209409591,-0.7317449396960061,-0.32505196961637806,0.9311118256772736
7.5600000000000005,-0.7246625090561892,-0.3155602857171028,0.9221416653419685,-0.7246294533699651,-0.3155803393879002,0.9218809870931743
7.58,-0.717475330699747,-0.30617971837748037,0.912804246643772,-0.7174409462621751,-0.30619356393223135,0.9126134493971287
7.6000000000000005,-0.7102203907453138,-0.29689355966514314,0.9035899223887439,-0.7101810353251425,-0.2968937546710997,0.9033064000067241
7.62,-0.7028734050213554,-0.28765432058439117,0.8941601503451039,-0.7028513535726519,-0.2876830034644257,0.8939569939847487
7.640000000000001,-0.6955027117851575,-0.2785588888898915,0.8848111111075905,-0.6954535497124406,-0.2785633821397859,0.8845623517770699
7.66,-0.6880098588995843,-0.2695161637598551,0.8753663113827982,-0.6879892877753462,-0.26953694202638556,0.8751195569404224
7.68,-0.6804928915150374,-0.26058787408261047,0.865836129388759,-0.6804602467410055,-0.26060571349363953,0.8656256538611157
7.7,-0.6729129942456298,-0.25175941325849366,0.8563444821046917,-0.6728681201601925,-0.25177170549447103,0.8560776454660526
7.72,-0.6652257875625363,-0.24300435057772923,0.846679668149352,-0.665214615773879,-0.24303690511342663,0.8464724909278569
7.74,-0.6575481565869009,-0.23439974019759657,0.8370648052989804,-0.6575014551291019,-0.23440327711970937,0.8368071033663642
7.76,-0.6497520723288369,-0.22584003636681135,0.8272999004056575,-0.6497303731917251,-0.22587276352523158,0.8270783475492482
7.78,-0.6419316964694267,-0.21742735379185615,0.8175240254559865,-0.6419031179561836,-0.21744728314778577,0.8172830375951152
7.8,-0.6340546698287429,-0.2091160353290348,0.8076672038419163,-0.6340214500522989,-0.2091287311794369,0.8074179346830317
7.82,-0.6261029924399482,-0.20088743280069768,0.7976876977809773,-0.626087142349247,-0.20091897876022197,0.7974797447731315
7.84,-0.6181470424292863,-0.19280464143862122,0.7877504975380674,-0.6181019795567801,-0.19281987255726757,0.7874651163437386
7.86,-0.6100765018017833,-0.18479892709279394,0.7775750115356046,-0.6100677578237795,-0.18483323434940555,0.7773706381512602
7.88,-0.602022530496848,-0.17694861916225546,0.767453446050458,-0.6019862843342384,-0.17696086061739152,0.7671928370200601
7.9,-0.5938873957033449,-0.16916938111153149,0.7571829804997964,-0.5938593769007596,-0.1692045221398097,0.7569281756705335
7.92,-0.5857050015736622,-0.16153637226416775,0.7467986412578134,-0.5856888635556677,-0.1615659635947647,0.7465730505947441
7.94,-0.5775115411327904,-0.15403059750879503,0.7364115924411309,-0.5774765821398153,-0.15404690316743722,0.7361237899902013
7.96,-0.5692331296931521,-0.14661203361539932,0.7257779559160453,-0.5692243798891918,-0.14664903216360772,0.7255766517637412
7.98,-0.5609753496257295,-0.13935008878249158,0.7152284432487266,-0.5609341130194081,-0.13937401462921517,0.7149278216189118
8.0,-0.5526169423722931,-0.13218589915394813,0.7044076744106645,-0.5526076463081722,-0.1322234869760589,0.7041734112419366
8.02,-0.5442709121871826,-0.12517664221883082,0.6935610570923548,-0.5442468526758302,-0.1251990576137069,0.6933094566030348
8.040000000000001,-0.5358815416145682,-0.1182750261597547,0.6826199352698211,-0.5358536127640825,-0.11830230658771015,0.6823319163918444
8.06,-0.5274418557132754,-0.11148878158978626,0.6714589599028471,-0.5274298145129589,-0.11153478522419216,0.6712366706077377
8.08,-0.5190102526547457,-0.10487658922827878,0.6603410982577158,-0.5189773527361534,-0.10489801578090091,0.6600195193280964
8.1,-0.5105017737542563,-0.09835438634485358,0.6488856554311954,-0.5104981286948118,-0.09839349110479725,0.6486761816800374
8.120000000000001,-0.5020301754039392,-0.09199827668373951,0.6375156369882876,-0.5019940496698705,-0.09202267429626104,0.6372022950437111
8.14,-0.49348701172657855,-0.08573334366200491,0.6258681471713532,-0.49346702853304425,-0.08578699837998979,0.6255934145181162
8.16,-0.4849353639316996,-0.07964729169634321,0.6141153869999328,-0.48491898331654615,-0.07968786598265545,0.6138450126833715
8.18,-0.47637843936651764,-0.07369559617641416,0.602269965249957,-0.47635183678165993,-0.07372664901740783,0.6019524796966631
8.2,-0.46777357637299605,-0.06785792173157774,0.5901376275177102,-0.4677675159862378,-0.06790468837527922,0.5899111237624524
8.22,-0.4592081839406848,-0.06218723820542189,0.5780689363062737,-0.45916795185123727,-0.062223293623570985,0.5777161720212138
8.24,-0.45055774223479667,-0.05662937409957488,0.5656016780184749,-0.450555078726391,-0.056683742711286955,0.565362771904777
8.26,-0.4419591396539048,-0.05124856446242372,0.5531736203901493,-0.44193083395509813,-0.05128728168167396,0.5528459930103472
8.28,-0.43330771413964814,-0.04599664174227503,0.5404479120276354,-0.4332971574386477,-0.04603512439194335,0.5401608295494955
8.3,-0.4246740003452124,-0.04088762359048157,0.527577994794176,-0.4246559911998654,-0.04092845224023081,0.5273022034327021
8.32,-0.41604531413178997,-0.03591788456317605,0.5146273345483315,-0.41600927894628614,-0.03596841389985955,0.5142649680544908
8.34,-0.4073631089724001,-0.03109659297555721,0.501303551212806,-0.4073589656329387,-0.031156125060958995,0.501043912848669
8.36,-0.39874501357539904,-0.026447197826861547,0.48801074262297905,-0.3987069970248619,-0.026492668179509432,0.48763376868776337
8.38,-0.3900490778760843,-0.021925369672307002,0.47430745922752254,-0.3900553192594264,-0.021979092233856412,0.4740292142051465
8.4,-0.3814427971978573,-0.017577943279097,0.4605619493756179,-0.3814058784085861,-0.017616412488760946,0.46022488312275833
8.42,-0.3727807578375188,-0.013356665459461195,0.44653401592735353,-0.3727606200411294,-0.013405610267026524,0.44621537267137373
8.44,-0.36413677483025453,-0.00927899630773664,0.43233124851257054,-0.3641214887850551,-0.009347632728766903,0.43199525319421195
8.46,-0.35552957726107914,-0.005384766747350267,0.417933101242569,-0.35549042789015645,-0.005443392658355778,0.41755907902792017
8.48,-0.34686837274888266,-0.0016239488852969647,0.4031810528634552,-0.34686937879091295,-0.0016937682591079972,0.40290140075764236
8.5,-0.33829180126725844,0.0019491864887971454,0.3884263849313987,-0.33826028066979363,0.0019003970442590667,0.38801677894472386
8.52,-0.3296661956618434,0.005395442120292468,0.3731842077753719,-0.3296650700210639,0.005338294795342591,0.3728997994263928
8.540000000000001,-0.3211157075184968,0.008663391307861854,0.35792101434517354,-0.3210856802151988,0.00861915168790478,0.35754509028631276
8.56,-0.31254952979795414,0.0117991982649343,0.3422961955358206,-0.3125240410640025,0.011742229739816284,0.3419473405929098
8.58,-0.30400094127258614,0.014769957479384947,0.32642014466881497,-0.3039820783865201,0.014706826459055855,0.32610132099854805
8.6,-0.29549855514928713,0.017595885143026936,0.3104414150511069,-0.2954617135758529,0.01751227500172596,0.31000190628673363
8.620000000000001,-0.28696496980023195,0.020250041779928448,0.2939708387649254,-0.2869648631669686,0.020157944322049662,0.2936440999460823
8.64,-0.2785310482201487,0.02272025572500951,0.27744097745087337,-0.2784934384056076,0.022643239314314112,0.2770230608385732
8.66,-0.2700524393631807,0.025058173058954216,0.2604941285391731,-0.2700493448183685,0.02496760094673356,0.26013413201515045
8.68,-0.2616462007477873,0.027204299759716034,0.2433441869235065,-0.26163448178409343,0.027130506387193304,0.24297287171381288
8.700000000000001,-0.25326917878200644,0.029204980701189254,0.2259497027608251,-0.2532507421066244,0.029131469120855083,0.22553508655332838
8.72,-0.2448832252729223,0.03103931491888529,0.20816415728650955,-0.24490001158905012,0.03097003905959042,0.20781686690962414
8.74,-0.23662179431205896,0.03270521751856145,0.19025289849353733,-0.23658416860951523,0.032645802643222116,0.18981462443107228
8.76,-0.228303519645107,0.03422151229517573,0.1718790955608876,-0.22830508369870872,0.034158382932548914,0.17152513161345248
8.78,-0.22009246886395745,0.03556044733066214,0.15336363501328026,-0.22006461911911598,0.03550743969413217,0.1529455633148257
8.8,-0.21189294780362378,0.036753851517623434,0.13446559458351373,-0.21186462844612547,0.036692669476826936,0.13407354004511185
8.82,-0.20371863692915135,0.03777145367279945,0.11524510152209104,-0.20370695615109888,0.037713805680038376,0.11490717281488069
8.84,-0.19563756501787677,0.03862805357221597,0.09587162424277663,-0.19559343718647731,0.038570618613690606,0.09544510927286656
8.86,-0.18754132192236103,0.039331099413255806,0.07599720859344088,-0.18752589657303823,0.03926291554989165,0.0756865808028187
8.88,-0.1795452063154591,0.03984738323600681,0.056013483361328185,-0.17950614898938308,0.03979054076628483,0.055631450187861364
8.9,-0.17156918679702596,0.04022836895174003,0.03566293088504365,-0.17153599836375166,0.04015337558107671,0.035280259385867124
8.92,-0.16364924721157384,0.04040346348784638,0.01492051520445916,-0.16361723746825085,0.04035133837973246,0.014634276893558562
8.94,-0.15578229034816402,0.04044357809331998,-0.005815304555665157,-0.15575164751559845,0.04038438463333395,-0.006304455888129973
8.96,-0.14793970107835153,0.04031932819070785,-0.02712037005594199,-0.14794099775846523,0.04025250690859633,-0.02753307993772433
8.98,-0.14018824340772043,0.040015555332309195,-0.04854039919696226,-0.14018704509150562,0.039955734869539176,-0.04904787625431514
9.0,-0.13250178254896988,0.039569381572084096,-0.07034038371489212,-0.13249153365616959,0.039494135270815016,-0.07084422661550294
9.02,-0.12485194183510588,0.038937080493121994,-0.09250619618889504,-0.12485619444838185,0.03886781194269305,-0.09291657825285626
9.040000000000001,-0.11729787787985267,0.03814163713905004,-0.1147391280099215,-0.1172827449291793,0.03807690576770427,-0.11525841327420244
9.06,-0.10977677478374046,0.03720022648000397,-0.13741169305587372,-0.1097728886383956,0.03712159464895224,-0.13786222367534626
9.08,-0.10233604537355223,0.0360576108595511,-0.16029449870536208,-0.1023283148114685,0.03600209347009555,-0.16071949277899186
9.1,-0.094971926091888,0.034779264131777156,-0.18330175238961405,-0.09495069799947548,0.0347186540470136,-0.1838206839130813
9.120000000000001,-0.0876445287348836,0.033326733419476284,-0.2067148739278372,-0.08764169769246287,0.03327156507116368,-0.20715523709272307
9.14,-0.08041265622320139,0.031663013151648725,-0.23017568542947583,-0.0804029579461726,0.03166115204464442,-0.2307115743974106
9.16,-0.07324126480385978,0.02991260079702963,-0.25390994883189033,-0.07323610701222888,0.029887777206977946,-0.2544771146380439
9.18,-0.06613549021829647,0.02796187892315185,-0.277956762183937,-0.06614275697189163,0.027951839453630094,-0.2784382977859985
9.200000000000001,-0.05913172093934512,0.025862598688268203,-0.3020314938318582,-0.05912450337343697,0.025853774246283868,-0.30258061949082066
9.22,-0.05217340475118899,0.023632499018646357,-0.3263654491379213,-0.05218292487326691,0.023594053514889364,-0.326888675845792
9.24,-0.04529963609442819,0.021201926376800566,-0.35087205593429965,-0.04531958288080725,0.021173185551508662,-0.3513462183755026
9.26,-0.03851691435005755,0.0186430183170973,-0.37537237209570146,-0.038536021207293845,0.018591714895983328,-0.37593621902069824
9.28,-0.0318164602258654,0.01592139992955651,-0.40016539201663504,-0.03183376571851466,0.015850222213448794,-0.4006409446889795
9.3,-0.025195736466828118,0.013008809722377808,-0.42497797455161734,-0.0252143239915852,0.012949324163719947,-0.4254420407313952
9.32,-0.01867273369803321,0.009961681031708108,-0.44980232998430986,-0.018679184975844896,0.009889673262584846,-0.4503206225015446
9.34,-0.012214322577225259,0.0067474898473111776,-0.47482606979652436,-0.012229818657934021,0.006671957735028303,-0.4752573739628153
9.36,-0.005867190367421988,0.0033390572173544286,-0.49977092797364003,-0.005867675731144062,0.0032969013604262393,-0.5002326521374635
9.38,0.00040576859316487885,-0.00020651340038355877,-0.5246606550650411,0.000405812730894988,-0.0002347366902575558,-0.5252265960454637
9.4,0.006603666981582796,-0.0038963561902243013,-0.5497341112522034,0.006589235596115332,-0.0039221620252369105,-0.5502192386668063
9.42,0.012681651898082678,-0.007753397898101008,-0.5746851356472933,0.012681201991424819,-0.007764545210589844,-0.5751906203829964
9.44,0.018699263283512166,-0.011720907263808306,-0.5995863112934006,0.01868034161556509,-0.011761021956828746,-0.6001209023151316
9.46,0.02462271226458032,-0.015870360348132113,-0.6245239203562358,0.024585305047340886,-0.015910693313310027,-0.6249904779785972
9.48,0.030426181449896103,-0.02016752996106638,-0.6492633937832525,0.030394764049151424,-0.020212625870438115,-0.6497800817181082
9.5,0.036147970287429304,-0.024588654803384465,-0.6739759021021986,0.03610741186576088,-0.02466585196962561,-0.6744708924697129
9.52,0.041758409620395474,-0.029204259171563652,-0.6986233006622401,0.04172196351823416,-0.02926936992095296,-0.6990446315149285
9.540000000000001,0.047263962380612486,-0.03395381231656953,-0.7229985792939457,0.04723715609297429,-0.034022144228484964,-0.7234836530418424
9.56,0.052692601196634825,-0.03883896168587235,-0.7473308665733603,0.05265174902579482,-0.03892310582318861,-0.7477710265026691
9.58,0.057984463691166124,-0.04391896654406207,-0.7714807069551165,0.057964524380971175,-0.043971152303408916,-0.7718906099504051
9.6,0.06318272414912884,-0.04911727583545369,-0.7953246799056987,0.06317428712519432,-0.04916514818283457,-0.7958271137415692
9.620000000000001,0.06830140265459927,-0.0544682360381657,-0.8191011640459979,0.06827986539637927,-0.05450392514591326,-0.8195661542008092
9.64,0.07327670752282651,-0.05998076949309005,-0.8426159270567468,0.07328011076725578,-0.059986282310642715,-0.8430942970491083
9.66,0.0781851162218503,-0.06557577157416417,-0.8659136874359956,0.07817389850369401,-0.06561098649869737,-0.8663990905947271
9.68,0.08298071381805414,-0.0713566351197101,-0.8890260687096555,0.08296012781769571,-0.07137677251281144,-0.8894690888690056
9.700000000000001,0.08764605618355095,-0.07726866709774782,-0.91183506343634,0.08763772211500087,-0.07728234342136707,-0.9122938650538361
9.72,0.09224441095268882,-0.08328275028226802,-0.934416086064214,0.09220562923725166,-0.08332637085012,-0.9348640156903947
9.74,0.09670303622177867,-0.08948870295709996,-0.9567490696302998,0.0966628216986627,-0.08950749528100146,-0.9571711562776855
9.76,0.10105281093214813,-0.09578863489617305,-0.9787450711703197,0.10100829691713749,-0.09582432635791975,-0.9792079089634549
9.78,0.10532201496143646,-0.10222413671391664,-1.000538194277218,0.10524107743978588,-0.10227544319950214,-1.0009678830992357
9.8,0.10940995154706253,-0.10882467711510159,-1.0220371994379225,0.10936021116278746,-0.10885939471870171,-1.0224456494763385
9.82,0.11344242917374106,-0.11550220270413038,-1.0432136650876933,0.11336477154555358,-0.11557469994919697,-1.043636709082287
9.84,0.11734227099800205,-0.12235623577304822,-1.0641609133790788,0.11725385781914135,-0.12241984837851837,-1.0645374572195512
9.86,0.121099663807457,-0.1292974120391321,-1.0848223996856168,0.12102659518886735,-0.12939330028781337,-1.085145143812957
9.88,0.12478509544405808,-0.1363771693815272,-1.1051459185019916,0.12468213503107983,-0.1364934870981847,-1.105457830701737
9.9,0.12830894415835845,-0.14361409801401548,-1.1251929259684845,0.1282196550840455,-0.14371881172352066,-1.12547434666949
9.92,0.1317460400891795,-0.15093131068883597,-1.1449054776848673,0.1316383596329052,-0.15106764892973584,-1.145194240913214
9.94,0.13507938076816833,-0.1584245929132813,-1.1642756868070463,0.13493747968865918,-0.15853834570034625,-1.164617735593735
9.96,0.13824482532605492,-0.16602337802223113,-1.183400759803056,0.13811627316113978,-0.16612922160829152,-1.183745678046618
9.98,0.14134310970770395,-0.17371245549268335,-1.202231058544443,0.14117402502593318,-0.1738385691939191,-1.2025794931672547
10.0,0.14425862384494897,-0.18157558963181022,-1.2207688667727483,0.14411004748521616,-0.18166465434906004,-1.2211211364181478
10.02,0.14708059101037319,-0.18949691183046682,-1.2390127119033036,0.14692368012246426,-0.18960571670708581,-1.2393730478418556
10.040000000000001,0.1497780181497799,-0.19756612347326594,-1.257009038347483,0.14961429005100485,-0.19765997003888242,-1.257338107401197
10.06,0.15231024423105616,-0.20574856492003724,-1.2746589482177575,0.1521812720563741,-0.20582560265463173,-1.2750195919097098
10.08,0.15477597503062088,-0.21401054278339493,-1.292086135167357,0.1546240487324536,-0.21410077781133216,-1.2924211337611184
10.1,0.15704835145789298,-0.22242800248145403,-1.309204853882403,0.15694207061134763,-0.22248363412594185,-1.309546681616752
10.120000000000001,0.15924511344785888,-0.23089591528707087,-1.3260494863650762,0.15913481628697962,-0.2309722859940755,-1.3264004631651538
10.14,0.16130473928043804,-0.23950016638217222,-1.342676900614864,0.16120179253237388,-0.2395648240141378,-1.3429869500281924
10.16,0.16321727193634245,-0.24819323032121415,-1.358987739481956,0.1631425344106009,-0.24825931541682364,-1.3593108248531842
10.18,0.16506114382552464,-0.25697701151268004,-1.3750858491061317,0.16495660537935808,-0.2570538044998626,-1.375376950600316
10.200000000000001,0.1667134372664305,-0.2658880564408431,-1.3909057573374592,0.1666435973891633,-0.26594631306792615,-1.3911903420091183
10.22,0.16830204469117824,-0.2748583652173919,-1.4064578369564347,0.16820313097514034,-0.2749348408775968,-1.4067561392063348
10.24,0.16974016729490993,-0.283965547992237,-1.4217805458281565,0.16963485534237377,-0.2840173660872919,-1.4220795834000202
10.26,0.17102827684475821,-0.29313682302561267,-1.4368333705518954,0.17093844844481543,-0.29319184571205154,-1.4371659945907223
10.28,0.17221339488437112,-0.30240206134795977,-1.4517225062806973,0.17211361705772454,-0.3024562160830766,-1.4520207512197476
10.3,0.1732243854305253,-0.3117591250416565,-1.4663552828965383,0.17316009684362343,-0.31180839331192106,-1.4666492716664532
10.32,0.17416087340034406,-0.3211823433176195,-1.480753481634171,0.17407765241175735,-0.32124627375923487,-1.4810569975008623
10.34,0.17492883130697445,-0.3307187487851843,-1.4949946986677871,0.1748660773710419,-0.33076773450794644,-1.4952493783943446
10.36,0.17559699571395046,-0.3403080740955986,-1.5089327930560608,0.17552519437648803,-0.3403706338407845,-1.5092318585893367
10.38,0.17614531456927754,-0.35001151110749,-1.5227127012844373,0.17605485516909322,-0.35005281172202585,-1.5230098648287873
10.4,0.17651816250093197,-0.35977177628337653,-1.536284558167135,0.17645494060918968,-0.3598120902833623,-1.5365887956469675
10.42,0.1768042595748353,-0.36959239705087304,-1.549675176905686,0.17672536070324404,-0.36964627431378483,-1.5499740119252559
10.44,0.17691639282876717,-0.3795177847157148,-1.5629018270651676,0.17686605462409935,-0.37955315175336446,-1.5631708286192232
10.46,0.1769470390978959,-0.38946802473715525,-1.5758975286564851,0.17687699072465782,-0.3895304941908234,-1.5761845075667311
10.48,0.17682005798779576,-0.3995390537799773,-1.5887648273088057,0.17675816654499912,-0.39957605736478075,-1.5890202512905718
10.5,0.17657585465738687,-0.40964582485897466,-1.6013768001159343,0.17650960881293346,-0.40968758166857466,-1.601683197713353
10.52,0.17619803011558438,-0.41982370389725177,-1.6138824802234286,0.17613137343799026,-0.4198627926585214,-1.6141784157066408
10.540000000000001,0.1756685747166576,-0.4300618440379282,-1.626260495720668,0.17562354549884138,-0.4300994015655254,-1.626510901400925
10.56,0.1750533683101885,-0.44033813335350186,-1.6384020007511848,0.17498623922416415,-0.44039510580989816,-1.6386855751874325
10.58,0.1742709065831726,-0.4507235096066125,-1.6504482016533908,0.17421959796694755,-0.45074758951929855,-1.6507072793473716
10.6,0.17338790791753092,-0.46110813617605245,-1.662289177575089,0.1733237941722464,-0.461154524049651,-1.6625807762485512
10.620000000000001,0.17235432529033812,-0.4715787043130249,-1.6740508660629274,0.1722990293383926,-0.47161356850894126,-1.6743107470536787
10.64,0.1711931654210912,-0.4820851906466886,-1.6856463844084424,0.1711455339716714,-0.4821223702837651,-1.6859017908887712
10.66,0.1699274251120076,-0.49262687078541756,-1.6970921935470291,0.16986356753447146,-0.4926785655685205,-1.6973584244241215
10.68,0.16850520581976763,-0.5032610847194342,-1.7084434357008067,0.16845341838692274,-0.5032797798971079,-1.7086850818240351
10.700000000000001,0.16697750367827977,-0.5138776766576789,-1.719578141952425,0.16691540372203434,-0.5139236286770347,-1.7198861150252016
10.72,0.165292290908276,-0.5245787495230275,-1.7307566386782025,0.1652498694943461,-0.5246077177257913,-1.7309657943069274
10.74,0.16351699825603824,-0.5352862441119545,-1.7416699269527685,0.16345719034211142,-0.5353296438093935,-1.741928309119694
10.76,0.1615929444752764,-0.5460631772370346,-1.7524923767568197,0.1615377695030271,-0.5460869951829544,-1.7527777691414617
10.78,0.1595407296432174,-0.5568520067675534,-1.7632991267942233,0.1594920387235309,-0.5568773521331718,-1.763518205533963
10.8,0.15737572519047976,-0.5676506141203038,-1.7738793572829583,0.1573204581616871,-0.5676982875226066,-1.774153572373815
10.82,0.15506779135301693,-0.5785334717319318,-1.7844765399070044,0.15502351628367947,-0.5785473673356352,-1.7846877482356982
10.84,0.1526627771292517,-0.5893827564526304,-1.7948477994423844,0.15260172975393838,-0.5894221512259453,-1.7951245379070735
10.86,0.15010114448605644,-0.6002982417880528,-1.8052413817125625,0.15005564331892396,-0.6003201930654588,-1.805467674215979
10.88,0.14743421647998314,-0.6112083100949709,-1.8154907632094535,0.14738582968459335,-0.6112390414945534,-1.8157208199553292
10.9,0.14465352029012465,-0.6221457184807027,-1.8256190132601153,0.1445928893875796,-0.6221762404734561,-1.8258875698888928
10.92,0.14171588627063395,-0.6331162150436508,-1.8357628257818885,0.1416774506601074,-0.6331293298347033,-1.8359714528257387
10.94,0.13870162970768857,-0.6440553921002488,-1.8456992465050077,0.13864016928868322,-0.644095845836512,-1.8459759337513613
10.96,0.13552360334699876,-0.6550577477988264,-1.8557113062596649,0.1354817284665838,-0.6550733217169711,-1.8559044160050906
10.98,0.1322597390086681,-0.6660333682557272,-1.8654885179471383,0.13220283864018362,-0.6660592882488956,-1.8657602434945602
11.0,0.12885649551029266,-0.6770297679726228,-1.8753078336325635,0.12880423734914742,-0.677051274295254,-1.8755467029391728
11.02,0.12532844274411734,-0.6880256126948524,-1.885065693396311,0.12528668906053347,-0.6880468073650068,-1.8852670261354616
11.040000000000001,0.12171607238020402,-0.6990169844251639,-1.8946383827054005,0.12165098499683563,-0.6990434141692657,-1.8949243922382184
11.06,0.11793485925939289,-0.7100308061580004,-1.9043286651341973,0.11789794295801143,-0.7100386211776166,-1.9045219300520468
11.08,0.1140862307588295,-0.7209947357971195,-1.9138031498444739,0.11402840713752732,-0.7210299551745131,-1.914062720328808
11.1,0.11009244453685679,-0.7320054114866242,-1.923333066327402,0.11004324793247006,-0.7320149438155874,-1.9235497980670517
11.120000000000001,0.10598798553265333,-0.7429733701783383,-1.9327539462929402,0.1059433617477642,-0.7429911161837677,-1.9329861548101972
11.14,0.10178766987892408,-0.7539326013722178,-1.9421232793422343,0.10172967079453737,-0.7539560033450782,-1.9423747409407581
11.16,0.09744080738512628,-0.7648983598365117,-1.9515374744363096,0.09740312288268288,-0.7649071389039898,-1.9517184679684156
11.18,0.09302200746907822,-0.7758185179065772,-1.9607381346351722,0.09296469120766243,-0.7758420595582014,-1.9610202108101968
11.200000000000001,0.088458354100629,-0.7867548634861317,-1.970090827229493,0.08841537413159956,-0.7867583056527258,-1.970282810061425
11.22,0.0838014112574236,-0.7976275962145984,-1.9792851935491909,0.08375619495871456,-0.7976534217331478,-1.979509074256462
11.24,0.07904008017367518,-0.8085198878086641,-1.9884455067166842,0.07898820170514309,-0.8085249570979539,-1.9887017821186144
11.26,0.07415137414316357,-0.81936358575348,-1.9976788748022511,0.07411246686320333,-0.8193704663497737,-1.9978636847988245
11.28,0.06918152510817334,-0.8301591592282693,-2.0067453550684946,0.06913008716015134,-0.8301875099454431,-2.0069975081030735
11.3,0.06408018554624213,-0.8409854494862069,-2.015901169366131,0.06404218331148881,-0.8409736547447436,-2.0161059547086175
11.32,0.058898923310202536,-0.8517033636031226,-2.02496041991471,0.05884989976887578,-0.8517264745576982,-2.025191706369392
11.34,0.053593511010803695,-0.8624348233676304,-2.034045243950347,0.053554404462699934,-0.8624435506903141,-2.034257426111115
11.36,0.04819853255144489,-0.8731266656580493,-2.043090396899128,0.048156888539368004,-0.8731224724886322,-2.0433057604167466
11.38,0.04270627153423115,-0.8837381662438392,-2.052098080180986,0.04265856609337432,-0.8837608378809689,-2.0523393414031124
11.4,0.0370895667441482,-0.8943605891749628,-2.061186617852333,0.037060673894209584,-0.8943562539182243,-2.0613607889896226
11.42,0.03141969615236405,-0.9048945646139684,-2.0701070796342678,0.031364471108163317,-0.9049063373121495,-2.0703727130601064
11.44,0.02560073592002183,-0.9154040588457504,-2.0791872272403027,0.025571239015095615,-0.9154087149714267,-2.079377715618851
11.46,0.019725196517709046,-0.925855865438866,-2.0881612062745454,0.019682280720228817,-0.9258610245354678,-2.088378392942039
11.48,0.013748056724426827,-0.9362535018907411,-2.0971228679276694,0.013698920861036079,-0.9362609149057873,-2.0973773377257743
11.5,0.007649289951074601,-0.9466075612799396,-2.1061985327936075,0.007622505309278715,-0.9466060467748556,-2.106377141231983
11.52,0.0015082987805194327,-0.9568812491568855,-2.115113585416123,0.0014544008682736975,-0.9568940931522892,-2.1153803954334425
11.540000000000001,-0.004772791778512485,-0.9671293310928889,-2.124191885039649,-0.004804005034548808,-0.9671227398882741,-2.1243896951592416
11.56,-0.011110686383633302,-0.9772822157912693,-2.1331795759769645,-0.011151304659727301,-0.9772896861940996,-2.1334076402419497
11.58,-0.01754110928417101,-0.9873919779751577,-2.142188437907312,-0.017586070272422538,-0.9873926451596926,-2.1424368376677676
11.6,-0.024078873011650282,-0.9974340071735313,-2.1512947282561043,-0.02410685446356403,-0.997429344268022,-2.1514799037308783
11.620000000000001,-0.030663517255489606,-1.0073894916042916,-2.1602739754850764,-0.030712190475425116,-1.0073975259062709,-2.160539466193204
11.64,-0.037373278090809606,-1.0173084111614799,-2.169415146691511,-0.03740059253154676,-1.0172949478736502,-2.169618166450679
11.66,-0.04413012285106515,-1.0271123086181955,-2.17850254627223,-0.04417055617094534,-1.0271193838857553,-2.1787186617071046
11.68,-0.05098410583355693,-1.0368755538004113,-2.187595363133597,-0.05102055858651838,-1.0368686240753353,-2.187843627156534
11.700000000000001,-0.057923704248434724,-1.0465538703726371,-2.196802734773466,-0.05794905896757918,-1.0465404754893721,-2.196995758175038
11.72,-0.06490763969869574,-1.056120884499551,-2.2059388595500256,-0.06495449884643523,-1.056132762582347,-2.2061777725225657
11.74,-0.07201743952577308,-1.0656669687948845,-2.2151880083804865,-0.07203530244895284,-1.0656433277056117,-2.215392412555495
11.76,-0.07914866631695329,-1.0750707625919182,-2.2244037338437677,-0.07918987704899572,-1.0750700315927086,-2.224642447450228
11.78,-0.08638647512566712,-1.0844117848558472,-2.23373021904822,-0.08641661332669337,-1.0844107538405767,-2.23393067543809
11.8,-0.09368986560836676,-1.0936861281025563,-2.243039305177861,-0.09371388573042988,-1.0936633933865014,-2.2432599260514667
11.82,-0.10103753219023692,-1.1028235211288029,-2.2523772671959286,-0.10108005284248783,-1.1028258689807162,-2.2526330623809554
11.84,-0.1084982398975865,-1.1119092271732562,-2.261892351872133,-0.10851345774826926,-1.1118961196545611,-2.2620529833429686
11.86,-0.11596914196597781,-1.1208818747606153,-2.271240634464537,-0.11601242840898679,-1.1208721051840567,-2.2715226259569246
11.88,-0.12355543623566352,-1.1297641052365497,-2.2808427629172456,-0.1235752780377693,-1.1297518065488283,-2.281044967630836
11.9,-0.13117052403217686,-1.1385415262067808,-2.290412033507935,-0.13120030547907946,-1.1385332263862573,-2.2906230284536795
11.92,-0.1388483320304112,-1.1472247513940528,-2.2999947914539636,-0.13888579559136383,-1.1472143894407552,-2.3002598734925184
11.94,-0.14661881151536796,-1.1558138748777456,-2.3097696437030635,-0.14663001963285327,-1.155793343008076,-2.309958615091853
11.96,-0.15438616765797855,-1.1642723056798936,-2.319454048279828,-0.15443123565041356,-1.164268157374542,-2.3197224151721274
11.98,-0.16227256370178347,-1.1726551531063067,-2.329357976879835,-0.1622876888713758,-1.1726369262511092,-2.3295544875237506
12.0,-0.17016692150529358,-1.1809151530908717,-2.3392053463437437,-0.17019761209824757,-1.1808977672021597,-2.339458100092291
12.02,-0.17812775955118418,-1.1890616450730682,-2.349191258358091,-0.1781592261062176,-1.1890488220689277,-2.3494365772498007
12.040000000000001,-0.18615721732507157,-1.1971051201529805,-2.3593020406303524,-0.18617074004337192,-1.1970882573874702,-2.3594933020464106
12.06,-0.19418673820067517,-1.2050270182377611,-2.3693444183554293,-0.19423035183350978,-1.2050142648010689,-2.369631718435416
12.08,-0.20232988603230734,-1.2128507125999572,-2.379656432459645,-0.20233624858150906,-1.212825061467007,-2.3798553334641683
12.1,-0.21044949741342842,-1.2205299879067522,-2.389902868225964,-0.21048660698109994,-1.2205188904575843,-2.390167719421897
12.120000000000001,-0.2186558537627803,-1.2281123823513709,-2.4003470912868847,-0.21867959372499735,-1.228094021155318,-2.4005725159345177
12.14,-0.22689399970240515,-1.2355772005537398,-2.4108340262676213,-0.22691336591727562,-1.2355487496422182,-2.411073431995098
12.16,-0.2351498649284277,-1.2428938451392944,-2.4213925952794253,-0.23518607148790144,-1.2428813990830616,-2.4216742479172737
12.18,-0.24348758319626557,-1.2501156863567102,-2.4321883574589616,-0.24349584960933413,-1.250090320102573,-2.43237881719735
12.200000000000001,-0.25179589973401895,-1.2571856815275964,-2.4429003390766084,-0.25184083111508687,-1.2571738911564247,-2.4431910682691087
12.22,-0.2602091002500838,-1.2641698250375728,-2.453868275797049,-0.26021913892017273,-1.2641305188959835,-2.45411500613353
12.24,-0.2685987838954783,-1.2709806892198694,-2.464897214176256,-0.2686288884433274,-1.2709586385267102,-2.4651547138436114
12.26,-0.2770414205783067,-1.2776759025693503,-2.476048725193849,-0.277068188030918,-1.2776567141601372,-2.4763143538222963
12.280000000000001,-0.2855226116184956,-1.2842557160518817,-2.487384722072495,-0.2855351393824483,-1.2842232391593493,-2.487598168989189
12.3,-0.2939907212400897,-1.2906854566177437,-2.4986863931190872,-0.2940278379775443,-1.2906567364778716,-2.4990104836691636
12.32,-0.30254084999886643,-1.2969930326299504,-2.5103445684415306,-0.30254437350436225,-1.2969557589919205,-2.5105557042533198
12.34,-0.31104839482015306,-1.3031380341668641,-2.5219487849411,-0.31108283028927536,-1.3031188898259052,-2.5222383195796962
12.36,-0.3196251881257025,-1.3091783704967115,-2.533823058665461,-0.31964128772778133,-1.3091447426711371,-2.5340629009981424
12.38,-0.3282005142214602,-1.3150714156256613,-2.545767966038157,-0.32821782071651934,-1.3150319620976636,-2.5460341020803474
12.4,-0.336786192305017,-1.3208107595001006,-2.5578451374403954,-0.33681050008628405,-1.3207792238591436,-2.5581566579324644
12.42,-0.34541371097991985,-1.326429243433624,-2.5702187139268737,-0.3454173930359745,-1.3263852351907275,-2.5704353840641336
12.44,-0.353998723786629,-1.3318695309550561,-2.5825676020883557,-0.35403656356734914,-1.3318487350998425,-2.582875174763653
12.46,-0.36266556723263477,-1.3372086645086567,-2.5952625134626897,-0.36266607292049535,-1.3371684946498335,-2.5954810009250187
12.48,-0.37127449734755386,-1.3423916107944371,-2.607929633293805,-0.3713039800099307,-1.3423433172363959,-2.6082579072682934
12.5,-0.3799453761344456,-1.347410409159081,-2.6209218055929995,-0.37994834186122156,-1.3473720388567365,-2.621211008890336
12.52,-0.3885805457074313,-1.3522987288451087,-2.634082654660169,-0.38859721404802616,-1.3522535283713966,-2.634345487078478
12.540000000000001,-0.39722132460190024,-1.3570184329585204,-2.647345359712688,-0.39724865112947094,-1.3569866877586896,-2.6476665843152114
12.56,-0.40590056973709815,-1.3616130221610894,-2.660949889760718,-0.40590070708773873,-1.3615704523616787,-2.661179598397398
12.58,-0.4145116019181366,-1.3660466290273332,-2.6745381406470075,-0.4145514357658119,-1.3660037911276657,-2.6748898755892143
12.6,-0.42320813278710373,-1.3703423157044372,-2.6885230575524486,-0.4231988913052211,-1.3702857068401022,-2.6888028027236373
12.620000000000001,-0.43181677988425293,-1.3744621828209345,-2.702578321833334,-0.4318411285837448,-1.3744152363429056,-2.7029237981635017
12.64,-0.4404675926262484,-1.3784306641967843,-2.7169516257204975,-0.44047620365293466,-1.3783914507571056,-2.717258301529507
12.66,-0.44908815482571995,-1.3822571810931155,-2.731545418282496,-0.44910217417537845,-1.3822134556897803,-2.7318117620996194
12.68,-0.45768627342838003,-1.3859182448667444,-2.7462373346721085,-0.4577170998616057,-1.3858803914352413,-2.746589625782089
12.700000000000001,-0.4663195941574498,-1.3894413185379184,-2.7613449616693195,-0.4663190429065217,-1.3893914331684092,-2.761597320562927
12.72,-0.4748677596571082,-1.392803329644695,-2.776447553072806,-0.47490606842529304,-1.3927457911303458,-2.7768402403286125
12.74,-0.48348565540696337,-1.3960054038499679,-2.7920062575338926,-0.4834762448885723,-1.3959427108059015,-2.79232372696596
12.76,-0.4920136549467973,-1.3990393620336563,-2.8076677805955295,-0.49202764455696646,-1.3989814730934311,-2.808053050644036
12.780000000000001,-0.5005448379410696,-1.4019108653870047,-2.823677600723386,-0.5005583439146595,-1.4018613944665475,-2.8240333881879236
12.8,-0.5090627935051536,-1.4046292816649695,-2.8399689693133623,-0.5090664241020694,-1.4045818271278674,-2.84026979946128
12.82,-0.5175175461133812,-1.4071883215801346,-2.8563749245500474,-0.5175499713474815,-1.4071421591547282,-2.8567672016846313
12.84,-0.5260057669788276,-1.4095946071231173,-2.873268860745926,-0.5260070773975144,-1.409541814636829,-2.8735303416290496
12.86,-0.5343930403389537,-1.4118293090974945,-2.8901992129653706,-0.5344358399463573,-1.411780253805774,-2.890563765641326
12.88,-0.5428233573180324,-1.4139152825586825,-2.907553179981024,-0.5428343630636715,-1.4138569731564865,-2.907871787476663
12.9,-0.5511730634886151,-1.4158294080952307,-2.9251399392263258,-0.5512007576210416,-1.415771505560463,-2.9254584539390693
12.92,-0.5594974705838384,-1.4175874546846552,-2.942939819648364,-0.5595331417169218,-1.41752342037085,-2.943327508358318
12.94,-0.5678337129314339,-1.4192001302045112,-2.9611278526447395,-0.5678296410999326,-1.41911232351931,-2.9614823519654094
12.96,-0.5760563862591693,-1.4206328798870596,-2.979470273367563,-0.5760883895904514,-1.4205378576046614,-2.9799260032668218
12.98,-0.5843211777250247,-1.4219044674517507,-2.9982518855149385,-0.5843075295003827,-1.4217997019732729,-2.9986610555608455
13.0,-0.5924821275480469,-1.4229962082382446,-3.0172433004230284,-0.5924852120510168,-1.4228975727911868,-3.0176896327874116
13.02,-0.6006194283782497,-1.4239335221365406,-3.036538482975163,-0.6006195977888912,-1.4238312231079668,-3.037013343955663
13.040000000000001,-0.6087391247400503,-1.4246939404062797,-3.0562176170275817,-0.6087088569995438,-1.4246004429122434,-3.056633236450616
13.06,-0.6167503795376135,-1.4252974352552228,-3.0760336268795485,-0.6167511701190803,-1.4252050591789538,-3.0765497485812383
13.08,-0.6247887560221816,-1.425732596390468,-3.096303261922716,-0.6247447281434689,-1.4256449359082626,-3.0967626617959945
13.1,-0.6327649233684542,-1.4259967508688978,-3.116630930409314,-0.632687733035439,-1.4259199741561506,-3.117271053057284
13.120000000000001,-0.6406569254274151,-1.426106325644374,-3.137419859729729,-0.6405783981289299,-1.426030112056673,-3.138073247932042
13.14,-0.6485231842339909,-1.4260424157889502,-3.1585755428288738,-0.6484149485309748,-1.4259753248358749,-3.1591667750198162
13.16,-0.6562807557031662,-1.4258252010035781,-3.179852544482313,-0.6561956215209365,-1.4257556248173624,-3.180548322400299
13.18,-0.6640271484098671,-1.425446298787103,-3.2016012748758773,-0.6639186669470101,-1.4253710614195327,-3.2022136968369384
13.200000000000001,-0.6716902227617157,-1.4248964674648468,-3.2235337034520533,-0.6715823476198899,-1.424821721144456,-3.224157786519374
13.22,-0.6792740387943145,-1.4241902316892887,-3.2457064610418347,-0.6791849397035281,-1.42410772755842,-3.2463745281624186
13.24,-0.6868343020753668,-1.4233174620667854,-3.268294868469923,-0.6867247331028875,-1.4232292412641343,-3.268856879300038
13.26,-0.6942812054456067,-1.4222729162428207,-3.290988624755234,-0.6942000318486007,-1.4221864598646055,-3.2915967966167767
13.280000000000001,-0.7017002009841713,-1.4210811593275676,-3.313984290005986,-0.7016091544784601,-1.4209796179186882,-3.314585221143532
13.3,-0.7090469535864886,-1.419701990049311,-3.337306800930091,-0.7089504344156284,-1.4196089868883266,-3.3378120711071766
13.32,-0.716292980389535,-1.4181734029218618,-3.3606902975177544,-0.7162222203435245,-1.418074875077491,-3.3612662431627944
13.34,-0.7235141807963476,-1.4164815492953926,-3.3844212062817665,-0.7234228765772527,-1.4163776275628293,-3.384935622651458
13.36,-0.730630122125073,-1.4146077767347263,-3.40834080402073,-0.7305507834315315,-1.4145176261160481,-3.408807103416094
13.38,-0.7376715074589478,-1.4125933096336711,-3.432329753132229,-0.7376043375850216,-1.4124952891180373,-3.4328666175728966
13.4,-0.7446706892896274,-1.4104051022099688,-3.456645438211319,-0.7445819524409615,-1.4103110714647626,-3.4570991754781866
13.42,-0.7515511373672468,-1.4080457071898416,-3.4810269920880397,-0.751482058484061,-1.407965464464942,-3.48148891595346
13.44,-0.7583751531951575,-1.4055473162430165,-3.505495573252919,-0.7583031036335323,-1.4054589957295327,-3.506019166638083
13.46,-0.7651374123324259,-1.402848132096246,-3.530179824749949,-0.7650435535922129,-1.4027922290530546,-3.5306725141355564
13.48,-0.7717829310159683,-1.400013930047735,-3.554861799026552,-0.771701892191683,-1.3999657642867693,-3.55543088341058
13.5,-0.7783725790534437,-1.3970389934494745,-3.579665146474217,-0.7782766217333054,-1.3969802372037556,-3.5802756256875665
13.52,-0.7848625197443159,-1.3938917367588124,-3.604686789046417,-0.7847662633251145,-1.3938363193558987,-3.6051876139035257
13.540000000000001,-0.7912424358690717,-1.3905991206814163,-3.6295978004793104,-0.7911693572144676,-1.390534717922835,-3.630147344586513
13.56,-0.7975780370435803,-1.3871533821898223,-3.654605009909804,-0.7974844631163963,-1.3870761755528846,-3.6551350448721456
13.58,-0.8037969926930514,-1.3835250345769936,-3.6796894557132975,-0.8037101605375832,-1.383461470195998,-3.680130783241006
13.6,-0.8099151344722527,-1.3797633053053586,-3.7046096434880256,-0.8098450490958745,-1.3796914149287718,-3.7051145824642724
13.620000000000001,-0.8159795141449363,-1.3758424661987079,-3.729606204791466,-0.8158877488352831,-1.3757668577715556,-3.7300665331879537
13.64,-0.8219150757237008,-1.3717428250280597,-3.754547299006898,-0.8218369005363823,-1.3716886814977056,-3.7549669065692504
13.66,-0.827762660663404,-1.367521963463007,-3.7792926523824875,-0.8276911660220488,-1.367457803435014,-3.7797962644034544
13.68,-0.8335427731612002,-1.3631079186170292,-3.8040219640801887,-0.8334492284584668,-1.363075175259368,-3.8045355652444544
13.700000000000001,-0.8391954004842572,-1.358564391679743,-3.8286420841698625,-0.8391097926513267,-1.3585417827806887,-3.829166265124454
13.72,-0.8447434604646612,-1.353895589516193,-3.8531026789608447,-0.8446715853371638,-1.3538586457211834,-3.8536704116143126
13.74,-0.8502322896720271,-1.3490659445754252,-3.877549022798766,-0.8501333554697604,-1.3490268174859745,-3.87803073012961
13.76,-0.8555651200485032,-1.3440820314834379,-3.901739567885736,-0.8554938745015498,-1.3440473849261527,-3.9022307015729356
13.780000000000001,-0.8608388049922651,-1.3389799970195284,-3.925769007330146,-0.8607519366599639,-1.3389214680942996,-3.9262546306029553
13.8,-0.8659987711333894,-1.3336929031200293,-3.9496841476150815,-0.8659063592186474,-1.3336502199925573,-3.9500877040282862
13.82,-0.871023554610813,-1.328281069135495,-3.9732744198881864,-0.870955982763505,-1.328234826313267,-3.9737160390324915
13.84,-0.8759932235968253,-1.3227405742143339,-3.9967260901413932,-0.8758996714534872,-1.3226765051722715,-3.997126721138374
13.86,-0.8808149006484449,-1.3170126876192054,-4.019950942488103,-0.8807363132760847,-1.3169765068349149,-4.020307832010337
13.88,-0.8855335263824755,-1.3111914628160064,-4.042839783725161,-0.8854648202974618,-1.3111361134348092,-4.043248467367142
13.9,-0.890175856524607,-1.3052092401226643,-4.065594348342085,-0.8900841289071653,-1.305156638685447,-4.065938745430732
13.92,-0.8946540801616193,-1.299069111632106,-4.088010233887311,-0.8945932000573771,-1.2990394275846875,-4.088369806467247
13.94,-0.8990641736955798,-1.2928413357491757,-4.110149049275799,-0.8989910194966265,-1.2927858561122283,-4.110533804081814
13.96,-0.9033522986765343,-1.28642620574336,-4.132090961437157,-0.9032765979979345,-1.286397330920093,-4.1324238890097265
13.98,-0.9074966712359265,-1.2799047033869086,-4.153637158803067,-0.9074489715813258,-1.2798752890162266,-4.154034186202594
14.0,-0.9115825251081217,-1.273262387971497,-4.174985919102385,-0.9115072017306619,-1.2732211974412626,-4.175359766041049
14.02,-0.9155004109508655,-1.266445593624279,-4.196026955347352,-0.9154503756047495,-1.2664365529385275,-4.196396610517142
14.040000000000001,-0.9193346160477178,-1.2595777040606466,-4.216760746749988,-0.9192776062426673,-1.2595228816173774,-4.21714157522206
14.06,-0.9230563552447072,-1.2525110413823475,-4.237234146918335,-0.9229880327632775,-1.2524817386099143,-4.237592347951077
14.08,-0.9266054460133578,-1.2453477117663243,-4.257393544500571,-0.9265808205588686,-1.2453147077211868,-4.257747404700264
14.1,-0.9300975870626531,-1.2380754496090203,-4.277261137826088,-0.9300551614828882,-1.2380234010729323,-4.277605963781498
14.120000000000001,-0.9334294891309337,-1.2306358242355668,-4.2968635683256196,-0.9334102740317255,-1.2306094587409513,-4.297167938726291
14.14,-0.9366643697825728,-1.2231233354501636,-4.316064357116745,-0.9366454035204954,-1.223074548386205,-4.31643389058743
14.16,-0.9398018999829503,-1.2154588967293496,-4.335098984453687,-0.9397598222527999,-1.215420364879685,-4.3354049801829335
14.18,-0.9427586596449791,-1.2076802030904557,-4.35374967649304,-0.9427528296844083,-1.207648629921187,-4.354082920760851
14.200000000000001,-0.9456650026342174,-1.1998130766641433,-4.372147273730464,-0.9456237525808368,-1.1997610916520347,-4.3724699314984115
14.22,-0.9483948413180342,-1.1917872534801324,-4.390294611165658,-0.9483719451687829,-1.1917595242618602,-4.3905686921855995
14.24,-0.9510137152779283,-1.1836951679694843,-4.408055426396248,-0.9509967892813823,-1.1836457275895258,-4.408382299383087
14.26,-0.9535425695304167,-1.1754631070530732,-4.425671382083442,-0.9534976944972572,-1.175421526718277,-4.425914224288063
14.280000000000001,-0.9558784709811713,-1.1671268448197196,-4.442886325236999,-0.9558740982733245,-1.1670887715652105,-4.4431682724896175
14.3,-0.9581685159876064,-1.1587024769509686,-4.459892196641901,-0.9581254660713278,-1.1586493364651729,-4.460148545748137
14.32,-0.9602690681463176,-1.1501363730862582,-4.4766329183121645,-0.9602512914780794,-1.1501051197491423,-4.4768594058911635
14.34,-0.9622714643998614,-1.1415108944606904,-4.493016230262044,-0.9622510963193671,-1.1414580433172345,-4.493305440880786
14.36,-0.9641601804165733,-1.1327421925295231,-4.509264410326482,-0.9641244307675139,-1.1327100522063986,-4.509491433075461
14.38,-0.9658712142458836,-1.1239029526867392,-4.525107803324504,-0.9658708734425605,-1.1238631141529007,-4.525422329681403
14.4,-0.9675529234137988,-1.1149615506130366,-4.540809555975332,-0.9674900315070483,-1.1149192191497235,-4.541103215365349
14.42,-0.9690036690242553,-1.1059112459403384,-4.556253949717507,-0.9689815407543829,-1.1058803789989302,-4.55653928698133
14.44,-0.9703895551194804,-1.096798983854993,-4.571427841940856,-0.9703450656907573,-1.096748626859149,-4.57173583034833
14.46,-0.9716230864019382,-1.0875571213925528,-4.5864672371284785,-0.971580299610616,-1.0875260167882392,-4.586698199003627
14.48,-0.9727084364391945,-1.0782631290787346,-4.601138446077521,-0.9726869646656445,-1.0782146232812608,-4.601431794847144
14.5,-0.9737160173671386,-1.0688540438059284,-4.615711302226988,-0.9736648119272671,-1.0688165408038457,-4.615942050585496
14.52,-0.9745251210813684,-1.0593685592877975,-4.629958525518488,-0.9745136214426399,-1.059333883321075,-4.630234413879882
14.540000000000001,-0.9752888108694646,-1.0498132013348112,-4.644019424282646,-0.9752332022841261,-1.0497687838219791,-4.644314333099417
14.56,-0.9758538999515284,-1.0401504207461685,-4.657939995138862,-0.9758233925922424,-1.040123393839746,-4.658187244580575
14.58,-0.9763252277290299,-1.0304478595882753,-4.671546721691076,-0.9762840596120674,-1.0303998829677683,-4.67185856129379
14.6,-0.9766584261142734,-1.0206289324333289,-4.685117155332016,-0.9766150997231015,-1.0206004383716216,-4.685333662819773
14.620000000000001,-0.976834707879724,-1.0107725581682323,-4.698341224202472,-0.9768164384625773,-1.010727264297091,-4.6986178865405535
14.64,-0.9769324332112338,-1.0008142692396698,-4.711454730297936,-0.9768880305422064,-1.0007825815743665,-4.711716519953252
14.66,-0.9768603747095916,-0.9907976275964675,-4.724369118307394,-0.9768298598583682,-0.9907686271184847,-4.724634794018367
14.68,-0.9766852813995998,-0.9807330244916402,-4.737086498638346,-0.9766419394957315,-0.980687653426179,-4.73737787745819
14.700000000000001,-0.9763605909001897,-0.970562611593029,-4.749734070948926,-0.9763243117243108,-0.9705419280692053,-4.749950871925414
14.72,-0.975907387016556,-0.9603806798068663,-4.762068195618871,-0.9758770479899588,-0.9603337331842872,-4.76235880796631
14.74,-0.9753362265903847,-0.9500889403225453,-4.774380924503616,-0.9753002488982963,-0.9500653649597812,-4.774606641707447
14.76,-0.9746307446615845,-0.9397717651663178,-4.786414038530501,-0.9745940441920808,-0.939739133119179,-4.786699252199384
14.780000000000001,-0.9738024979302338,-0.9293934495859458,-4.798375311409088,-0.9737585927220243,-0.929357360401571,-4.7986414393552685
14.8,-0.9728221496990586,-0.9189476228245288,-4.810224556477774,-0.9727940824110611,-0.9189223820391836,-4.810437922426621
14.82,-0.9717389439036457,-0.9084801615986139,-4.821791790499148,-0.9717007302120775,-0.9084365452320887,-4.8220933389628415
14.84,-0.9705150259156096,-0.8979204564134818,-4.833390946910447,-0.9704787820591119,-0.897902208620249,-4.833612244204993
14.86,-0.969167214223747,-0.8873629477959578,-4.8447041514104585,-0.9691285128120336,-0.887321741752964,-4.844999110868382
14.88,-0.9677003086668047,-0.8767196162373067,-4.856006705982981,-0.9676502261947193,-0.8766975245558807,-4.856258329272086
14.9,-0.9660679070523637,-0.8660635079134381,-4.867157179924115,-0.966044254726734,-0.8660319467956652,-4.867394207777121
14.92,-0.9643586790064634,-0.8553644595726457,-4.878128496118651,-0.9643109596485342,-0.8553274075424464,-4.878410973498248
14.94,-0.9624845991798804,-0.8445987894389827,-4.889080789132838,-0.9624507308402134,-0.8445863146301931,-4.889312773257421
14.96,-0.9605078124492651,-0.8338536395421955,-4.899822474432246,-0.9604639867338034,-0.8338110841150979,-4.900103674749892
14.98,-0.9583844253418289,-0.8230232851499176,-4.910574963279834,-0.9583511742191547,-0.8230041397321229,-4.910787667896583
15.0,-0.9561497540693544,-0.8122001814295656,-4.921098275007372,-0.9561127685434143,-0.8121679123498152,-4.921368666358864
15.02,-0.9537962649869172,-0.8013317002129762,-4.931592290531389,-0.9537492732041253,-0.801304839423512,-4.931850509194212
15.040000000000001,-0.951293328736134,-0.7904370343630954,-4.942023982868572,-0.9512612198359732,-0.7904173644470782,-4.942236962633313
15.06,-0.948688814759838,-0.7795462559801355,-4.952246510258518,-0.9486491680912019,-0.7795079364032721,-4.9525317219612095
15.08,-0.9459554441092829,-0.7685878399672542,-4.962527731421325,-0.9459137055137277,-0.768579009212882,-4.962738413486833
15.1,-0.9430943842841731,-0.7576707819113772,-4.972597340794573,-0.9430554474069801,-0.757633041182754,-4.972860596586997
15.120000000000001,-0.9401167746582582,-0.7466896672136906,-4.982672215572568,-0.940075036695496,-0.7466724944528229,-4.982901765812413
15.14,-0.9370042548859109,-0.7357236568380207,-4.992641392629568,-0.9369731437803079,-0.7356998344423047,-4.992865353044658
15.16,-0.9338006180624195,-0.7247451660809744,-5.00248351203053,-0.93375046638814,-0.7247175292951161,-5.0027547296944235
15.18,-0.9304420797241256,-0.7137372949488088,-5.012380835626838,-0.9304077294144699,-0.7137280493247158,-5.012573208932345
15.200000000000001,-0.92698267616198,-0.702770282628747,-5.0220587286180285,-0.9269456847604713,-0.7027338664584352,-5.022324047944952
15.22,-0.9234122906338716,-0.6917431325159696,-5.03179461920554,-0.9233651111638851,-0.6917374536814559,-5.0320104502091425
15.24,-0.919700874558687,-0.680767245171755,-5.0414091721588195,-0.9196668140238533,-0.6807412844805469,-5.041635567779471
15.26,-0.9158966564427328,-0.6697694347070364,-5.0509627017563625,-0.9158516252197548,-0.669747832287685,-5.051202503583367
15.280000000000001,-0.9119549077845381,-0.6587686921539909,-5.060518016602503,-0.9119204029240882,-0.6587595699236977,-5.06071431372007
15.3,-0.9079189568441184,-0.6478087105488441,-5.069914365490416,-0.9078740314094367,-0.647778969042034,-5.070174009759773
15.32,-0.9037512584012306,-0.6368118155097614,-5.07940045201458,-0.9037134208495634,-0.6368084995728003,-5.079584561039996
15.34,-0.8994742371811121,-0.6258778948876215,-5.088713352483916,-0.8994395071146817,-0.6258506291671877,-5.0889488969567775
15.36,-0.8950993640506617,-0.614917309819664,-5.098043475305747,-0.8950532515609426,-0.6149078226424032,-5.0982699092487325
15.38,-0.8905891772007504,-0.60399269610951,-5.10736114775606,-0.8905556408141938,-0.6039825414272513,-5.107550454272461
15.4,-0.8859868761242055,-0.5931045235804623,-5.1165422931538265,-0.8859476865480507,-0.5930772430084662,-5.116793355268159
15.42,-0.881267035155739,-0.5821896667568706,-5.125815104485267,-0.8812304252563347,-0.5821943803779359,-5.126001404614653
15.44,-0.8764462663175574,-0.5713617751409087,-5.134940811223292,-0.8764049180199304,-0.5713364014809381,-5.135177366073357
15.46,-0.8715014874440167,-0.5605140609599237,-5.144118343469221,-0.8714722502681064,-0.5605057486655033,-5.144323977020957
15.48,-0.8664747241330274,-0.5497097142603828,-5.153231821578656,-0.8664335315343699,-0.5497048581330558,-5.1534439506708205
15.5,-0.8613308217177738,-0.5389583375186453,-5.162305191575688,-0.8612898952068873,-0.5389361593904135,-5.162539978283428
15.52,-0.8560633039449657,-0.5282035106986103,-5.171435317443436,-0.8560424982735455,-0.5282020747033062,-5.17161473136621
15.540000000000001,-0.850746714758939,-0.5175207628918271,-5.180412959993087,-0.850692521061707,-0.5175050185515276,-5.180670863863419
15.56,-0.8452670796645795,-0.5068545851828411,-5.189519955374103,-0.8452411669727091,-0.5068473970858277,-5.1897110143367735
15.58,-0.839724259516664,-0.4962436415519577,-5.19851927118573,-0.8396896622111768,-0.49623160758668405,-5.198737808137759
15.6,-0.8340885266193014,-0.4856675572741323,-5.207505400117633,-0.8340392555092063,-0.4856600379250689,-5.207753859572539
15.620000000000001,-0.8283122173971829,-0.4751413916020936,-5.2165744219912895,-0.8282912178454771,-0.47513506602532607,-5.216761774060569
15.64,-0.8224957833592008,-0.46467394467511075,-5.225511934425587,-0.8224468421593707,-0.4646590593303034,-5.225764150288026
15.66,-0.8165384604678693,-0.4542323979881641,-5.234555308524722,-0.8165074430601322,-0.4542343742688134,-5.234763582357286
15.68,-0.8105067620786985,-0.44387867816361387,-5.2435372642855915,-0.8104743565311765,-0.4438633557256012,-5.24376266193365
15.700000000000001,-0.8043943426185948,-0.4335504166543223,-5.252533618550125,-0.8043489396295731,-0.4335483365138906,-5.252763980390628
15.72,-0.7981538142685627,-0.4232960629541946,-5.261565792535022,-0.7981325701807966,-0.42329163685065113,-5.26177013095503
15.74,-0.7918721947696679,-0.4131078321862799,-5.270541104853337,-0.7918266464688055,-0.41309556383470025,-5.270783710853186
15.76,-0.7854610874261413,-0.40295714259297827,-5.279610885102908,-0.7854325869215146,-0.4029624109277493,-5.279807323459541
15.780000000000001,-0.7789816251477077,-0.3929073659642313,-5.288612381028597,-0.7789518297917443,-0.3928944574385286,-5.288843580448893
15.8,-0.7724277496802967,-0.3828934721260991,-5.297677665064074,-0.7723858328337034,-0.38289396801008513,-5.29789510395348
15.82,-0.7657565322121224,-0.37296141654808357,-5.306767196062869,-0.7657360729750886,-0.3729631921103842,-5.306964528726069
15.84,-0.7590431134326385,-0.3631170141381525,-5.315810735619155,-0.7590040459848713,-0.3631043635263247,-5.316054504310142
15.860000000000001,-0.752215936574306,-0.3533093611681373,-5.324987776115375,-0.752191266136842,-0.35331969986127487,-5.325167697218189
15.88,-0.7453312314283757,-0.3436178168930874,-5.334068276639744,-0.7452992658690041,-0.3436114020362666,-5.33430679311897
15.9,-0.7383581348839319,-0.3339834039004887,-5.343264686546375,-0.7383295954388633,-0.3339816537949133,-5.343474499034605
15.92,-0.7313094106048733,-0.3244248803614434,-5.352475184669344,-0.7312838225747275,-0.32443262121222044,-5.352673545548042
15.94,-0.7242021085588589,-0.31497077965242437,-5.3616494753264945,-0.7241635321230653,-0.3149664522073534,-5.361906689021462
15.96,-0.7169822015928379,-0.3055796223613893,-5.371003766043459,-0.7169703256920142,-0.3055852760604887,-5.37117671382589
15.98,-0.7097495903870826,-0.2962880416161041,-5.380228174448836,-0.7097058212911314,-0.29629120293387545,-5.380486434582075
16.0,-0.7023949848983264,-0.2870786827548306,-5.389624238026071,-0.7023716529674326,-0.2870863233971684,-5.389838698412566
16.02,-0.6949885715515847,-0.27797178076631884,-5.399036176292357,-0.6949694704378466,-0.2779727079571963,-5.3992363872045015
16.04,-0.6875461209602076,-0.2689430939601496,-5.408416734042883,-0.6875009387181308,-0.26895240659222674,-5.40868241988245
16.06,-0.6799790270440675,-0.26001654875098223,-5.41799459429455,-0.6799677377483477,-0.2600274482908485,-5.418179754690252
16.080000000000002,-0.6724103615201626,-0.25120089702843756,-5.427482938789585,-0.6723715620149898,-0.25119984059558603,-5.4277313914804415
16.1,-0.6647386493022863,-0.2424548602364881,-5.437122705799502,-0.6647141201698299,-0.2424715691513304,-5.437340374009429
16.12,-0.657020753315045,-0.2338381106868392,-5.446790129087656,-0.6569971346455792,-0.23384459725869156,-5.447009792236161
16.14,-0.6492611284062748,-0.22530947928177977,-5.456495614340547,-0.6492223412684544,-0.22532086543238725,-5.456742784621437
16.16,-0.6414003391841397,-0.21688991869113694,-5.466351308288466,-0.6413914888677251,-0.2169022909647465,-5.466542540424528
16.18,-0.6335483932234789,-0.20857909703458896,-5.4761385872474095,-0.6335063388823441,-0.20859076749444808,-5.476412301993071
16.2,-0.6255883059082127,-0.2003659576384273,-5.486159351344628,-0.6255686649647341,-0.20038816458057038,-5.486355367041564
16.22,-0.6175999861708773,-0.192291494899305,-5.496142978596006,-0.6175802525818268,-0.19229632728205756,-5.496375090912961
16.240000000000002,-0.6095789878387969,-0.18429428015479582,-5.5062214054346,-0.6095428986134529,-0.1843170757427051,-5.506474888817058
16.26,-0.6014715144008285,-0.1764324801819055,-5.516470852018531,-0.6014584109481588,-0.17645220478174373,-5.516658238038385
16.28,-0.5933646815104514,-0.16869242795116215,-5.526654102891919,-0.5933286080765442,-0.16870348349011696,-5.526928680105341
16.3,-0.5851644366902063,-0.1610476068841639,-5.537097206942233,-0.5851553186822187,-0.16107265483254893,-5.537289822911107
16.32,-0.5769731753418382,-0.15354352315413455,-5.547483166448568,-0.5769403812304699,-0.1535614352554942,-5.547745342775674
16.34,-0.5687081154523419,-0.14614812625376083,-5.558070370578147,-0.5686856435547236,-0.14617151430104453,-5.558298986436959
16.36,-0.560404975639694,-0.13888503507236927,-5.568750315815195,-0.5603929624408984,-0.13890455422688786,-5.568954572957472
16.38,-0.5520997235779388,-0.13174758213570062,-5.579439471720175,-0.5520642032097521,-0.1317621896324124,-5.57971599553137
16.4,-0.5437063910234862,-0.12470973998179372,-5.590383417862823,-0.5437012392973025,-0.12474602709102361,-5.590587223174996
16.42,-0.5353441389996196,-0.11784107213791609,-5.601296960628672,-0.5353059518334204,-0.1178576447887659,-5.601572302282034
16.44,-0.526884363183617,-0.11107510694007543,-5.612464348304602,-0.5268802292187058,-0.11109859216933968,-5.612675358022317
16.46,-0.5184545400399386,-0.10444609140282753,-5.623647745405857,-0.51842596669971,-0.10447038958556812,-5.6239005955611185
16.48,-0.5099677631886299,-0.09794395094290416,-5.634968242352998,-0.5099450659426313,-0.09797452795741998,-5.635252301073227
16.5,-0.5014486463553874,-0.09157706485346227,-5.646523957124386,-0.5014394346055587,-0.09161246843664483,-5.646734842523526
16.52,-0.49294396021676523,-0.08536847707010747,-5.658065271132798,-0.4929109859093763,-0.08538564207811197,-5.658352670182943
16.54,-0.4843583409234532,-0.07926305614819829,-5.669894830619215,-0.4843616382074092,-0.07929544951791284,-5.670110316845609
16.56,-0.47582663396379316,-0.07330828476626089,-5.681701045930539,-0.4757933145539135,-0.07334326065830596,-5.682012397709827
16.580000000000002,-0.4672188416485788,-0.06749741255634267,-5.693832224907144,-0.46720794227151785,-0.06753041435957988,-5.694063609881984
16.6,-0.4586230338342513,-0.06182544114790086,-5.706019196667493,-0.4586074525177001,-0.061858218138896,-5.70626873145893
16.62,-0.45001060266351556,-0.056299020672351464,-5.718331505788426,-0.4499937798503951,-0.05632794787617762,-5.718632620140509
16.64,-0.44137596137768675,-0.050904209222518426,-5.7309538594162355,-0.44136886179284884,-0.05094084752712216,-5.731160211319831
16.66,-0.4327676212344095,-0.045656330424224796,-5.743512046371906,-0.4327346383977949,-0.0456981288433877,-5.743856515594802
16.68,-0.42408839071151855,-0.040550862609020036,-5.756480359892144,-0.4240930518110744,-0.04060097110003161,-5.756726615639973
16.7,-0.4154771087205306,-0.035614560759139824,-5.769498217415284,-0.41544604583476974,-0.03565052083024384,-5.769775662373437
16.72,-0.4067947440276121,-0.030810705072484495,-5.782717468361415,-0.40679556548998097,-0.030847891567455127,-5.783008870348895
16.740000000000002,-0.39815143988887913,-0.026154177907071738,-5.796176661100132,-0.398143556579316,-0.026194163594860043,-5.796431512298591
16.76,-0.3895150538706258,-0.021645460571507312,-5.80970765875813,-0.3894919652492148,-0.021690383702426458,-5.810048912748253
16.78,-0.3808353995473968,-0.017286136109533487,-5.823625767025515,-0.3808427375521869,-0.017337564951431378,-5.823866440620925
16.8,-0.37222949546957346,-0.013094440917059122,-5.837562236547801,-0.37219781900907345,-0.013136686446587248,-5.83788950074244
16.82,-0.36354679669839945,-0.009046027567845208,-5.851875768890589,-0.36355915417143636,-0.009088693115809454,-5.852123524157508
16.84,-0.35494534061103744,-0.005156972318532547,-5.866266812545885,-0.35492868618415496,-0.0051944954976664015,-5.866573957162233
16.86,-0.3463091019873959,-0.0014221651225528014,-5.880939966314005,-0.34630835634834073,-0.001454969536564904,-5.881246248956152
16.88,-0.3377019666369853,0.002173594155224048,-5.895855057786441,-0.3377001036846753,0.002129043614277154,-5.896145837815187
16.9,-0.32913018719956577,0.005610727136684445,-5.91091301902245,-0.3291058644972516,0.005556737782039023,-5.911278135686149
16.92,-0.32051136835691135,0.008883522107473304,-5.926366830223137,-0.32052757193802645,0.008827341955634727,-5.926648511103993
16.94,-0.3119960039021155,0.011988652853441122,-5.941907839247335,-0.31196715557199556,0.011940120459137615,-5.942262270335079
16.96,-0.3034166032850089,0.0149424465391636,-5.957857817403704,-0.3034265409431547,0.014894373117264048,-5.958124636653723
16.98,-0.29491950297214786,0.017733397555183602,-5.973907570404588,-0.29490764914138234,0.01768943541286548,-5.97424072766529
17.0,-0.2864174811245791,0.020367184243101556,-5.9902822293227205,-0.2864123963703128,0.020324678636403873,-5.99061553059777
17.02,-0.27793346769972854,0.022841952784321298,-6.006945851416933,-0.2779426935163195,0.022799510027368963,-6.007253875495123
17.04,-0.26952481059010913,0.025156667742764365,-6.023758561072701,-0.26950044571868514,0.025113372907612674,-6.024160406260392
17.06,-0.2610768257526042,0.027306820135247097,-6.041028638938933,-0.26108755194106453,0.027265746806566377,-6.041339549514794
17.080000000000002,-0.2527354610865386,0.029321952015493893,-6.058362679763252,-0.25270590454434483,0.029256147578311978,-6.058795481261143
17.1,-0.24435409426696125,0.031146848834079296,-6.076147722995526,-0.24435738886098618,0.03108412751048384,-6.0765320913664915
17.12,-0.23605198727935867,0.03282725757590003,-6.0941550983132435,-0.23604388277093855,0.032749275424976326,-6.0945529459098875
17.14,-0.22778547983499672,0.03432230142035614,-6.112437838759456,-0.2277672562792393,0.03425121677043251,-6.112861247476979
17.16,-0.21951966277900017,0.03565975738532341,-6.131118933530883,-0.21952937109538756,0.03558961370649269,-6.131459793524014
17.18,-0.2113593159126481,0.036841772448787315,-6.149923277522037,-0.2113320802145757,0.03676416517978803,-6.150350932979589
17.2,-0.2031714950377982,0.03784091490239574,-6.169182446442398,-0.20317722750088166,0.037774606991658,-6.1695365213031055
17.22,-0.19507964929040736,0.038695239507997206,-6.188644579423044,-0.19506664727252382,0.03862071185757782,-6.189017874274066
17.240000000000002,-0.1870175546323547,0.03937403733399475,-6.2083898204557215,-0.18700216388925217,0.039302289458283214,-6.208795720845674
17.26,-0.17897739917408417,0.039885746733814106,-6.228540654319676,-0.1789855913419895,0.0398191864825796,-6.228870155458624
17.28,-0.1710427252754377,0.04025032119721556,-6.248824519206966,-0.17101873284479494,0.04017128666182794,-6.2492405902759165
17.3,-0.16308195452123778,0.04041404736834325,-6.26949659359205,-0.1631033804292569,0.040358510796097,-6.269905707865207
17.32,-0.1552144830123044,0.040427264535854705,-6.29042879361689,-0.1552413145414055,0.04038081677197884,-6.290863414920377
17.34,-0.14740931829881052,0.04028332203710422,-6.311599058527327,-0.1474343036412237,0.04023819957206109,-6.312110797676574
17.36,-0.13963692813877213,0.03997725914790626,-6.333249995136304,-0.13968410380485483,0.039930691276055974,-6.333644079730673
17.38,-0.13197322726042648,0.03951338664870714,-6.3549832131596,-0.1319924583296044,0.03945836105358423,-6.355458583029567
17.400000000000002,-0.12431780425178938,0.03887709691311551,-6.37708352116669,-0.12436109734180124,0.03882131514861615,-6.377548692829297
17.42,-0.11674884951889389,0.03808400046340825,-6.39950309817289,-0.11679173740764437,0.03801969685557462,-6.399907827455591
17.44,-0.10925690191506784,0.037131220502890354,-6.4220290248581895,-0.10928608114706813,0.037053686487101334,-6.422528413708858
17.46,-0.10178352840368883,0.03600145247529283,-6.444952995991128,-0.1018458168507754,0.03592350133349927,-6.445401868750171
17.48,-0.09443576291613345,0.034724429752635656,-6.468069755985405,-0.09447261810047586,0.034629395613856286,-6.468518589278227
17.5,-0.08713434421169088,0.03326834342860932,-6.4913555144876245,-0.08716814339243541,0.0331716604188612,-6.491867948757388
17.52,-0.07988882129820206,0.031642628622653476,-6.51501958104075,-0.07993403576442581,0.03155062364532821,-6.515438303382964
17.54,-0.0727512934496494,0.02986877801864422,-6.538738600039956,-0.07277192242614426,0.029766649922441046,-6.539217007371016
17.56,-0.06565275529567186,0.027906492810950354,-6.562690711983665,-0.06568341439319329,0.02782014052973327,-6.5631904380362025
17.580000000000002,-0.05863517920993341,0.02577669606791842,-6.586901103159578,-0.05867010612470967,0.02571153330682819,-6.587344030973872
17.6,-0.051717724688674076,0.023489398190333244,-6.611105311630759,-0.0517335751647137,0.02344130255495249,-6.611662325494191
17.62,-0.044834800495665274,0.021047888505761482,-6.635595566088664,-0.044875381787259486,0.021009958930248387,-6.636129020269794
17.64,-0.038064256772462224,0.01845672190555662,-6.6602674735078535,-0.03809706864547387,0.018418049328908184,-6.66072703895898
17.66,-0.031376033518357,0.015714233090307148,-6.6848962161086325,-0.0314001604245623,0.015666156764159635,-6.685438605359381
17.68,-0.02473363715995427,0.012803348097862715,-6.709767961875644,-0.024786163498850267,0.012754900235124319,-6.710245327438724
17.7,-0.018211370808951872,0.009744585514653544,-6.734666919229212,-0.018256565592943492,0.00968493458758147,-6.735128289386398
17.72,-0.011756825052740814,0.006534675899106572,-6.759517417187295,-0.011812835447089871,0.0064569503666722676,-6.760068150639534
17.740000000000002,-0.005398621860538628,0.003144131892766764,-6.784602676351646,-0.005456422486803727,0.0030716736615690314,-6.785045250667057
