t,Xo,Yo,Vx,Vy,Vx_des,Vy_des
0.0,0.0,0.0,0.0,0.0,0.0,0.0
0.02,8.364610357698394e-8,-5.727829659495116e-8,1.4991081658136981e-5,-1.4849825075114058e-5,2.7701209189437715e-5,1.5993300582399995e-5
0.04,2.8701328942652047e-7,-4.070602623788946e-7,-5.156512930209673e-6,-6.93984482122344e-6,0.00021626572515858733,0.00012486107463679998
0.06,1.4373623094952218e-6,1.1110246009854647e-6,0.00026751485517734897,0.00027066782802601943,0.0007120963745288708,0.0004111290335232
0.08,1.4444861898683508e-5,1.3080430070429202e-5,0.001042292506580994,0.0009521063878148919,0.0016462964254121098,0.0009504896843776001
0.1,4.638415802902112e-5,4.185722407151243e-5,0.0023039280366397748,0.001963150019171056,0.003135192649239914,0.0018101043200000001
0.12,0.00010872301319126595,9.634463881492163e-5,0.003918863196046353,0.0036838329613363475,0.0052808583825930695,0.0030489050087424
0.14,0.00020643529838360907,0.00019416838886683474,0.006143487025633098,0.0060849483553019465,0.00817163658903093,0.004717896584396801
0.16,0.00036277798163051906,0.00034012991429088665,0.009462854636035573,0.008696423353422016,0.011882662920920786,0.006860458636083199
0.18,0.0005877986287347425,0.0005483021309433043,0.013304449172403454,0.012105045799841415,0.01647638878126729,0.009512647498137596
0.2,0.000899809183500977,0.000831174054676808,0.018415014708268864,0.016013781034313827,0.022003104385541823,0.012703498240000005
0.22,0.0013424036529580009,0.0011782350389771773,0.02564573034180835,0.019064370998673957,0.028501461823511834,0.016455326656102394
0.24,0.0019297436554621297,0.0016033485731310898,0.03352851334432303,0.02335842192753955,0.03599899812107036,0.0207840312557568
0.26,0.002687556400349949,0.002116427852009114,0.042236882750012396,0.028148391885687418,0.04451265830206527,0.025699395253043208
0.28,0.0036292388246963896,0.0027334029875711267,0.052186060004180995,0.033652658003570264,0.054049318450128704,0.03120538855669761
0.3,0.004777588639335385,0.0034679876682859523,0.06290836227266375,0.0397004703713308,0.0646063087705065,0.037300469759999996
0.32,0.006151500933817773,0.004317623546815506,0.07453137170718577,0.045505670887008576,0.07617193665188755,0.04397788813066239
0.34,0.007769775953543532,0.005298690224636866,0.08748806921760466,0.052736801908357084,0.08872600972823325,0.05122598560071681
0.36,0.009654218629879445,0.006431803702513265,0.10116466315990819,0.060654486214044706,0.10224035894060661,0.059028498756403175
0.38,0.011823185553168875,0.007729324268488676,0.11586777598035004,0.06911920303949096,0.11667936159900219,0.06736486082805758
0.4,0.014293529626732632,0.00920021843410001,0.13133964806473752,0.07796592118455538,0.132000464444175,0.07621050368000003
0.42,0.017079454720767367,0.010849985174965058,0.14740405814287919,0.08695071574139791,0.14815470670946976,0.0855371598004224
0.44,0.020193473257710974,0.012682117823348996,0.1641101015353717,0.09625363108969116,0.16508724318265106,0.09531316429127677
0.46,0.023646158661155055,0.014694406780672848,0.1812492873243837,0.10459066025579983,0.18273786726773208,0.1055037568581632
0.48,0.027466125598498932,0.0168794943425486,0.20074930973066005,0.11454469190776302,0.201041534046804,0.11607138380021759
0.5,0.031667847546335344,0.019286685926378284,0.219508617677765,0.12559233050175844,0.21992888334186583,0.126976
0.52,0.036241692838096036,0.021900681708282944,0.2378885345114735,0.13572271359966687,0.2393267627766533,0.13817537091338244
0.54,0.041187191520721755,0.024716344552330956,0.2571641678569593,0.14619452708640165,0.25915875083846834,0.1496253745594368
0.56,0.0465456514453937,0.027774366406359698,0.27889218891560635,0.15954072717879655,0.27934567994000903,0.16128030351032321
0.58,0.052322390657185455,0.031082730977290324,0.29836154614754573,0.17039290250390637,0.2998061594811981,0.17309316688117754
0.6,0.05847632493684961,0.034579986752575655,0.31776215765744525,0.1799204526891926,0.32045709891101337,0.18501599232000004
0.62,0.06505918273204257,0.038313241218276194,0.3403844758529521,0.19299402032921836,0.3412142307893155,0.19700012799754235
0.64,0.07205675457435531,0.042269079645494485,0.35927630626081203,0.20188226908103787,0.3619926338486795,0.20899654459719672
0.66,0.07945611524583918,0.04642465750943672,0.38173284200166724,0.21431844424228702,0.38270725605622263,0.22095613730488312
0.68,0.08729151997676639,0.050814329779169796,0.4007262306263394,0.22263256219838162,0.4032734376754342,0.23283002779893766
0.7000000000000001,0.09550076145517532,0.05537754243814349,0.42150613206053905,0.2350775359695594,0.42360743432800424,0.24456986623999993
0.72,0.10413114141568082,0.06021059030154063,0.44026814550294485,0.24596256684723813,0.44362694005565495,0.2561281332609023
0.74,0.11312612509346517,0.06525231006398023,0.460865902204194,0.25870429400832434,0.463251610381968,0.26745844195655677
0.76,0.12252842700239934,0.07053639616079657,0.4785193402248871,0.2679009272576129,0.4824035853742143,0.27851583987384315
0.78,0.13229785426703086,0.07601421298486669,0.4991864889205782,0.279181375978144,0.5010080127051845,0.28925711100149765
0.8,0.14244276007470544,0.08168282732101453,0.5161764017958098,0.2870549788511735,0.5189935707150174,0.29964107776000026
0.8200000000000001,0.15294806169200953,0.08751871415911719,0.5334291751382174,0.2953108254111423,0.5362929914730282,0.30962890299146245
0.84,0.16374516631694605,0.09353318842249654,0.5475491816701142,0.3047499215417353,0.552843583839542,0.3191843919495169
0.86,0.17479413898427765,0.09967897020892277,0.5578393827587002,0.30873505161396403,0.5685877565277179,0.32827429428920324
0.88,0.18606252964911554,0.10589881347409365,0.5684000587131075,0.3101861600542585,0.5834735411653823,0.3368686060568576
0.9,0.19751535693954828,0.11211482701200981,0.5785370202752671,0.3100001549385303,0.5974551153568569,0.34494087168000015
0.92,0.20915254426863744,0.11827818699486622,0.5861374447968832,0.3056007746847319,0.6104933257447867,0.35246848595722235
0.9400000000000001,0.22095084026874454,0.12440301481943204,0.5931200892470332,0.30434671401393354,0.6225562110719727,0.3594329960480768
0.96,0.2328824178309086,0.1304920072399565,0.6012905070271103,0.30282242306700285,0.6336195252431981,0.3658204034629632
0.98,0.2449568015040827,0.13651419500833523,0.6078150536624305,0.298550367322741,0.6436672603870605,0.3716214660530182
1.0,0.2571886487369359,0.14244708189531968,0.615056875306102,0.2921794401587869,0.6526921699177957,0.3768320000000002
1.02,0.2695627253812763,0.14826680904520334,0.6224952158867728,0.2888687791181743,0.6606962915971166,0.38145318180618265
1.04,0.28204989834529043,0.15402681224107292,0.6282013490093538,0.2862741407319207,0.6676914705960336,0.385491850284237
1.06,0.2946675529960037,0.159718881936174,0.6336910044095015,0.28127505716594225,0.6736998825566891,0.3889608085471236
1.08,0.3074154628365642,0.16531611864178586,0.6409720200116427,0.27581020432222353,0.6787545566541826,0.3918791259979773
1.1,0.3202792220822895,0.17080879723927797,0.6463341453730475,0.2736617708397211,0.6828998986584079,0.3942724403199999
1.12,0.33323700114095806,0.1762597646398305,0.6504352876324022,0.27029973861498297,0.6861922139958728,0.39617325946634235
1.1400000000000001,0.34630183238413287,0.18164832936425837,0.6556550753777464,0.266184214100995,0.6887002308115342,0.39762126364999656
1.16,0.3594656486039621,0.1869429892250714,0.6612031853475803,0.262698372285442,0.690505623030628,0.3986636073336832
1.18,0.3726979992618547,0.19219814978219224,0.6633783744967225,0.26221619421945236,0.6917035334204941,0.3993552212197375
1.2,0.3859998479914951,0.19742694128106186,0.6664362985295327,0.2592106573549111,0.6924030966524125,0.39975911424000077
1.22,0.399368841124826,0.20260085240883283,0.6704178799906091,0.2563072874997821,0.6927279623634206,0.39994667554570174
1.24,0.41277840612119393,0.20773919419110323,0.6713973354586904,0.2576171073625339,0.6928168182181629,0.3999979764973563
1.26,0.4262118873049028,0.21288479003942562,0.6724578735906189,0.2560975766153659,0.6928203059942757,0.40000002950249836
1.28,0.43968555654456504,0.2180062376723164,0.674397838403506,0.2539044957863056,0.6928189519391066,0.40000237479484735
1.3,0.4531776025655946,0.22310062516176682,0.6749211877406022,0.25562297433646625,0.6928098755775999,0.4000180955141249
1.32,0.466662394535491,0.2282206426289253,0.6749796559698539,0.25567291825834515,0.6927809399274278,0.400068213530373
1.34,0.480171512321484,0.23332975136363932,0.6755192295120306,0.25385835956446057,0.6927154009604076,0.4001817303511275
1.36,0.4936914050040211,0.23841778485353973,0.6758278954167203,0.2548814528363718,0.6925935587630017,0.4003927672275406
1.3800000000000001,0.5071870992363657,0.24353892644796246,0.6754326831024411,0.2563603460802754,0.6923947940824244,0.4007370377530504
1.4000000000000001,0.5206912248331002,0.24865860677183088,0.6751001137431109,0.25520921331879853,0.6920998604212322,0.40124787783909777
1.42,0.5342018037269274,0.2537644587444607,0.6748880733037017,0.25516705785586774,0.6916932831755087,0.4019520902858922
1.44,0.5476776425235006,0.2589087363847011,0.6738951993217931,0.2578636473334342,0.6911657067898637,0.40286587939070295
1.46,0.5611434608741157,0.2640619088653989,0.6734014001313271,0.25761036736511117,0.6905160291751957,0.403991154027848
1.48,0.5746100339699415,0.2692061026609437,0.6724817183170548,0.2567023927194755,0.6897531698992238,0.4053124650528566
1.5,0.5880397521940045,0.2743902093333019,0.670696238657235,0.26011141009154953,0.6888973346473314,0.4067948151920428
1.52,0.6014421651283566,0.2795960360215032,0.6705000662022282,0.26051425447001303,0.6879806624408238,0.4083825380276001
1.54,0.6148399767825486,0.28479434537659537,0.6693842945769252,0.25921979209922574,0.6870471729495978,0.40999938925473506
1.56,0.6282120789324693,0.2900197540314934,0.6671408797271858,0.26219266286078374,0.686151967439192,0.41154993068197354
1.58,0.6415503913655592,0.2952778354574578,0.6674352187417953,0.2628622685812263,0.685359676648431,0.4129222185859405
1.6,0.6548864284717826,0.3005245445818169,0.667078092666442,0.2615177166251872,0.6847421901990842,0.4139917364891945
1.62,0.6682217551315697,0.3057662297030327,0.6654471102010725,0.26270203562963085,0.6843757428830204,0.4146264418589144
1.6400000000000001,0.6815353707577158,0.3110403500173187,0.6662936037858821,0.26310049059305396,0.6843374712439111,0.41469273028234055
1.6600000000000001,0.6948629733351513,0.3162909621430391,0.667614598207693,0.26170091192143013,0.6847015872623935,0.41406206283847946
1.68,0.708221656739412,0.32149832447993043,0.6678553795101427,0.26020216048428385,0.6855353428635618,0.41261795577616084
1.7,0.7215927165059813,0.3267150084482617,0.6693301785301149,0.2595553876156288,0.6868949778881845,0.4102629988337641
1.72,0.7350080624676669,0.3318884079925705,0.6728405062439526,0.2572089039952066,0.6888218539728841,0.4069255515551749
1.74,0.7484892168114392,0.33698612240726583,0.6757350406449529,0.25364313167976343,0.6913389767726722,0.4025657669770519
1.76,0.7620278135739627,0.34205365504299606,0.6781644579269255,0.2517511720407246,0.6944480989080446,0.39718060947164996
1.78,0.7756482754591252,0.34705768415620186,0.683686286828774,0.24785896102464497,0.6981275761943486,0.3908075678664757
1.8,0.7893673533273037,0.3519601232097548,0.6889825297776546,0.24307452638312999,0.7023311208616718,0.3835268149307868
1.82,0.8031783602834226,0.35680056867893406,0.6925646193625926,0.24038715576196384,0.7069875587987726,0.375461627841437
1.84,0.8171019887360542,0.3615623385945802,0.699032069088687,0.2350405863120889,0.7120016549526401,0.36677695854890263
1.86,0.8311432800399289,0.36621229985711445,0.7053574363656243,0.23040590615183,0.7172560238097427,0.3576761247266934
1.8800000000000001,0.8452844819377483,0.370795507088104,0.7098560603424616,0.22755008674529553,0.722614092536053,0.3483956774622781
1.9000000000000001,0.859548413699778,0.3752915499720161,0.7157768870980539,0.22179527747918448,0.7279240351560047,0.3391985870592464
1.92,0.8739231787334136,0.37969280603551414,0.7209771769481632,0.2188442925964689,0.7330235494279917,0.3303659692462421
1.94,0.8883777728598093,0.3840473199388505,0.725696339631521,0.21608103677926127,0.7377453060644998,0.32218764685083473
1.96,0.9029334403991055,0.38832215821320554,0.7295739837480489,0.21186341505777495,0.7419228646959031,0.3149519030496464
1.98,0.9175537580852634,0.39256053215950626,0.7316019012845316,0.211602383946387,0.7453968242455417,0.3089348286062332
2.0,0.9322176638844696,0.39677772824140917,0.7349735717956153,0.2097545609889145,0.7480209585507827,0.3043896946636714
2.02,0.9469212756145523,0.40095876364939625,0.7352661595886527,0.20995609519064337,0.7496680820662655,0.3015367930485137
2.04,0.9616144539288294,0.4051764938644496,0.7341634200231236,0.2110438745051117,0.7502353957642593,0.30055417689975844
2.06,0.9763024105455043,0.4094032301147399,0.733777471859566,0.21142692386457654,0.7496490798277936,0.30156970589100446
2.08,0.9909370436307806,0.4136780684018932,0.7296793392967816,0.2166643880933147,0.7478679268209562,0.30465475339490106
2.1,1.005489546103338,0.4180368240951316,0.7259933441333178,0.2192721483884511,0.7448858456285437,0.30981986953245505
2.12,1.0199668259156676,0.4224554216075894,0.7205200100612185,0.22323684734293803,0.7407331110473714,0.31701261681739373
2.14,1.0342979277285402,0.4270087052180547,0.7128333806354297,0.23119267525089246,0.7354762845681088,0.32611770736605006
2.16,1.048490402996037,0.43167311544509307,0.7067793903064382,0.23562433496226687,0.7292167864010286,0.336959476221317
2.18,1.0625388719655695,0.4364446664411879,0.6972096172116969,0.2428276465127554,0.7220881547712755,0.349306628392492
2.2,1.0763778442213707,0.4414059684251716,0.6869070880856833,0.2516954948258683,0.7142520834572353,0.3628791020401426
2.22,1.0900401158647322,0.44649845065743915,0.679447379313181,0.25734469095860735,0.7058933800200732,0.37735680107870795
2.24,1.1035259365456733,0.4517087783579404,0.6689419019391293,0.2653147955985162,0.6972140328700601,0.39238987131905884
2.2600000000000002,1.116781672202682,0.45712038302821223,0.6567601251708145,0.2747471459699804,0.6884266131850418,0.4076101286809414
2.2800000000000002,1.1298445523950786,0.462680575301032,0.649376768498653,0.2804764163345775,0.6797472660350287,0.4226431989212922
2.3000000000000003,1.1427476825515337,0.46833196791030723,0.6414691709046407,0.28539753926804334,0.6713885625978666,0.4371208979598576
2.32,1.1554717541942345,0.47411754816571716,0.6309110234299927,0.2934299497657463,0.6635524912838267,0.4506933716075079
2.34,1.16801556244699,0.4800557174989546,0.6237411539394779,0.2986945986436912,0.6564238596540735,0.46304052377868293
2.36,1.1804390975352324,0.4860689829154009,0.6191235481546197,0.30208637120171716,0.6501643614869934,0.4738822926339498
2.38,1.1927716966691926,0.4921124691194292,0.614871003001649,0.3029260985898651,0.6449075350077308,0.48298738318260614
2.4,1.2050226097561991,0.4982121699142145,0.6098777722331086,0.30639650249473416,0.6407548004265584,0.49018013046754483
2.42,1.2172038813339512,0.5043672807397931,0.608597492433894,0.3080290907879921,0.6377727192341459,0.4953452466050989
2.44,1.229365553143821,0.5105212118774151,0.608730349682613,0.30719281696976924,0.6359915662273085,0.49843029410899553
2.46,1.2415497602148173,0.5166313330537718,0.6099059038370171,0.3031667714736018,0.6354052502908427,0.4994458231002415
2.48,1.2537747320436925,0.5226836110864842,0.6118467173880385,0.3019152994203911,0.6359725639888366,0.4984632069514862
2.5,1.2660342878740034,0.5287093277705153,0.615289155316358,0.3000582187163292,0.6376196875043194,0.49561030533632855
2.52,1.2783720031441603,0.534672772226379,0.6191103392815022,0.2961296841125477,0.6402438218095604,0.4910651713937667
2.54,1.2908154167941552,0.5405429820910378,0.6247343786042908,0.28992224261412425,0.643717781359199,0.4850480969503536
2.56,1.3033679499707085,0.546298066120415,0.6303919435670041,0.2861792819455495,0.6478953399906022,0.47781235314916526
2.58,1.3160151589251758,0.5519902095279451,0.6355309854686214,0.2827751422776584,0.6526170966271103,0.4696340307537578
2.6,1.3287869268743855,0.557596399445557,0.6412310924898376,0.2775066921041011,0.6577166108990974,0.46080141294075355
2.62,1.3416872281791647,0.5630919115028349,0.6484572498833504,0.2712635479432352,0.6630265535190492,0.4516043225377217
2.64,1.3547022079377664,0.5684856296517834,0.6534077799144932,0.26876720252768926,0.6683846222453593,0.4423238752733065
2.66,1.3678184955414938,0.5738229300457579,0.658448212108847,0.2648160917564651,0.673638991102462,0.4332230414510972
2.68,1.3810502158413607,0.5790806299863246,0.6641519419122814,0.2601787298998401,0.6786530872563296,0.4245383721585629
2.7,1.3943837051072496,0.5842424986459784,0.669055145037829,0.2570767058688899,0.6833095251934304,0.41647318506921305
2.72,1.407785021718928,0.5893739113898794,0.6719833139540561,0.25571955037756533,0.6875130698607534,0.4091924321335242
2.74,1.421267804997621,0.5944579901436884,0.6755830094471323,0.25253301796154043,0.6911925471470576,0.40281939052834986
2.7600000000000002,1.4348193327182428,0.5994806770993487,0.6790698250319784,0.250152906336377,0.6943016692824299,0.397434233022948
2.7800000000000002,1.448400770892843,0.6044954026619237,0.6799237166097462,0.2510657749038058,0.696818792082218,0.39307444844482503
2.8000000000000003,1.4620174843543647,0.6094989948554899,0.6815069519655702,0.24947283387608124,0.6987456681669175,0.38973700116623583
2.82,1.4756688688229962,0.614472803307646,0.6828821749303465,0.2479616495948924,0.7001053031915403,0.3873820442238391
2.84,1.4893141369914342,0.6194613885317893,0.6821007928079716,0.2505544795669934,0.7009390587927086,0.3859379371615205
2.86,1.5029547999757058,0.624466814570587,0.6822888114103391,0.2502939530312772,0.701303174811191,0.3853072697176594
2.88,1.516603028518449,0.629462635176293,0.6819298578674277,0.24932782100233705,0.7012649031720817,0.38537355814108554
2.9,1.5302234559634542,0.6344886607757192,0.6799838648654485,0.2528194023069934,0.7008984558560178,0.3860082635108054
2.92,1.543813450620072,0.6395478721496949,0.6796403484339507,0.2531745152924814,0.7002809694066711,0.3870777814140594
2.94,1.5573967845149226,0.6446042235817958,0.6785756806492296,0.25253656713828954,0.69948867861591,0.3884500693180264
2.96,1.5709494411979914,0.6496905028617933,0.6760776864309592,0.25578441033295013,0.6985934731055042,0.3900006107452649
2.98,1.584463001292667,0.6548162423605584,0.6757877961063654,0.25646190452764556,0.6976599836142783,0.3916174619723998
3.0,1.597967102932229,0.6599386336258751,0.6750382341356869,0.2557276495341364,0.6967433114077707,0.39320518480795713
3.02,1.6114516395997227,0.6650734982593539,0.6726012807972848,0.2580810500026167,0.6958874761558783,0.3946875349471433
3.04,1.6248995712882073,0.6702512820534268,0.6724719123856661,0.2588346696396009,0.6951246168799063,0.39600884597215186
3.06,1.6383435578251426,0.6754211212198185,0.6724926836869525,0.25790239794473074,0.6944749392652384,0.397134120609297
3.08,1.6517823062241785,0.6805813298397466,0.6708175333618915,0.25918110868815414,0.6939473628795934,0.39804790971410775
3.1,1.6651938481556452,0.6857818225658326,0.6704337694191089,0.2597683356677026,0.6935407856338699,0.39875212216090217
3.12,1.6786066960925443,0.690974232338012,0.6711756975579886,0.25913497495498317,0.6932458519726776,0.3992629622469495
3.14,1.6920254255413802,0.6961416469604367,0.6706080001312685,0.25905760650209514,0.6930470872921004,0.39960723277245935
3.16,1.7054253843957579,0.7013420850947552,0.6695445148774976,0.26000845093399,0.6929252450946944,0.39981826964887246
3.18,1.718828858235966,0.7065402315402196,0.6706275213486776,0.259428251307755,0.6928597061276742,0.39993178646962696
3.2,1.732243005173366,0.7117094492842166,0.6710290328026596,0.2583795630013813,0.6928307704775022,0.399981904485875
3.22,1.745645040843888,0.7168999020528036,0.6694351875647876,0.26019620357336326,0.6928216941159955,0.3999976252051526
3.24,1.75904681391368,0.722100481392862,0.6703097002590032,0.25942943999657614,0.6928203400608264,0.3999999704975016
3.2600000000000002,1.7724596865406381,0.7272754920260889,0.6712233292166062,0.25805618904362954,0.6928168182181638,0.3999979764973568
3.2800000000000002,1.785865329766339,0.7324564952970124,0.6696083603765969,0.26029204187620497,0.6927279623634216,0.39994667554570235
3.3000000000000003,1.7992613521798637,0.7376607698107489,0.669780497217146,0.25970639817011704,0.6924030966524112,0.39975911424
3.3200000000000003,1.8126649180382564,0.7428510921603966,0.6704559404600574,0.2586374094620091,0.6917035334204942,0.39935522121973754
3.34,1.8260578383006114,0.748037834782236,0.6688271069843973,0.26091984242946503,0.6905056230306279,0.39866360733368317
3.36,1.8394177900696345,0.7532702026388516,0.6674539742326496,0.26187279630226723,0.6887002308115345,0.3976212636499968
3.38,1.8527649449996944,0.7585149094193432,0.6668176835615462,0.26192752991535556,0.6861922139958728,0.39617325946634235
3.4,1.8660820626547008,0.7637654554739022,0.6645294915187412,0.26439313911370665,0.682899898658408,0.39427244032
3.42,1.879325228318611,0.7690955776208732,0.6605364903581995,0.26815031408546314,0.678754556654183,0.3918791259979776
3.44,1.8925118451438063,0.7744789883353136,0.6575762137132681,0.2700138288897609,0.6736998825566883,0.38896080854712317
3.46,1.9056303099141545,0.7799020076386181,0.6538430154864164,0.2727058662532789,0.6676914705960332,0.38549185028423677
3.48,1.9186316821803853,0.7854236538450261,0.6465050649458,0.2797821445724005,0.6606962915971161,0.3814531818061824
3.5,1.9314961228758278,0.7910716263347416,0.6401446789111433,0.28463312585001604,0.6526921699177953,0.376832
3.52,1.9442411075242008,0.796814300707569,0.6338418711970365,0.2890575490341705,0.6436672603870593,0.37162146605301755
3.54,1.9568382567911835,0.8026487149143566,0.625491230397315,0.2957395470852609,0.6336195252431981,0.3658204034629632
3.56,1.9692298056169757,0.8086625599885995,0.6137586697133393,0.30583566983632077,0.6225562110719726,0.35943299604807677
3.58,1.9814037408258371,0.814863902090079,0.6038278803063669,0.31347376394912174,0.6104933257447867,0.35246848595722235
3.6,1.9933979068582781,0.8212001762687352,0.5954345574809844,0.3199849533351188,0.5974551153568565,0.3449408716799999
3.62,2.0052016674510003,0.8276328715397255,0.5845194978922819,0.32293369419416235,0.5834735411653821,0.3368686060568575
3.64,2.016722898014384,0.8340870753533327,0.5670352225945676,0.3219320699172634,0.5685877565277176,0.32827429428920313
3.66,2.0279293107193794,0.8404910375463756,0.5527089605708493,0.31670165878650197,0.5528435838395416,0.3191843919495167
3.68,2.038815730931423,0.8467354947059665,0.5370958066640421,0.3085538987435445,0.536292991473028,0.3096289029914623
3.7,2.049377122616547,0.8527951387020145,0.5187501973341005,0.29706563684543336,0.5189935707150167,0.2996410777599999
3.72,2.0596005342277306,0.8586480742586167,0.5020841076081899,0.28702496660087184,0.5010080127051842,0.2892571110014975
3.74,2.069440931732837,0.8642609305192036,0.4836017130313817,0.2762189409962335,0.4824035853742141,0.27851583987384304
3.7600000000000002,2.0789130352781657,0.8696876898942021,0.46191791303151697,0.2653427861777115,0.4632516103819676,0.26745844195655655
3.7800000000000002,2.0879784638883163,0.8749039738757936,0.44521573848191576,0.2564640312425812,0.44362694005565484,0.2561281332609022
3.8000000000000003,2.096647595893949,0.8799002487141284,0.42235359874721684,0.2433715784237142,0.423607434328004,0.2445698662399998
3.8200000000000003,2.1049330190294744,0.8846653225178138,0.40433707820397313,0.2327588675251494,0.40327343767543383,0.23283002779893744
3.84,2.1127850291683927,0.8891842029518314,0.3830444917325902,0.2196557144510195,0.382707256056223,0.22095613730488334
3.86,2.1202554490798486,0.8934653527283142,0.3621933127132004,0.20832452882928873,0.3619926338486797,0.20899654459719683
3.88,2.1272865229685243,0.8974961708890786,0.3420240408482251,0.19500947688432357,0.3412142307893156,0.19700012799754243
3.9,2.13391925713444,0.9012845627068432,0.3203413939016405,0.18404524920917503,0.32045709891101337,0.18501599232000004
3.92,2.140120251576512,0.9048478710198492,0.3000539441696393,0.17195753216565307,0.2998061594811981,0.17309316688117757
3.94,2.1459136343491547,0.9081813314998649,0.2793269078867371,0.1613818167065849,0.27934567994000914,0.16128030351032327
3.96,2.151298167325014,0.9112847943694474,0.25923533097917856,0.14944681431915288,0.25915875083846845,0.14962537455943686
3.98,2.156286090918946,0.9141633355781383,0.23928021932913796,0.13794559128137665,0.2393267627766531,0.13817537091338233
4.0,2.160877736074686,0.9168078954815218,0.22030118821342282,0.12697769376000015,0.21992888334186575,0.12697599999999995
4.0200000000000005,2.165089057844373,0.9192333839661282,0.20082164156961926,0.115495345561239,0.20104153404680364,0.11607138380021736
4.04,2.168929720714716,0.9214434374530613,0.1830746807697791,0.10548221371029394,0.1827378672677323,0.10550375685816332
4.0600000000000005,2.1724075661615805,0.9234445371046792,0.1652103845445736,0.0948827416385147,0.16508724318265067,0.09531316429127655
4.08,2.1755423276510455,0.9252485152508698,0.1482141616897744,0.08549357601465979,0.1481547067094694,0.08553715980042219
4.1,2.178345057302298,0.9268660441929325,0.13209362181329504,0.07638906661314948,0.132000464444175,0.07621050368000003
4.12,2.180832544653569,0.9283037720914699,0.11683451841991252,0.06745419805376526,0.11667936159900193,0.06736486082805743
4.14,2.1830218857411534,0.9295731195605724,0.10230610486853854,0.05956459044758677,0.10224035894060693,0.05902849875640336
4.16,2.1849328997811526,0.9306860262665598,0.0887708386869373,0.05188593675435557,0.08872600972823286,0.05122598560071658
4.18,2.186580171826307,0.9316529681656514,0.07635499737118247,0.04484205774078246,0.07617193665188797,0.04397788813066263
4.2,2.1879872665284155,0.9324773604859047,0.06445077790602412,0.03733503775314374,0.06460630877050648,0.03730046975999998
4.22,2.189174530652545,0.9331593237950397,0.05420364053669249,0.03136257413460329,0.05404931845012851,0.031205388556697498
4.24,2.190157875009532,0.9337313436195999,0.04455349221286429,0.025779712407364434,0.04451265830206462,0.025699395253042833
4.26,2.19096376315253,0.9342027355190855,0.03600127904510938,0.02141529464005299,0.03599899812107041,0.020784031255756827
4.28,2.191606072891492,0.9345834109725705,0.028587243448392256,0.016952307582645525,0.028501461823512084,0.01645532665610254
4.3,2.192111074410038,0.9348882497795388,0.021881472355566478,0.013337577323110548,0.02200310438554237,0.01270349824000032
4.32,2.1924938850298195,0.9351220806366141,0.016704301108108034,0.010328688667310418,0.016476388781266303,0.009512647498137027
4.34,2.1927752640613645,0.9352995468505673,0.011636082637921144,0.007466990031167704,0.011882662920920248,0.0068604586360828885
4.36,2.192976641101382,0.9354294532688525,0.008305899353593564,0.005490236882030476,0.008171636589031094,0.004717896584396896
4.38,2.1931058625129913,0.9355193870277939,0.005312199231487723,0.0037450748436445467,0.005280858382593258,0.003048905008742508
4.4,2.1931930621644073,0.9355809077549739,0.0029497408700055257,0.0023229235439093006,0.0031351926492401735,0.0018101043200001497
4.42,2.193231183638528,0.9356257237852532,0.0013889816948547914,0.002286450760039874,0.0016462964254133172,0.0009504896843782972
4.44,2.193252888575451,0.9356539189451939,0.0007315314521356954,0.00033251113177767684,0.0007120963745281493,0.0004111290335227835
4.46,2.1932681984703017,0.9356556890446359,0.0008213051904942315,0.00032596359946667045,0.00021626572515821344,0.0001248610746365841
4.48,2.193270849834042,0.9356675222268639,-0.0006142951073769695,0.0005841490727591206,2.7701209189698866e-5,1.599330058255077e-5
4.5,2.1932594097919553,0.9356724892615196,2.6496031096713934e-5,5.9800231267843556e-5,6.2979823359318385e-65,-1.0908425391005267e-64
4.5200000000000005,2.193272954743694,0.9356743260256907,0.0007502272035276363,0.00025913339735002613,6.2979823359318385e-65,-1.0908425391005267e-64
4.54,2.1932697569180624,0.9356820114670803,-0.0010194367047784824,0.00015774738224419747,6.2979823359318385e-65,-1.0908425391005267e-64
4.5600000000000005,2.193251198714015,0.9356777509243484,-0.0002980728719969078,-0.00038435111074548793,6.2979823359318385e-65,-1.0908425391005267e-64
4.58,2.193264137214977,0.9356771757735393,0.0011689619447618406,0.0003184995432771794,6.2979823359318385e-65,-1.0908425391005267e-64
4.6000000000000005,2.193272348366581,0.9356793563565521,-0.0004792389112384852,-0.0001391454385891936,6.2979823359318385e-65,-1.0908425391005267e-64
4.62,2.1932606986167213,0.9356771331929689,-0.0002497835121196256,-0.00017261248875833303,6.2979823359318385e-65,-1.0908425391005267e-64
4.64,2.193268506742598,0.9356713969403191,0.0007905271161836104,-0.00032919402973684525,6.2979823359318385e-65,-1.0908425391005267e-64
4.66,2.1932789124689487,0.9356643146157184,0.0001661161548373844,-0.0003788699638441584,6.2979823359318385e-65,-1.0908425391005267e-64
4.68,2.193273602771968,0.9356589539007961,-0.0005422205241894615,-0.00022775575142159365,6.2979823359318385e-65,-1.0908425391005267e-64
4.7,2.1932697557356664,0.9356540790804823,0.0002823583876039273,-0.00017994046383371453,6.2979823359318385e-65,-1.0908425391005267e-64
4.72,2.193275604670533,0.9356577818250315,4.5631758656952964e-5,0.0005322870549298736,6.2979823359318385e-65,-1.0908425391005267e-64
4.74,2.1932750616929426,0.9356619325122367,2.2690297141429427e-5,-0.00032010166573031033,6.2979823359318385e-65,-1.0908425391005267e-64
4.76,2.1932742446979647,0.9356538267858019,-0.00028442717695400523,-6.0301247595387265e-5,6.2979823359318385e-65,-1.0908425391005267e-64
4.78,2.1932627275586434,0.9356570575838249,-0.0006793948660675167,0.00013800986766215396,6.2979823359318385e-65,-1.0908425391005267e-64
4.8,2.1932576283622605,0.9356564364011386,0.0002416469520331867,-0.00014897307108940728,6.2979823359318385e-65,-1.0908425391005267e-64
4.82,2.193259781258598,0.9356545869574857,-0.00023961149487675807,-2.3666931715484248e-5,6.2979823359318385e-65,-1.0908425391005267e-64
4.84,2.1932547991684426,0.9356579180941687,5.415630946684958e-5,0.00043988819117953015,6.2979823359318385e-65,-1.0908425391005267e-64
4.86,2.19325937687358,0.9356643719942612,6.95954357931262e-5,-8.466154576973889e-5,6.2979823359318385e-65,-1.0908425391005267e-64
4.88,2.19325456070229,0.935655817411522,-0.0004161090074191197,-0.0005117736854877816,6.2979823359318385e-65,-1.0908425391005267e-64
4.9,2.193249663772641,0.935652811051777,3.846456066455034e-5,0.0002633662622219934,6.2979823359318385e-65,-1.0908425391005267e-64
4.92,2.1932550842193406,0.935660878566458,0.00035298207899914344,0.000319006812232499,6.2979823359318385e-65,-1.0908425391005267e-64
4.94,2.1932572392253857,0.935660004320742,-0.00018279830840694283,-0.00036260857194060105,6.2979823359318385e-65,-1.0908425391005267e-64
4.96,2.193251239699337,0.9356532648880796,-0.00025107966427693107,-0.0001409300448391731,6.2979823359318385e-65,-1.0908425391005267e-64
4.98,2.1932514800482608,0.9356556728847927,0.0002542840211876476,0.00028996900832933066,6.2979823359318385e-65,-1.0908425391005267e-64
5.0,2.193256799998491,0.935659391529159,0.00013516032207962526,-9.16534293919659e-6,6.2979823359318385e-65,-1.0908425391005267e-64
5.0200000000000005,2.19325577550943,0.9356568331153201,-8.553180871496304e-5,-7.169849286923843e-5,8.278741569549287e-6,3.089668416029042e-5
5.04,2.1932572346951944,0.9356595466270076,0.00019541207610701281,0.00025620586578949106,6.463284821594253e-5,0.00024121307337978475
5.0600000000000005,2.1932609466626776,0.9356632723946341,0.0001910839788794656,0.0001370268327069654,0.00021281604774079908,0.0007942403028346653
5.08,2.1932671054029864,0.9356687497673475,0.00029872805892534817,0.0005314411160858521,0.0004920096649808153,0.0018362050675233429
5.1000000000000005,2.193267375792308,0.9356916969377685,0.0003043818432485249,0.002006999338163706,0.0009369789432767105,0.0034968530219308775
5.12,2.193300960911965,0.935762743141226,0.0019004796529682004,0.004825495854173781,0.0015782293659420063,0.005890032179692777
5.14,2.1933331193188006,0.9359000272973803,0.002806253617167248,0.009168460045217914,0.0024421629777320337,0.009114276313259643
5.16,2.1933947060173122,0.9361153279143876,0.0029447915074305754,0.012918050096488666,0.0035512347063128037,0.013253388353561312
5.18,2.193481330968481,0.9364311098524861,0.005098836095299026,0.018095776848360313,0.004924108683729695,0.018377023789670315
5.2,2.1935915150786522,0.9368541353842242,0.006908038222227786,0.02483647712169078,0.0065758145678767276,0.024541274068467508
5.22,2.1937425948730933,0.9374140925976048,0.007976985625631886,0.03144521260117541,0.008517903863964938,0.03178924999430438
5.24,2.1939375822291813,0.9381332341716531,0.01098445981934751,0.0401666644361938,0.010758606245991873,0.04015166512866951
5.26,2.194171480920262,0.93902270730361,0.013367985048144572,0.04941338213205504,0.013302985878209774,0.04964741918985011
5.28,2.1944697283175465,0.9401147224976822,0.015691418836963445,0.05985228524785686,0.016153097736595252,0.060284181452599256
5.3,2.1948223808910123,0.941433101726926,0.019780291197954936,0.07208584398651696,0.019308143930317292,0.0720589741477967
5.32,2.195239553304144,0.9430001657781223,0.022509484076063253,0.08495440612462604,0.022764630023207118,0.08495875586211676
5.34,2.1957343149087714,0.9448377393476993,0.02630718244968369,0.09885166735067048,0.026516521355226003,0.0989610049376885
5.36,2.1963000793256073,0.9469635298622289,0.030672113780420566,0.11386805135782728,0.03055539936393531,0.11403430287176423
5.38,2.1969481754476,0.9493937789901792,0.034377861978251816,0.129339648226531,0.03487061790596416,0.13013891771637917
5.4,2.1976879058908656,0.9521514358499226,0.039226876002520845,0.14658557064839994,0.039449459578479604,0.14722738747802047
5.42,2.1985189874962967,0.9552617061645512,0.04439245401745613,0.16455238252613424,0.04427729204065414,0.16524510351728616
5.44,2.1994535023439674,0.9587402009254556,0.048839858941531034,0.1831457472600483,0.049337724335136036,0.18413089394855495
5.46,2.2004880814831735,0.9625879398016002,0.05472261962355661,0.202208602464902,0.0546127632095167,0.2038176070396445
5.48,2.201630794732271,0.9668357327545168,0.05950786507382924,0.2220377616511154,0.06008296943780119,0.2242326946114819
5.5,2.202878773019875,0.971458243358275,0.06539443912297246,0.2406863189679948,0.06572761414187542,0.2452987954377615
5.5200000000000005,2.204238989852949,0.9764864992107948,0.07064801304318846,0.262502703797948,0.0715248351129767,0.26693431864461525
5.54,2.20570796067689,0.9819704937754692,0.07627063250857825,0.2859734532615882,0.07745179313316095,0.2890540271102707
5.5600000000000005,2.2072869230515635,0.987920441270332,0.08200031169592077,0.3084670827579164,0.08348482829677335,0.3115696208647218
5.58,2.208979745075704,0.9942992227025936,0.08721122346805427,0.32933138613193763,0.08959961633191543,0.3343903204893863
5.6000000000000005,2.2107934587585136,1.0010759203574198,0.09393862836546875,0.3479807855980918,0.09577132492191567,0.35742345051677643
5.62,2.212730697287771,1.008230666030401,0.10039864398603242,0.3686499882068723,0.10197477002679672,0.38057502283015693
5.64,2.214784699102069,1.0158546660666676,0.10365578008572178,0.39277181240628734,0.10818457220474574,0.4037503200632145
5.66,2.2168379983677218,1.0239263652641875,0.10404831262557351,0.41533852263119164,0.11437531293358282,0.42685447899972045
5.68,2.219020614622612,1.0324378388935391,0.11491204126914598,0.43321245674678,0.1205216909322288,0.44979307397319074
5.7,2.2213732065434635,1.0412339636665175,0.12102260314234298,0.4477049319477268,0.12659867848217615,0.47247270026655774
5.72,2.223813045897912,1.0504051015489158,0.12298968000197893,0.46941928475178973,0.13258167774895593,0.4948015575118272
5.74,2.226251201864781,1.0600138175662526,0.1241108106474206,0.4897862876552414,0.13844667710360817,0.516690033089748
5.76,2.228782481233672,1.0699281166700891,0.1310109112542791,0.5001550657941937,0.14417040744414938,0.5380512855294713
5.78,2.231392975026583,1.08009098972654,0.13221134006423033,0.517014555818107,0.1497304985170431,0.5588018279082207
5.8,2.2339976154661967,1.0906090841479952,0.13269209729040926,0.5310377364582374,0.15510563523866686,0.5788621112509499
5.82,2.2366701613349425,1.1013006308468853,0.13868964953292048,0.5385644135414087,0.16027571401678292,0.5981571079300126
5.84,2.2393866044344475,1.1121937679911302,0.13697751782624537,0.5501182707376087,0.16522199907200552,0.616616895064822
5.86,2.2420994220152477,1.1233216047374837,0.14033136657523226,0.5580101139346932,0.1699272787592711,0.6341772379215189
5.88,2.2448738796045284,1.134519204196083,0.1431993618773405,0.5634768597769096,0.1743760218893064,0.6507801733126336
5.9,2.2476791512172896,1.1458898616825748,0.14217409526172442,0.5695221167243871,0.17855453405009758,0.6663745929967507
5.92,2.25049216049033,1.1573567322074294,0.14695592391128162,0.5754040896605594,0.18245111392835925,0.6809168270781738
5.94,2.253365872022965,1.1688769886765178,0.1473563246528998,0.5767054739910558,0.18605620963100278,0.6943712274065876
5.96,2.256276287309717,1.1804908786940658,0.14865536278787345,0.5807308472992015,0.1893625750066062,0.7067107509767262
5.98,2.2591939339393288,1.1921442111291025,0.15198608743485503,0.5843168249243447,0.1923654259668819,0.7179175433280319
6.0,2.2621887898915407,1.2038287831371435,0.15348222157430694,0.5815204365831007,0.1950625968081465,0.7279835219443248
6.0200000000000005,2.2652182922558555,1.2155329068324179,0.15546030067417105,0.5870977974243606,0.19745469653278924,0.736910959653463
6.04,2.2682671379177943,1.2272701317621408,0.15793885309651212,0.5859536788988899,0.19954526517074042,0.7447130680270069
6.0600000000000005,2.2714150570687455,1.2389857286543209,0.1615642670389709,0.5823774468857092,0.20134093010094184,0.7514145807798882
6.08,2.274581911093757,1.2506995546495672,0.16241237934635527,0.5880904080167473,0.202851562372814,0.7570523371700683
6.1000000000000005,2.2777916464897507,1.2624436785638213,0.16580175447110132,0.5837867352453567,0.20409043302772636,0.7616758653982073
6.12,2.281106125869997,1.274113649444469,0.17008485651416305,0.5819454747913341,0.20507436942046403,0.7653479660073204
6.140000000000001,2.28442563817099,1.285803813638987,0.1690763120169715,0.586219243357217,0.2058239115406997,0.7681452952824528
6.16,2.287795492884581,1.2975148397696326,0.17401231900968264,0.5810437144028505,0.20636346833446056,0.7701589486503373
6.18,2.291261153857288,1.309123345306208,0.17713849321070568,0.580163515950958,0.2067214740255968,0.7714950440790566
6.2,2.294718179376427,1.3207919652639746,0.17474074229918615,0.5845374924844595,0.20693054443725284,0.7722753054777162
6.22,2.298208724257783,1.3324686137987571,0.18042847309242732,0.5799116202223599,0.20702763331333315,0.7726376460960978
6.24,2.3017842873642596,1.3440451560588342,0.18133476097773624,0.578725425066652,0.20705418863997316,0.7727367519243299
6.26,2.3053286564965387,1.3557133829871373,0.17838603573920567,0.5846414784285563,0.20705520317625556,0.7727406698483268
6.28,2.3088802164666085,1.3673780152667996,0.18341348777813987,0.5797810067401767,0.20705258734253962,0.7727413707588585
6.3,2.3125100208599028,1.3789659238495064,0.1826776812140002,0.5789346553160839,0.20703505315856338,0.7727460690292949
6.32,2.3160808091500025,1.3906542835145248,0.1800768537178602,0.5864538085321355,0.2069791537749601,0.7727610472239888
6.34,2.3196505720069625,1.4023263712662368,0.18359491444674672,0.5798644117417795,0.2068525422132139,0.7727949726897111
6.36,2.3232909928264394,1.4139472195961997,0.182511393848097,0.5806402977556417,0.2066171611628013,0.7728580428520827
6.38,2.326849681941144,1.4256584398035046,0.18026019344342759,0.5882852347427961,0.20623317728615412,0.7729609310217369
6.4,2.3304190644258114,1.4373486404519524,0.18221448653662992,0.5800762728367345,0.20566340920537887,0.7731135999188536
6.42,2.334035958625546,1.449010032442435,0.1812600305422887,0.5837981086021633,0.20487796228132737,0.7733240597878508
6.44,2.337558049077086,1.4607486525914113,0.1787576369258902,0.5890747279671699,0.2038587629688578,0.7735971534205534
6.46,2.341103971571626,1.472469861099776,0.17969084700172538,0.5815507734633623,0.20260368219531846,0.773933451300259
6.48,2.344655417577324,1.4841852627506398,0.17841158554095618,0.5884552627905686,0.2011299512423475,0.7743283363189684
6.5,2.3481151121991783,1.495967414757118,0.17529980399578696,0.5892094828181248,0.19947660449664453,0.7747713492442881
6.5200000000000005,2.3516006895145622,1.5077357104035296,0.17579162876056353,0.5849386300740593,0.1977057297796305,0.7752458536946087
6.54,2.3550467527526204,1.5195214037069182,0.1737219565713718,0.5926972866211325,0.1959023665633414,0.7757290634120734
6.5600000000000005,2.358423984812242,1.531357418265162,0.17062137305733976,0.5901087830667172,0.19417296231866685,0.7761924558828208
6.58,2.3618129571929614,1.5431868676525464,0.17066910400585936,0.5902670437052704,0.19264237404521278,0.7766025757746374
6.6000000000000005,2.3651417468641958,1.5550425377198174,0.1682434446146554,0.5949117433815371,0.19144948182759752,0.7769222102810048
6.62,2.3684376777025062,1.5669255623265819,0.1664679523856833,0.5918149906420263,0.19074155997447673,0.7771118973698529
6.640000000000001,2.371731655861577,1.5788041569478735,0.1666363833126654,0.5942376789271459,0.19066762484521663,0.7771317082280303
6.66,2.3749886175807458,1.590689520072524,0.16481772985151916,0.5942197066070887,0.19137104297725188,0.7769432279076102
6.68,2.378250947206485,1.6025810657898083,0.1658819772972227,0.5920568575194022,0.19298173511321512,0.7765116442505237
6.7,2.38153437453491,1.6144418178093198,0.16756981008826094,0.5924787676065593,0.19560834828243578,0.775807845373002
6.72,2.3848424481325505,1.6262708253112264,0.16809257208966988,0.5899426440665397,0.19933078703097595,0.7748104209164564
6.74,2.3882069614682075,1.6380632628824614,0.17261851935727734,0.5876581959898594,0.20419349487148883,0.7735074622775624
6.76,2.3916545145409294,1.6497851423161574,0.17748712485328344,0.5827965797103483,0.210199857606775,0.7718980622331941
6.78,2.395209324120446,1.6614185571865678,0.18260046675382213,0.5787086011356599,0.21730806188294535,0.7699934246377588
6.8,2.3988772547856883,1.6729696871875626,0.18872514445032798,0.5759526325092892,0.2254286865951994,0.7678175098040741
6.82,2.4027036806405224,1.6844176071189423,0.1975466557242888,0.5670663372023022,0.23442423391911532,0.7654071601631549
6.84,2.4066952533534,1.6957279966472123,0.20647538027676315,0.5624764643998423,0.24411072386014987,0.7628116730059625
6.86,2.410852956334179,1.70692875241829,0.21370285114735504,0.5577591251726642,0.2542613850199988,0.7600918115455391
6.88,2.4152064236716013,1.718035977167616,0.2249835759021751,0.5490218246463452,0.2646123789435483,0.7573182710828644
6.9,2.41976147954876,1.7289707537620982,0.23523215871366376,0.5441153707239423,0.27487040036899735,0.7545696425259742
6.92,2.42450986677795,1.73978245695818,0.24305491605706758,0.5365855987811654,0.2847219054426813,0.7519299396972495
6.94,2.4294419762444157,1.7505315442444205,0.2528288939711813,0.5345154648389994,0.2938436388039912,0.7494857786095145
6.96,2.434547303589101,1.7611563339355982,0.26299745493708615,0.5281567022215129,0.30191406234980944,0.7473233151378353
6.98,2.4398488918703394,1.771680180687849,0.2689993617387074,0.5216860875337315,0.3086252368467685,0.7455250613511109
7.0,2.4452820374023774,1.7821239456004128,0.2771990289367503,0.5205853051408668,0.3136946750409352,0.7441667094809044
7.0200000000000005,2.450811761436511,1.7925160770766526,0.2803235608999284,0.5199657341242433,0.31687667332632097,0.743314095610018
7.04,2.456423704896061,1.8029567809487945,0.28207381812129145,0.519856824415444,0.3179726392313207,0.7430204324308414
7.0600000000000005,2.4620846607085785,1.8133766630222623,0.28760155268679666,0.5205534510011797,0.3168399638205264,0.7433239318924503
7.08,2.467785628909128,1.8237656553720811,0.28584195789872185,0.5191917178784633,0.31339904044077294,0.7442459245332725
7.1000000000000005,2.473469404173553,1.8342123672243456,0.28252028360422304,0.5220963449963159,0.30763810196108854,0.7457895633465493
7.12,2.4790262707277653,1.8447598989889031,0.27771538161400167,0.532224842977468,0.29961563479773257,0.7479391769442758
7.140000000000001,2.4844690373074583,1.8554468153500514,0.2700963678646535,0.5354332562164352,0.28946022587645226,0.7506603105635407
7.16,2.4898173601425926,1.8662286581761474,0.26574446622083625,0.5385319413917035,0.27736780399806915,0.7539004652403899
7.18,2.495017163253149,1.8770602507948102,0.2579903502218582,0.546530360563026,0.26359634520351,0.7575905165029905
7.2,2.5000295143282156,1.8880642461196884,0.24602209034862044,0.5516724394245605,0.24845821788576106,0.7616467654927008
7.22,2.50485852730616,1.8991834390077287,0.23842509735075648,0.5575841937917682,0.2323104428372693,0.7659735487765037
7.24,2.5094718140765466,1.9103998683740864,0.2275866474407948,0.5647600998661045,0.21554323170221673,0.7704663094594632
7.26,2.5138825981752086,1.921722918315378,0.2144279623028348,0.5651137097145652,0.1985672404618169,0.7750150126030461
7.28,2.5180322730183735,1.9331067561709154,0.203952862296927,0.570982540032546,0.18180002932676437,0.7795077732860055
7.3,2.5219355012529734,1.9445249270059073,0.18990129951326637,0.5722878972241852,0.16565225427827257,0.7838345565698084
7.32,2.5256046734081683,1.9560220128140573,0.17844764879516953,0.5744962390689116,0.15051412696052363,0.7878908055595187
7.34,2.5290164190521103,1.9675420759873248,0.1659568535834925,0.5781093061771783,0.13674266816596448,0.7915808568221193
7.36,2.532197927207469,1.9791156167419648,0.15311104569034834,0.5782672894554055,0.12465024628758078,0.7948210114989687
7.38,2.535132788442356,1.990727969800876,0.14241222194860093,0.5823024632968717,0.114494837366301,0.7975421451182334
7.4,2.5378552361972573,2.0023916648288886,0.1308395075603748,0.5842147722829626,0.10647237020294471,0.7996917587159599
7.42,2.5403771768422962,2.0141256148727034,0.12277099765245583,0.5891174650577463,0.10071143172326062,0.8012353975292367
7.44,2.542732211157346,2.0259392219669112,0.11373530395315931,0.592447939939416,0.09727050834350705,0.8021573901700589
7.46,2.5449526371860625,2.0378630306908447,0.10880389459512423,0.5991796400949981,0.09613783293271286,0.8024608896316678
7.48,2.547051927869069,2.04988315792389,0.10277902408123714,0.6042584704972426,0.0972337988377127,0.8021672264524912
7.5,2.549065796760229,2.0620366840897857,0.09843090066510068,0.609125764141051,0.10041579712309838,0.8013146125816049
7.5200000000000005,2.5509778279586914,2.0742783750445226,0.09494778469369762,0.6161966356108632,0.10548523531726534,0.7999562607113982
7.54,2.5528145957590826,2.086613876221982,0.09042629749377147,0.6169084341837879,0.11219640981422407,0.7981580069246739
7.5600000000000005,2.554604749088698,2.099020937973931,0.09030165600243242,0.6213247463229608,0.12026683336004271,0.7959955434529946
7.58,2.556389879177682,2.111409992365203,0.09439461052487633,0.6183133106310282,0.1293885667213523,0.7935513823652597
7.6000000000000005,2.55831919467002,2.1237414644988033,0.10041037802983212,0.6118985510054618,0.13924007179503667,0.7909116795365349
7.62,2.560377760606311,2.135950555601906,0.11021205560970465,0.6092482560266373,0.14949809322048527,0.7881630509796448
7.640000000000001,2.5626126090048635,2.1480522963897455,0.11741101726401826,0.6012282517878037,0.15984908714403523,0.78538951051697
7.66,2.565053488973151,2.1600335969874584,0.12806645100001174,0.5946878122890654,0.1699997483038837,0.7826696490565467
7.68,2.5676600632343183,2.171880512327312,0.13773861149893088,0.5913941334459565,0.17968623824491828,0.7800741618993543
7.7,2.5704615376745448,2.1836541576409982,0.1463151428774632,0.583194963397616,0.18868178556883414,0.7776638122584351
7.72,2.5734507968175495,2.195298586089342,0.15577566669811976,0.5807264348345368,0.19680241028108822,0.7754878974247504
7.74,2.5765969496742507,2.2068714067052158,0.1627154032730833,0.577628287460643,0.2039106145572586,0.7735832598293151
7.76,2.5799053186159,2.2183996719324135,0.17146600695093425,0.5722129753642576,0.2099169772925447,0.7719738597849468
7.78,2.5833515793744333,2.2298288035796165,0.1770124816772255,0.5714863615494236,0.21477968513305756,0.7706709011460529
7.8,2.5869070579151665,2.2412553305078466,0.18184569682283303,0.5703393604213571,0.2185021238815978,0.7696734766895073
7.82,2.5905588317841115,2.252669440569695,0.187843431483036,0.5685100831394845,0.22112873705081845,0.7689696778119856
7.84,2.594306619125691,2.2640243870905996,0.18987493330811386,0.5676984582093878,0.22273942918678166,0.768538094154899
7.86,2.5980806333032898,2.275428688017016,0.19197881712744724,0.5701968815460907,0.22344284731881695,0.7683496138344788
7.88,2.6018947756690296,2.2868445994743363,0.19430686733438698,0.5696039101310866,0.22336891218955687,0.7683694246926563
7.9,2.605763133625995,2.2982391794064614,0.1948259517619276,0.5691654349551709,0.222660990336436,0.7685591117815044
7.92,2.6095901251055564,2.309699525490999,0.19288286316763598,0.5756531815407959,0.22146809811882082,0.7688787462878718
7.94,2.6134053573597997,2.321208465879456,0.193179330386019,0.5732397309809175,0.21993750984536664,0.7692888661796884
7.96,2.617250360607272,2.332696436825189,0.19337378938632968,0.5742344748808749,0.21820810560069218,0.7697522586504358
7.98,2.621016994938069,2.3442523791176795,0.18881529418348164,0.5814612258194127,0.21640474238440302,0.7702354683679006
8.0,2.6247506790935824,2.355879862393687,0.1884339210840445,0.5776121797702615,0.21463386766738904,0.7707099728182211
8.02,2.628496323603098,2.367465277530715,0.18876694774097844,0.5807815207841371,0.21298052092168607,0.7711529857435409
8.040000000000001,2.6321478611222857,2.379132241002767,0.1825882037594876,0.5860479982677945,0.21150678996871505,0.7715478707622502
8.06,2.6357832263954126,2.390850195295052,0.1838515847451987,0.5808506550523007,0.21025170919517575,0.7718841686419559
8.08,2.6394181578291573,2.402507696340046,0.1834156940736476,0.5862018843393407,0.2092325098827062,0.7721572622746584
8.1,2.6429625295035133,2.4142706793623585,0.17726298610189625,0.5883617647852568,0.2084470629586547,0.7723677221436556
8.120000000000001,2.6465217569680024,2.426028615914833,0.18098957114305142,0.5834596213834223,0.20787729487787943,0.7725203910407723
8.14,2.650071337765737,2.437731506114512,0.17863515664183874,0.5893174406922547,0.20749331100123225,0.7726232792104265
8.16,2.6535495470632737,2.449552372253302,0.17467117110675662,0.5885174568679871,0.20725792995081968,0.7726863493727981
8.18,2.657066156444215,2.461304808943162,0.179658213770806,0.5855505586147788,0.20713131838907348,0.7727202748385205
8.2,2.6605663063224596,2.4730367365674546,0.17521953496415657,0.5901704204014575,0.2070754190054702,0.7727352530332143
8.22,2.664019484600635,2.484871969113163,0.17458074378021765,0.5873804358454661,0.20705788482149395,0.7727399513036507
8.24,2.6675189459760635,2.4965994016665682,0.17879697973179973,0.5863733026561216,0.207055268987778,0.7727406522141824
8.26,2.670996167298446,2.508355922142385,0.17347404733106175,0.5898479231331969,0.20705418863997305,0.7727367519243294
8.28,2.6744449694876478,2.520174952464047,0.17571854291711636,0.5867679615299127,0.20702763331333293,0.7726376460960969
8.3,2.6779403292087687,2.5318853577621483,0.17771896893453817,0.5864854941743429,0.20693054443725278,0.7722753054777161
8.32,2.681407643616262,2.5436624541673716,0.17315705609305365,0.5892885901673341,0.206721474025597,0.7714950440790573
8.34,2.684861142544316,2.5554486840003383,0.17686657615778972,0.5862475469075176,0.20636346833446054,0.7701589486503372
8.36,2.6883654273290825,2.567153293365799,0.1769113030719886,0.5861696023512796,0.20582391154069982,0.7681452952824532
8.38,2.691837619306168,2.5789322062912245,0.17433047293161352,0.5885957269924289,0.205074369420464,0.7653479660073202
8.4,2.6953084398557627,2.5906811444542575,0.17765718152674892,0.585094678969999,0.20409043302772614,0.7616758653982066
8.42,2.6988269082160996,2.6023875731214723,0.1769555823079406,0.5859497679888945,0.20285156237281413,0.7570523371700688
8.44,2.7023095093982827,2.6141503923820837,0.17584707673377367,0.5880583201500827,0.20134093010094184,0.7514145807798882
8.46,2.705797893922085,2.6258812039918227,0.1774262417621618,0.5842930462040096,0.1995452651707402,0.7447130680270061
8.48,2.709312031651084,2.637603744705814,0.17685083251656744,0.5867261603644289,0.19745469653278888,0.7369109596534618
8.5,2.7127844753428163,2.649357663734501,0.17552332275772822,0.5878730813756304,0.1950625968081464,0.7279835219443244
8.52,2.7162582849595367,2.6611125346019393,0.17526525982148652,0.5855815262486678,0.19236542596688191,0.717917543328032
8.540000000000001,2.719720272461498,2.672877271309681,0.1749419382713054,0.589499999040561,0.18936257500660605,0.7067107509767256
8.56,2.7231341824775246,2.6846612436664103,0.17161182255026264,0.589596663525059,0.18605620963100278,0.6943712274065876
8.58,2.7265283618931515,2.69648976547463,0.17048110662267552,0.5898232319322766,0.18245111392835925,0.6809168270781738
8.6,2.7298802217604448,2.7083196884698815,0.16977296485826102,0.5930180414202811,0.17855453405009775,0.6663745929967513
8.620000000000001,2.733173307781423,2.7201922489734844,0.16418294401292086,0.5937607033022458,0.17437602188930618,0.6507801733126328
8.64,2.736423442329121,2.7321211952911293,0.1641691967398532,0.5951692823416758,0.1699272787592709,0.6341772379215183
8.66,2.7396246621740854,2.7440236132678333,0.16126607259809897,0.5976228902333385,0.1652219990720054,0.6166168950648215
8.68,2.7427297872073177,2.7559593655311994,0.15377974571278144,0.5908672136938357,0.16027571401678287,0.5981571079300124
8.700000000000001,2.745842543789608,2.767683084400117,0.16034368384658523,0.5779142282803748,0.15510563523866658,0.5788621112509488
8.72,2.7488628862524,2.779012306613557,0.1461814812333364,0.5586794800965381,0.1497304985170429,0.55880182790822
8.74,2.751785663744343,2.790019098276582,0.14625592039979335,0.5350277962826339,0.1441704074441494,0.5380512855294715
8.76,2.7545924319337614,2.8004668696335804,0.1392508118686953,0.5144058342575658,0.13844667710360822,0.5166900330897481
8.78,2.7572929605214505,2.810589492936626,0.13063502933226753,0.49336218985856495,0.13258167774895618,0.4948015575118282
8.8,2.7598418890451026,2.82022503111051,0.12772669989163848,0.47271939676974595,0.12659867848217593,0.4724727002665569
8.82,2.7623207407096086,2.8294469276246614,0.1205655032637906,0.44614788896252866,0.12052169093222881,0.4497930739731908
8.84,2.764651560887219,2.8381372746097187,0.11391299292145443,0.4247599036078622,0.11437531293358284,0.42685447899972057
8.86,2.766875055718496,2.8464551346543856,0.1086225642720162,0.40395777584532055,0.10818457220474599,0.4037503200632155
8.88,2.7689499627371474,2.854274790459187,0.10102133914402683,0.37886372063720836,0.10197477002679639,0.38057502283015565
8.9,2.7709283324327205,2.8616352619199437,0.09717252856344315,0.35698912573247354,0.09577132492191542,0.3574234505167755
8.92,2.7727817798253644,2.868529641067642,0.08958603345988729,0.3326289009826181,0.08959961633191538,0.3343903204893861
8.94,2.7745072486763718,2.8749555974063905,0.08279930942415496,0.30936044506563193,0.08348482829677335,0.3115696208647218
8.96,2.7761058392056164,2.8809458525335088,0.07844712787088313,0.2899666526150989,0.0774517931331607,0.28905402711026973
8.98,2.7775923572915255,2.8865102093816986,0.07077710315180627,0.2665190534607997,0.07152483511297643,0.26693431864461425
9.0,2.7789669881964008,2.8916341016081804,0.06585168158300869,0.2448662462750308,0.06572761414187539,0.2452987954377614
9.02,2.780212641969753,2.8963021061480836,0.06040291523359657,0.22292624554142737,0.0600829694378012,0.22423269461148193
9.040000000000001,2.7813666334275453,2.900568265951563,0.054650700040924226,0.20318667471924237,0.05461276320951647,0.20381760703964363
9.06,2.7824088600730925,2.904437608700508,0.04960079240985109,0.18412258271974039,0.0493377243351358,0.18413089394855406
9.08,2.783343777184605,2.9079281182387775,0.04442966055391591,0.1647578488905191,0.04427729204065403,0.16524510351728577
9.1,2.7841771617521114,2.911048160060677,0.03920064860619105,0.14739962094250691,0.03944945957847954,0.14722738747802022
9.120000000000001,2.784918020227092,2.9138181435179367,0.03448594360072968,0.12976960253744904,0.034870617905963866,0.1301389177163781
9.14,2.785567971460015,2.916255620378867,0.03111280604545579,0.1138862958035093,0.03055539936393506,0.1140343028717633
9.16,2.7861346843335593,2.9183783119610225,0.02616257289142083,0.09909445035590715,0.026516521355225912,0.09896100493768817
9.18,2.7866344798121316,2.920221520994872,0.022570495124116723,0.08489164588314761,0.02276463002320719,0.08495875586211703
9.200000000000001,2.78704926722039,2.921794424645431,0.020159105572941014,0.07264228864507828,0.01930814393031736,0.07205897414779695
9.22,2.787403266487094,2.92311863717551,0.015344662588071463,0.06033154858159086,0.016153097736595116,0.06028418145259876
9.24,2.787704447446052,2.9242231419423264,0.013592658216457151,0.04972566303068983,0.013302985878209614,0.049647419189849516
9.26,2.7879360148801346,2.9251207072563554,0.011220503612668733,0.04055822160877889,0.010758606245991864,0.040151665128669474
9.28,2.7881337547024696,2.9258409123706093,0.00775159973728728,0.03177839775046234,0.008517903863964763,0.03178924999430373
9.3,2.788283857892596,2.9264061034136866,0.00720320204646626,0.024599875086746784,0.006575814567876603,0.02454127406846704
9.32,2.7883954469252403,2.9268354896975497,0.00459863519936851,0.01859082379527056,0.004924108683729422,0.018377023789669295
9.34,2.7884842238063374,2.9271509325621925,0.003766899384020464,0.01337140551871354,0.0035512347063126337,0.013253388353560677
9.36,2.7885381858415417,2.9273751173861964,0.002273913012453151,0.008962581130890697,0.0024421629777321005,0.009114276313259891
9.38,2.7885856591639406,2.9275263827931197,0.0014511204543917158,0.0061485915167057556,0.001578229365941875,0.005890032179692287
9.4,2.788597405593817,2.927621097741115,0.0014446171313844006,0.003920047756529106,0.0009369789432767737,0.0034968530219311135
9.42,2.788650843876254,2.92765980519178,0.002399905977433131,-0.0006023945021861961,0.0004920096649811749,0.0018362050675246849
9.44,2.7886634229534417,2.927662103340731,-0.00023834995343683722,0.002502975926528162,0.00021281604774076222,0.0007942403028345277
9.46,2.7886587016505633,2.927722439086989,-1.670070392335654e-5,0.001753186786634729,6.463284821619841e-5,0.00024121307338073974
9.48,2.788662298193812,2.9277048570675577,0.00013637090259500798,-0.002732746500400354,8.278741569626767e-6,3.0896684160579586e-5
9.5,2.788650366515986,2.927676782389975,-0.0012202045058459802,0.0008517775148834289,1.8464749919509676e-64,-1.4168500939522114e-64
9.52,2.7886335938637625,2.9277006992396517,0.0002459555010752785,-0.0003898150295805035,1.8464749919509676e-64,-1.4168500939522114e-64
9.540000000000001,2.788654924607559,2.9276607294766848,0.001215368241608125,-0.0023662176948918232,1.8464749919509676e-64,-1.4168500939522114e-64
9.56,2.788660607647198,2.9276464648974025,-0.0008776256602945986,0.0010461852438988673,1.8464749919509676e-64,-1.4168500939522114e-64
9.58,2.7886353246353948,2.9276679570389095,-0.0005704613889912794,3.423248643805248e-5,1.8464749919509676e-64,-1.4168500939522114e-64
9.6,2.7886477917626515,2.927651256856725,0.0011337583892236864,-0.0007699807373540484,1.8464749919509676e-64,-1.4168500939522114e-64
9.620000000000001,2.7886586619597975,2.9276538691892804,-6.564204215306613e-5,0.0006733888169247117,1.8464749919509676e-64,-1.4168500939522114e-64
9.64,2.7886580629633277,2.9276521875498274,7.910015750632553e-6,-0.0008082367544663104,1.8464749919509676e-64,-1.4168500939522114e-64
9.66,2.788654201825768,2.9276436208908683,-0.0004159492383671407,0.0006339347085307202,1.8464749919509676e-64,-1.4168500939522114e-64
9.68,2.788649032419708,2.927662250889979,7.802738924367556e-5,0.00024142842178690498,1.8464749919509676e-64,-1.4168500939522114e-64
9.700000000000001,2.788654437523999,2.9276473617438743,0.00026822307200818126,-0.0012529776127714071,1.8464749919509676e-64,-1.4168500939522114e-64
9.72,2.7886572521313338,2.9276326208061034,0.00022741723539120294,-0.0001320049248047984,1.8464749919509676e-64,-1.4168500939522114e-64
9.74,2.7886649949044804,2.9276354178671533,0.000358740496911328,-4.399769470589268e-5,1.8464749919509676e-64,-1.4168500939522114e-64
9.76,2.788667288916391,2.927624149903618,-0.00014791488828725036,-0.0007386143191475912,1.8464749919509676e-64,-1.4168500939522114e-64
9.78,2.788663602440508,2.927618020468868,-0.000135677665299964,0.00021335041058052158,1.8464749919509676e-64,-1.4168500939522114e-64
9.8,2.788660587214892,2.9276243557373993,-0.00024231476927276784,5.1952994587884476e-5,1.8464749919509676e-64,-1.4168500939522114e-64
9.82,2.7886567777624007,2.927619038915299,-9.198727468889312e-5,-0.00032865917923358785,1.8464749919509676e-64,-1.4168500939522114e-64
9.84,2.7886583847232242,2.9276177972477075,0.0002355415306951061,0.00019592755298837022,1.8464749919509676e-64,-1.4168500939522114e-64
9.86,2.7886625015131528,2.9276221692944193,0.00011896526978222389,6.456335763757339e-5,1.8464749919509676e-64,-1.4168500939522114e-64
9.88,2.788662508156585,2.92761840606452,-0.00010146767788101483,-0.0003158100505937426,1.8464749919509676e-64,-1.4168500939522114e-64
9.9,2.788660775664357,2.927615491072309,-2.205961419664647e-5,0.00010439073209312974,1.8464749919509676e-64,-1.4168500939522114e-64
9.92,2.7886626735812943,2.927619343872734,0.00021783184458776895,9.495499987248018e-5,1.8464749919509676e-64,-1.4168500939522114e-64
9.94,2.7886667484235628,2.927616701163255,0.00010576116440676252,-0.00027932762475596886,1.8464749919509676e-64,-1.4168500939522114e-64
9.96,2.788666459174663,2.927613686750609,-2.2551335287341397e-5,7.969711698958734e-5,1.8464749919509676e-64,-1.4168500939522114e-64
9.98,2.7886679904253984,2.927618283297805,0.0001212175643847805,0.00022851848413219894,1.8464749919509676e-64,-1.4168500939522114e-64
10.0,2.7886691090362428,2.9276187236679876,-3.09407622296888e-5,-0.00017699712664746647,1.8464749919509676e-64,-1.4168500939522114e-64
10.02,2.7886673704159657,2.9276148010103316,-9.855180707720957e-5,-0.00010028155906364039,-1.5993300582398985e-5,2.770120918943597e-5
10.040000000000001,2.788666513844521,2.9276162667678873,1.530663459425255e-5,0.00020478663631701616,-0.0001248610746368084,0.00021626572515860197
10.06,2.7886635851115478,2.9276229304416974,-0.0005451606924016753,0.0005979962870131849,-0.00041112903352320986,0.000712096374528888
10.08,2.788646398854278,2.9276385385415473,-0.001046404750843612,0.0010494450337665405,-0.0009504896843776021,0.001646296425412114
10.1,2.7886144174320595,2.9276801739188345,-0.0021985803587047897,0.002900619722341459,-0.0018101043199999804,0.0031351926492398812
10.120000000000001,2.7885586439184564,2.927749549303758,-0.0036084244014257,0.00464282330756904,-0.003048905008742471,0.005280858382593194
10.14,2.788478558282097,2.9278803731091583,-0.004354686579225508,0.008066478089648315,-0.004717896584396852,0.00817163658903102
10.16,2.788360781056008,2.928073768940277,-0.007428381209946568,0.011680554300118905,-0.006860458636083215,0.011882662920920817
10.18,2.7882026847284145,2.928354107409299,-0.009081860698892318,0.016343492493536265,-0.009512647498137555,0.01647638878126722
10.200000000000001,2.7879749043302886,2.9287340791352987,-0.012676566853136369,0.021877185186502154,-0.012703498240000182,0.022003104385542135
10.22,2.7876939130268847,2.9292349491530785,-0.01684141052163395,0.028317089503438666,-0.016455326656102522,0.02850146182351206
10.24,2.787317520761434,2.9298751767585403,-0.019821970869453438,0.03591533802402559,-0.020784031255756837,0.035998998121070436
10.26,2.786857260766215,2.930674602412785,-0.026715046382548575,0.04423379386723128,-0.025699395253043135,0.044512658302065154
10.28,2.78629549524809,2.931653918613426,-0.03003606361057447,0.05378711045943681,-0.031205388556697394,0.05404931845012835
10.3,2.785604011410752,2.932831860243205,-0.037875581251423596,0.06449468002362103,-0.03730046976000022,0.0646063087705069
10.32,2.7848077437912457,2.9342338786157125,-0.04374945929642643,0.07531289287341605,-0.04397788813066248,0.07617193665188773
10.34,2.7838446730089066,2.935869436790436,-0.05078665748156885,0.08876231850997424,-0.05122598560071674,0.08872600972823315
10.36,2.7827570858277912,2.9377704823109063,-0.05971873084958038,0.10134619009114954,-0.05902849875640293,0.10224035894060622
10.38,2.781483525859214,2.9399527543589086,-0.06626521355701454,0.11671548505885207,-0.06736486082805791,0.11667936159900279
10.4,2.78005810845335,2.9424217262584142,-0.07743541421426395,0.1309676498025324,-0.07621050368000014,0.13200046444417518
10.42,2.7784370639057094,2.945210943122656,-0.08384440601554355,0.1471157003457923,-0.08553715980042237,0.14815470670946976
10.44,2.7766445447830486,2.948294731756896,-0.09581059624095664,0.16266222612200967,-0.09531316429127651,0.16508724318265064
10.46,2.7746360137481636,2.9517518016017323,-0.10496791844960672,0.1822291041696897,-0.10550375685816356,0.18273786726773275
10.48,2.7724187492622234,2.955558075026032,-0.11679033640838835,0.19938935207861752,-0.11607138380021775,0.20104153404680436
10.5,2.769985423636937,2.9597559476130155,-0.1259664070033178,0.2192201345592668,-0.12697599999999998,0.21992888334186583
10.52,2.7673640605990073,2.964291246350138,-0.13633221463509249,0.23530378911405553,-0.13817537091338208,0.2393267627766527
10.540000000000001,2.764528885330054,2.9692127142336915,-0.14796561715432666,0.2572837457587266,-0.14962537455943728,0.2591587508384692
10.56,2.761412657836437,2.974584950095779,-0.16290129384860247,0.27986705522180816,-0.16128030351032338,0.2793456799400094
10.58,2.758086548130776,2.9803472605694217,-0.16963958361369172,0.29541281428912036,-0.1730931668811776,0.29980615948119826
10.6,2.7545776767630517,2.98643706909133,-0.1822125017705223,0.31518875482699393,-0.1850159923199997,0.32045709891101287
10.620000000000001,2.7507871738454184,2.992969789735046,-0.1961383021843975,0.33719474340163247,-0.19700012799754288,0.3412142307893165
10.64,2.7467674524563246,2.9998879472332,-0.2062263050808948,0.3543769448456173,-0.208996544597197,0.3619926338486801
10.66,2.742511493748319,3.0071580481366857,-0.21896466051862365,0.3727035786782599,-0.2209561373048832,0.3827072560562229
10.68,2.738043543678884,3.0147998435153203,-0.22783360551849274,0.3916926020383189,-0.23283002779893733,0.4032734376754338
10.700000000000001,2.7333999940654574,3.022847392795388,-0.23638923938105158,0.413043031962759,-0.24456986624000052,0.4236074343280054
10.72,2.728591334146794,3.0313066970521088,-0.2458367646220332,0.4316608315527702,-0.2561281332609027,0.4436269400556558
10.74,2.723565163645528,3.0400966737429598,-0.25632158110542086,0.44716426611461235,-0.26745844195655677,0.46325161038196805
10.76,2.718359034691972,3.0491809468097046,-0.2651691402596699,0.4601642607052512,-0.27851583987384293,0.48240358537421396
10.78,2.7129849129621117,3.05849943780471,-0.2719323531537461,0.47121361196554223,-0.2892571110014971,0.5010080127051837
10.8,2.707497663644499,3.068031323982395,-0.27705924874557714,0.4819701818355943,-0.2996410777600003,0.5189935707150175
10.82,2.701944654078168,3.0777737910738594,-0.27785161327520813,0.49247415728673644,-0.30962890299146256,0.5362929914730286
10.84,2.6963755994954117,3.087747299409501,-0.2796859374382003,0.5031054005622733,-0.3191843919495168,0.552843583839542
10.86,2.690762318828123,3.0978579074537964,-0.28353520073112987,0.507139202801939,-0.3282742942892028,0.5685877565277173
10.88,2.6850499244681396,3.1080273782679506,-0.2871947824056107,0.5091047451216261,-0.3368686060568581,0.5834735411653834
10.9,2.679278735357075,3.1182543168048524,-0.2897399366609739,0.5136575197471891,-0.34494087167999976,0.5974551153568564
10.92,2.673500011986661,3.128540351699954,-0.2892804598173001,0.5154711887755403,-0.35246848595722224,0.6104933257447867
10.94,2.6676966302507994,3.1388831103256853,-0.29085162930075453,0.5170488115584726,-0.3594329960480767,0.6225562110719727
10.96,2.661859047955243,3.149227157862198,-0.29448397266767323,0.5176050501348132,-0.3658204034629631,0.6336195252431981
10.98,2.655953700652294,3.1595596266651045,-0.2961154271703139,0.5163602091347931,-0.3716214660530175,0.6436672603870593
11.0,2.6500191668314583,3.1699308212146398,-0.2961906314282292,0.5192586551218092,-0.3768320000000001,0.6526921699177957
11.02,2.6440948263143933,3.180309026834533,-0.29821715585940306,0.5187863046523135,-0.3814531818061818,0.6606962915971153
11.040000000000001,2.6381131479204125,3.1906427365495866,-0.29984916716912446,0.5146188115940181,-0.3854918502842369,0.6676914705960336
11.06,2.632073838478276,3.200942328902856,-0.3037555580400799,0.5140894570557678,-0.3889608085471231,0.6736998825566884
11.08,2.625984797051021,3.211207448725154,-0.30585234830505525,0.5147254010182952,-0.3918791259979772,0.6787545566541826
11.1,2.6198784290103845,3.2215168138600334,-0.3042872579802654,0.5150855395852093,-0.3942724403199993,0.6828998986584072
11.120000000000001,2.6137606711638783,3.231838443299154,-0.30795726756796604,0.5149191630443563,-0.3961732594663421,0.6861922139958725
11.14,2.607578502625476,3.2420653396820973,-0.3118343235341781,0.5093373740572807,-0.39762126364999645,0.6887002308115342
11.16,2.6013056321258663,3.2522156038146965,-0.31439006112663365,0.5047849377269613,-0.3986636073336831,0.690505623030628
11.18,2.5949772636544792,3.2623292071150733,-0.3183711862285717,0.5064333993514136,-0.39935522121973704,0.6917035334204935
11.200000000000001,2.58862395335845,3.2724455087432247,-0.317928384914425,0.5072204646900178,-0.3997591142399996,0.6924030966524107
11.22,2.5822584857029773,3.282616299426915,-0.3182095834356386,0.5068599346714338,-0.3999466755457034,0.6927279623634237
11.24,2.5758444313325826,3.2927428212012173,-0.3239179366488876,0.5057272207765328,-0.3999979764973569,0.6928168182181642
11.26,2.569348474866776,3.30277897330316,-0.32686800921050135,0.498947146810083,-0.40000002950249824,0.6928203059942757
11.28,2.562756342886145,3.3127206675712135,-0.33054069799881824,0.49412179087650343,-0.40000237479484724,0.6928189519391066
11.3,2.5561206986810476,3.32261246774408,-0.3339099584496837,0.49621100469876955,-0.4000180955141248,0.6928098755775999
11.32,2.549455271730398,3.3325187702357972,-0.3330083216893801,0.49585846910470976,-0.40006821353037286,0.6927809399274278
11.34,2.54278160247884,3.342484998916671,-0.3332592464321704,0.4978270915730813,-0.40018173035112736,0.6927154009604076
11.36,2.5360877762648406,3.3524288296459877,-0.3376582629701321,0.4977517291379,-0.40039276722754047,0.6925935587630017
11.38,2.529324701049524,3.3623317363572602,-0.3390727240635118,0.4928978835231,-0.40073703775305036,0.6923947940824244
11.4,2.522484517645263,3.3721756996670273,-0.34363004031171784,0.48877985708081195,-0.40124787783909766,0.6920998604212322
11.42,2.5155819070431833,3.381898577483055,-0.3479843477637416,0.4857068963930041,-0.40195209028589207,0.6916932831755087
11.44,2.5086188871453783,3.3915786611113616,-0.3478257628121855,0.4830874685883672,-0.40286587939070284,0.6911657067898637
11.46,2.5016288886015663,3.4012836716380117,-0.3498943246223497,0.48530142610951554,-0.40399115402784797,0.6905160291751956
11.48,2.494640096340648,3.4109943050274016,-0.3510509595928508,0.4876505158939023,-0.40531246505285656,0.6897531698992238
11.5,2.4876047852884517,3.4207192281274006,-0.3520914208982279,0.48426436602683876,-0.4067948151920427,0.6888973346473314
11.52,2.4805146403322866,3.4304256736846472,-0.35590762464322595,0.48438850355233914,-0.40838253802759994,0.6879806624408238
11.540000000000001,2.473386100613039,3.44007255738061,-0.3590891840012114,0.4823065147354965,-0.409999389254735,0.6870471729495978
11.56,2.466178284016112,3.4496690283627447,-0.36090464938002215,0.4763023629488753,-0.41154993068197343,0.686151967439192
11.58,2.4589006179099817,3.4591908386688717,-0.36577323883097784,0.4747599652360621,-0.4129222185859404,0.6853596766484311
11.6,2.4515853038815147,3.468643816766373,-0.3673404351365911,0.47322631955449773,-0.41399173648919435,0.6847421901990842
11.620000000000001,2.4442317194838017,3.4780900360136306,-0.3665354823501213,0.4708805622529844,-0.4146264418589143,0.6843757428830204
11.64,2.4368819519423086,3.487558229541858,-0.36797023045713745,0.4747320281680955,-0.41469273028234044,0.6843374712439111
11.66,2.4295567644950906,3.497048840350865,-0.36645362210851795,0.4768875593354645,-0.41406206283847935,0.6847015872623935
11.68,2.4222322619609034,3.5066002053149257,-0.3647265288939301,0.4765820478146544,-0.4126179557761608,0.6855353428635618
11.700000000000001,2.4149264967739623,3.5161821647790448,-0.3656749057185593,0.48047865776140697,-0.4102629988337638,0.6868949778881847
11.72,2.4076545386905615,3.5257730331497226,-0.36349590716533037,0.48097967735794606,-0.4069255515551747,0.6888218539728842
11.74,2.4003893309927373,3.5353902161466046,-0.36133448639725746,0.4789004399713752,-0.4025657669770517,0.6913389767726723
11.76,2.3931578521821124,3.5450076766752985,-0.36133141444711636,0.482730319421658,-0.3971806094716499,0.6944480989080446
11.78,2.38598982874096,3.554652891046164,-0.3564891892928207,0.4849997565581593,-0.3908075678664758,0.6981275761943485
11.8,2.3789031232015967,3.5643936990407363,-0.34979437677582786,0.48724096075897116,-0.38352681493078644,0.7023311208616719
11.82,2.3719437757870563,3.5742027079639755,-0.34587013014826595,0.49391777619353444,-0.3754616278414368,0.7069875587987726
11.84,2.3651138525125313,3.5840849201265343,-0.3384167321756544,0.4970022161805032,-0.36677695854890263,0.7120016549526401
11.86,2.358394300910011,3.5940849537613717,-0.33086618223365455,0.5014340238681482,-0.3576761247266936,0.7172560238097425
11.88,2.35182432483917,3.6042013755167233,-0.32609988977148224,0.5104079485123554,-0.34839567746227773,0.7226140925360531
11.9,2.345379721869068,3.614402277654714,-0.3186462608125788,0.5124937792172705,-0.3391985870592461,0.7279240351560048
11.92,2.339026766962716,3.624679235392501,-0.3129295667002786,0.5135976467144301,-0.330365969246242,0.7330235494279917
11.94,2.3328022500385384,3.634992526473786,-0.308390556831948,0.5199875330868376,-0.3221876468508348,0.7377453060644997
11.96,2.326714400460412,3.6453870525294203,-0.29914567216860916,0.5229753887056297,-0.31495190304964593,0.7419228646959032
11.98,2.3207735287967357,3.655938715588132,-0.29044230551574185,0.5304676811398968,-0.308934828606233,0.7453968242455417
12.0,2.314959661813474,3.6665522785657263,-0.2895005581050384,0.533384613706356,-0.3043896946636713,0.7480209585507827
12.02,2.309199877903656,3.6771803466116952,-0.28359705236367155,0.5321415349893054,-0.30153679304851366,0.7496680820662653
12.040000000000001,2.3034918192024327,3.6878302545804393,-0.28152808734214846,0.5326163900982462,-0.30055417689975833,0.7502353957642593
12.06,2.297873328302617,3.6985022895889657,-0.27849848257871773,0.5384863998476137,-0.3015697058910044,0.7496490798277936
12.08,2.2922890980992765,3.7092233957874656,-0.2762808012667717,0.5350219267059896,-0.30465475339490095,0.7478679268209562
12.1,2.2866843717953906,3.7199222490946795,-0.278864101663337,0.5349104699701358,-0.3098198695324548,0.7448858456285438
12.120000000000001,2.28108587277108,3.730570342217054,-0.2799424944218131,0.5332693360223745,-0.317012616817394,0.7407331110473712
12.14,2.275433289688309,3.741160987708858,-0.2817521800873641,0.5264305714126593,-0.3261177073660502,0.7354762845681085
12.16,2.2696816463005334,3.751659175963712,-0.2908863648164252,0.5230875542871668,-0.3369594762213169,0.7292167864010286
12.18,2.263789463659335,3.762031392847469,-0.2982815701381559,0.5176607714394991,-0.3493066283924916,0.7220881547712756
12.200000000000001,2.2576836633336237,3.77228583576345,-0.3089495173030884,0.5071050533065664,-0.3628791020401432,0.7142520834572349
12.22,2.251341292163024,3.7823475661722337,-0.32395634814679924,0.499318351579027,-0.37735680107870817,0.7058933800200731
12.24,2.2447410229821907,3.7921748947984026,-0.33637844841896836,0.4860012415214399,-0.3923898713190587,0.6972140328700601
12.26,2.2378432827793757,3.8017723319616317,-0.35014575680210946,0.4730541860577056,-0.40761012868094093,0.6884266131850421
12.280000000000001,2.230676161498842,3.811140005515554,-0.36622971253980696,0.4651445147747981,-0.42264319892129276,0.6797472660350283
12.3,2.223236616624545,3.8203231724395494,-0.37765063610748867,0.4557227907420062,-0.43712089795985776,0.6713885625978665
12.32,2.2155208925644803,3.829366691104373,-0.39070270230447596,0.4477045217153763,-0.45069337160750805,0.6635524912838264
12.34,2.207579504111269,3.83826102739184,-0.40384540702724175,0.4431143203806291,-0.4630405237786828,0.6564238596540735
12.36,2.1994160504028124,3.847032479335126,-0.4119850808231544,0.4362364530130689,-0.47388229263394943,0.6501643614869935
12.38,2.191053226814497,3.855717507438521,-0.4213083989750244,0.4312515072589728,-0.4829873831826065,0.6449075350077305
12.4,2.182553436940516,3.8643139237560873,-0.42946135241677375,0.4297368671971663,-0.49018013046754494,0.6407548004265583
12.42,2.17392228347051,3.87284768628421,-0.432686015715417,0.4261096756091911,-0.49534524660509877,0.6377727192341459
12.44,2.1652329897591787,3.8813989738113763,-0.4336220903366722,0.4277626346070308,-0.4984302941089953,0.6359915662273085
12.46,2.156529957935955,3.8899491435080558,-0.43710704597376443,0.4287757124443532,-0.49944582310024144,0.6354052502908427
12.48,2.147808404646051,3.8985079311754522,-0.43471649955770514,0.4292176613508343,-0.49846320695148605,0.6359725639888367
12.5,2.139100442494867,3.9071233504608096,-0.4337412564412854,0.43077935971431586,-0.49561030533632844,0.6376196875043194
12.52,2.1304425924799575,3.915772820526922,-0.43246447168522334,0.4354618380545766,-0.4910651713937667,0.6402438218095603
12.540000000000001,2.1218569794867226,3.924493416249728,-0.42581109536736345,0.439004186140462,-0.4850480969503532,0.6437177813591992
12.56,2.113380207589707,3.933339993745594,-0.41989685461133214,0.4437211028179301,-0.477812353149165,0.6478953399906023
12.58,2.1050503619626646,3.9422925178149266,-0.41325058489648325,0.45261950517153127,-0.4696340307537577,0.6526170966271103
12.6,2.0968905714416057,3.9513829197647796,-0.40334006235635145,0.4583039870856568,-0.4608014129407536,0.6577166108990973
12.620000000000001,2.0888832820108787,3.9606188836185496,-0.39575722366019706,0.4631302087395739,-0.4516043225377212,0.6630265535190494
12.64,2.08102607607832,3.9699454985295284,-0.3905498592549198,0.4697689792813314,-0.44232387527330613,0.6683846222453595
12.66,2.0732910928719215,3.9793397291448582,-0.38369876215408155,0.47154396522799186,-0.4332230414510971,0.673638991102462
12.68,2.06564924631386,3.9887972524209947,-0.3787173765295849,0.47216702810238453,-0.4245383721585629,0.6786530872563294
12.700000000000001,2.0581023625709256,3.9982628203068264,-0.3759690225077457,0.4753150513358253,-0.4164731850692126,0.6833095251934306
12.72,2.0506436115508593,4.007756533088199,-0.3699746290466984,0.47637546720908713,-0.4091924321335239,0.6875130698607536
12.74,2.043281699581753,4.017321592403721,-0.36366048422194647,0.4793628730054993,-0.40281939052834975,0.6911925471470576
12.76,2.0360629342160212,4.0269731221306815,-0.358434166545064,0.48649671121036914,-0.397434233022948,0.6943016692824298
12.780000000000001,2.0289598223326397,4.036710303720257,-0.3524662420456955,0.4887279338746435,-0.3930744484448247,0.6968187920822181
12.8,2.0219184210422148,4.046504421445819,-0.34997484409135365,0.48895192310017993,-0.3897370011662356,0.6987456681669176
12.82,2.014926243605713,4.056303315557715,-0.3493011724387768,0.49206649489380044,-0.38738204422383893,0.7001053031915403
12.84,2.0079824599135963,4.06614132647279,-0.3444476676062824,0.493934917636779,-0.38593793716152036,0.7009390587927086
12.86,2.0011055574750967,4.076060562551306,-0.3413293925787167,0.49636541352357544,-0.3853072697176593,0.701303174811191
12.88,1.9942894934562538,4.085993549966863,-0.3411015969982746,0.49750223113717235,-0.3853735581410854,0.7012649031720817
12.9,1.9874677442545667,4.0958783776594085,-0.34110317895524644,0.4920550125596481,-0.38600826351080536,0.7008984558560178
12.92,1.980612980940213,4.105707055419184,-0.3426158135757378,0.49012792511654774,-0.3870777814140593,0.7002809694066711
12.94,1.9737520438438334,4.115510061521761,-0.343960023473947,0.49179089336602533,-0.3884500693180263,0.69948867861591
12.96,1.9668876288022223,4.125340543756117,-0.34153364880127207,0.49264716902821226,-0.3900006107452648,0.6985934731055041
12.98,1.9600554113231803,4.135239375275774,-0.34038421262970076,0.4958255854455777,-0.3916174619723997,0.6976599836142783
13.0,1.9532377657477145,4.14514342139514,-0.34269981128443355,0.49553346335254667,-0.393205184807957,0.6967433114077707
13.02,1.946367323339682,4.155010193016309,-0.3435936280867196,0.491684284323201,-0.39468753494714315,0.6958874761558783
13.040000000000001,1.939453546969637,4.1648270968080965,-0.3469132097866762,0.4884132327447965,-0.3960088459721518,0.6951246168799063
13.06,1.9324952845407195,4.174541232963293,-0.34948321199168325,0.485047528917098,-0.39713412060929687,0.6944749392652384
13.08,1.9255035742997415,4.184227383910617,-0.3486297810269716,0.4842981552857216,-0.39804790971410764,0.6939473628795934
13.1,1.9185219948410572,4.193954594020867,-0.34853444089996455,0.48773524636355403,-0.39875212216090206,0.6935407856338699
13.120000000000001,1.9115841432098346,4.203735799468676,-0.34601803881625554,0.4918826155241852,-0.3992629622469494,0.6932458519726776
13.14,1.904663652793019,4.213572025682123,-0.3457125143649133,0.49104783171248073,-0.39960723277245924,0.6930470872921004
13.16,1.8977186227892784,4.223398464077883,-0.34822854218362587,0.4906632336756211,-0.39981826964887235,0.6929252450946944
13.18,1.8907585183873268,4.233189506356619,-0.34883968910615964,0.4893323626820804,-0.39993178646962685,0.6928597061276742
13.200000000000001,1.8837567616626312,4.242932889596251,-0.35013295055982857,0.48519082863348173,-0.3999819044858749,0.6928307704775022
13.22,1.8767346844306605,4.252639033134571,-0.3514676053505903,0.48509785168158026,-0.3999976252051525,0.6928216941159955
13.24,1.8697241557817408,4.2623326104652,-0.349688141403232,0.48620459613280526,-0.39999997049750147,0.6928203400608264
13.26,1.8627569605821213,4.272091640668641,-0.3464014304636035,0.48903160311398014,-0.3999979764973567,0.6928168182181638
13.280000000000001,1.855821654340303,4.281896642354066,-0.3472694584677824,0.4908666120094225,-0.39994667554570223,0.6927279623634216
13.3,1.8488828247239117,4.291708016836525,-0.34732641217756516,0.49091735887834476,-0.3997591142399998,0.6924030966524111
13.32,1.841920775264904,4.301511831260786,-0.34805124249632446,0.4887877825660444,-0.39935522121973743,0.6917035334204942
13.34,1.8349369217500373,4.311271391215798,-0.3505812859909125,0.4869527784836439,-0.39866360733368306,0.6905056230306279
13.36,1.827927319934315,4.320998872530745,-0.35020290386671216,0.4869763837094418,-0.39762126364999667,0.6887002308115345
13.38,1.8209198938114963,4.330744364215648,-0.3493231604405132,0.4873468880768002,-0.3961732594663422,0.6861922139958727
13.4,1.813954012732909,4.340508551701185,-0.3473819783888324,0.4892031993116172,-0.3942724403199998,0.6828998986584079
13.42,1.8070018498008822,4.350278404579081,-0.34821730039756926,0.48824355161996397,-0.3918791259979775,0.678754556654183
13.44,1.8000344912759736,4.360055617899009,-0.34825627629049155,0.4886955804795251,-0.3889608085471231,0.6736998825566884
13.46,1.7930658449011585,4.369828482213849,-0.34904327173370264,0.48841039247914186,-0.3854918502842365,0.6676914705960328
13.48,1.7860823035709728,4.37957936396171,-0.349102331229068,0.48743741352923237,-0.3814531818061822,0.660696291597116
13.5,1.7790903227037813,4.389332365859353,-0.348856029642959,0.4884405872263017,-0.3768319999999999,0.6526921699177953
13.52,1.7721446664614737,4.399134232072638,-0.3456202963806166,0.49216671259335143,-0.37162146605301755,0.6436672603870595
13.540000000000001,1.7652716788157619,4.409009116105042,-0.34127019659370594,0.4952672048953874,-0.3658204034629628,0.6336195252431975
13.56,1.7584689916033596,4.418927184450975,-0.3389439965401049,0.49601416819161337,-0.3594329960480765,0.6225562110719723
13.58,1.7517174684576922,4.428850277627749,-0.3360982567499078,0.49689611741877077,-0.35246848595722224,0.6104933257447867
13.6,1.745032812533893,4.438814100644382,-0.33188723833369016,0.5001033207874078,-0.34494087168000004,0.5974551153568569
13.620000000000001,1.7384437199687721,4.448873110642938,-0.3263561504016922,0.5062809844079854,-0.33686860605685703,0.5834735411653815
13.64,1.731977874635196,4.459050057170389,-0.3202003131843159,0.5112333498505233,-0.3282742942892028,0.5685877565277173
13.66,1.725605222280767,4.469294684903732,-0.31594041042061854,0.5131707471321673,-0.3191843919495166,0.5528435838395416
13.68,1.7193230328330547,4.479572667772378,-0.3112631994437832,0.5155561867211973,-0.30962890299146245,0.5362929914730283
13.700000000000001,1.7131628514101458,4.489871400372946,-0.301419251110247,0.5133818452462914,-0.2996410777599993,0.5189935707150158
13.72,1.7072776257493074,4.500006604973177,-0.2869628249285497,0.49916615944723447,-0.2892571110014972,0.5010080127051838
13.74,1.701611553899019,4.509825319185604,-0.27703097418154116,0.4833906429256473,-0.278515839873843,0.4824035853742141
13.76,1.6961945394096687,4.519300175165751,-0.26724288272235347,0.46271246991656495,-0.2674584419565569,0.46325161038196827
13.780000000000001,1.6909339340336313,4.5283452477903765,-0.2550199499434616,0.44324568718834795,-0.2561281332609016,0.4436269400556539
13.8,1.685921715193539,4.536988008505128,-0.2468458233942103,0.4210570465626234,-0.24456986623999943,0.4236074343280035
13.82,1.6811237943454136,4.545207839535271,-0.2317029829292715,0.40133275882132635,-0.23283002779893736,0.40327343767543383
13.84,1.6765693459665842,4.553025324936956,-0.22282968816771395,0.3804075044537508,-0.22095613730488325,0.382707256056223
13.86,1.6722717691077258,4.560446238376071,-0.20720219023788453,0.36159590467068575,-0.20899654459719705,0.3619926338486802
13.88,1.668198855838978,4.567460002918029,-0.1976210502705243,0.34033212304416893,-0.1970001279975418,0.3412142307893146
13.9,1.6643927786021475,4.5740750784564845,-0.18529632407510685,0.31996472879940724,-0.18501599231999977,0.320457098911013
13.92,1.6607968972169491,4.580258884734682,-0.17262201727810927,0.29994060283867746,-0.1730931668811775,0.2998061594811981
13.94,1.6574568172981397,4.586043618575546,-0.1619431835100534,0.27842607882871767,-0.16128030351032338,0.2793456799400094
13.96,1.6543357163497598,4.591421081242216,-0.14927824643677165,0.2588046617101554,-0.14962537455943628,0.25915875083846746
13.98,1.6514561546202327,4.596389931880759,-0.13939279310901762,0.23892608487609854,-0.13817537091338208,0.2393267627766527
14.0,1.648798902977397,4.600965821838748,-0.12587022380817592,0.21865536499069793,-0.12697599999999992,0.21992888334186575
14.02,1.6463550092959283,4.605162986809759,-0.1173857350897015,0.200808459968516,-0.11607138380021777,0.2010415340468044
14.040000000000001,1.64415009783748,4.608983352732234,-0.10511257927736599,0.18199883278623802,-0.10550375685816273,0.1827378672677313
14.06,1.6421216025429548,4.612454279044039,-0.09517782382780764,0.16470575204516869,-0.09531316429127652,0.16508724318265067
14.08,1.640327455843186,4.615576895078876,-0.08668272711956626,0.1480883393016338,-0.08553715980042216,0.1481547067094694
14.1,1.6387009619285153,4.618377586606542,-0.07475068104122586,0.13201176228309344,-0.07621050368000001,0.132000464444175
14.120000000000001,1.6372643093304948,4.620866851341475,-0.06877187589425839,0.11688816264992535,-0.06736486082805697,0.11667936159900116
14.14,1.6360082055672336,4.62305560591447,-0.05802081059793232,0.10232137911684895,-0.059028498756402814,0.10224035894060601
14.16,1.6348943057411922,4.624962624856044,-0.05175149315542301,0.08853779353919664,-0.05122598560071657,0.08872600972823286
14.18,1.6339562696411787,4.626613091963804,-0.044121752192646004,0.07650187798610801,-0.04397788813066262,0.07617193665188797
14.200000000000001,1.633129242454405,4.6280176482169555,-0.03655323464254045,0.0647287335085301,-0.037300469760000066,0.06460630877050663
14.22,1.6324557353077982,4.629209570172367,-0.032646709840898944,0.05385290229635655,-0.031205388556697397,0.05404931845012836
14.24,1.6318839770810682,4.630194321075961,-0.02390286331640208,0.04525401111013197,-0.025699395253042826,0.04451265830206462
14.26,1.6314121923339193,4.630999341858821,-0.022390360196752213,0.03546653889174397,-0.02078403125575682,0.03599899812107041
14.280000000000001,1.631058058236543,4.631645210116149,-0.015826141354820036,0.02874854566919515,-0.016455326656102182,0.028501461823511473
14.3,1.630740445078835,4.632138989433402,-0.0123730839638664,0.02184811298712436,-0.012703498239999785,0.02200310438554145
14.32,1.6305428723018653,4.6325332809446484,-0.010518421564981704,0.01687106068922381,-0.009512647498137025,0.016476388781266303
14.34,1.6303500272407685,4.632796370557274,-0.006740139702773964,0.01063637285614955,-0.006860458636082886,0.011882662920920248
14.36,1.6302435051570467,4.633007410358639,-0.004931117865093197,0.009167045078015783,-0.0047178965843968955,0.008171636589031094
14.38,1.630166413437808,4.633133522387816,-0.0034384773742978264,0.004535943278397992,-0.003048905008742152,0.005280858382592642
14.4,1.6300912090700366,4.633201074875003,-0.003121293650320084,0.001618195301909386,-0.001810104320000149,0.0031351926492401735
14.42,1.630060864612744,4.633235528517074,-0.000639921719322194,0.0028208244420462243,-0.0009504896843782969,0.0016462964254133172
14.44,1.630052058334757,4.633280748824431,-0.00014087343272958179,0.00040064621894275146,-0.0004111290335231386,0.0007120963745287646
14.46,1.6300698420920412,4.63325746313373,0.001992088699998428,-0.0012950530789265042,-0.00012486107463729462,0.00021626572515944412
14.48,1.6300981685074296,4.633257924219671,0.00010334784377646704,0.0012534948533957052,-1.5993300582550767e-5,2.7701209189698866e-5
14.5,1.630077498572343,4.633282426960278,-0.001399517478099732,0.00043800553179735387,2.937317531051494e-64,-7.870518603590277e-65
14.52,1.6300673088616442,4.633268681186553,0.0005075624974792823,-0.0013436139477813087,2.937317531051494e-64,-7.870518603590277e-65
14.540000000000001,1.6300828840437924,4.6332517118772785,0.00028305118057375493,-0.00023388006304237598,2.937317531051494e-64,-7.870518603590277e-65
14.56,1.6300689550779663,4.633249447779843,-0.0010323306365568098,-0.0002327592212952281,2.937317531051494e-64,-7.870518603590277e-65
14.58,1.6300587950050038,4.633241990608442,3.9758896988665325e-5,-0.0004752215711986643,2.937317531051494e-64,-7.870518603590277e-65
14.6,1.630066946348113,4.633237046423656,0.0005685875470502798,9.815484813416057e-5,2.937317531051494e-64,-7.870518603590277e-65
14.620000000000001,1.6300753606706273,4.633241299631713,0.0003691749826395913,-5.119079854158953e-5,2.937317531051494e-64,-7.870518603590277e-65
14.64,1.6300849379696323,4.633233740230482,0.0005080999675156067,-0.00030552954029232067,2.937317531051494e-64,-7.870518603590277e-65
14.66,1.6300889030019705,4.633235803315701,-0.00019572503083086296,0.0004092333698475837,2.937317531051494e-64,-7.870518603590277e-65
14.68,1.6300798017511489,4.6332406346418376,-0.0004785807348469242,-6.802300437578254e-5,2.937317531051494e-64,-7.870518603590277e-65
14.700000000000001,1.6300767082843288,4.633235547865828,9.179300275296624e-5,-0.00014777093158010744,2.937317531051494e-64,-7.870518603590277e-65
14.72,1.6300789361506287,4.633240272417299,0.00010265464857092349,0.0004602418183903704,2.937317531051494e-64,-7.870518603590277e-65
14.74,1.6300818896484013,4.633244973372143,0.0002237711670728339,2.4406578925466823e-5,2.937317531051494e-64,-7.870518603590277e-65
14.76,1.6300865630169954,4.633247475181309,0.00015823871709033562,0.00017194179662379696,2.937317531051494e-64,-7.870518603590277e-65
14.780000000000001,1.6300870298051602,4.633249665334432,-1.3773366260545215e-5,8.574495598733549e-5,2.937317531051494e-64,-7.870518603590277e-65
14.8,1.6300878840359432,4.6332510699354605,7.582270494499373e-5,1.822775916867438e-5,2.937317531051494e-64,-7.870518603590277e-65
14.82,1.6300880858441689,4.633251151267044,-0.0001561471087106276,0.00010897764664882346,2.937317531051494e-64,-7.870518603590277e-65
14.84,1.6300830249607596,4.633255489396093,-0.00020412262330686765,0.00019702964364279278,2.937317531051494e-64,-7.870518603590277e-65
14.86,1.6300832029349324,4.633255664476925,0.00019555924771227562,-0.00017157014609646802,2.937317531051494e-64,-7.870518603590277e-65
14.88,1.6300870695281051,4.633252063076717,9.284883350213374e-5,-8.765595131203877e-5,2.937317531051494e-64,-7.870518603590277e-65
14.9,1.6300857119501317,4.633253385977251,-0.00018219748503702779,0.00016768091042591082,2.937317531051494e-64,-7.870518603590277e-65
14.92,1.6300829453389052,4.633256122195638,-3.861080293873844e-5,7.034067303144275e-5,2.937317531051494e-64,-7.870518603590277e-65
14.94,1.6300835931288815,4.633256435449415,8.622425559371924e-5,-4.190405996653829e-5,2.937317531051494e-64,-7.870518603590277e-65
14.96,1.6300850362935675,4.633255357944683,3.22978641459168e-5,-4.216150547474932e-5,2.937317531051494e-64,-7.870518603590277e-65
14.98,1.6300854636958002,4.633254309312731,9.955325002908497e-6,-6.654393359361454e-5,2.937317531051494e-64,-7.870518603590277e-65
15.0,1.6300852902426115,4.633253618910579,-2.3044245366861305e-5,9.388860357401796e-6,2.937317531051494e-64,-7.870518603590277e-65
15.02,1.630084780033639,4.633254505213097,-4.6528221281875526e-5,8.446443377218875e-5,-3.0896684160286363e-5,8.278741569548201e-6
15.040000000000001,1.6300828643551324,4.633256941663966,-0.00010875714518194716,8.015093156685973e-5,-0.00024121307337980047,6.463284821594674e-5
15.06,1.6300792830765936,4.6332578977409735,-0.0004577514325020987,0.00029440765527242676,-0.0007942403028346653,0.00021281604774079914
15.08,1.6300623595811083,4.6332739859197165,-0.001005130292761432,0.0010973739533761213,-0.0018362050675233429,0.0004920096649808154
15.1,1.630032135863349,4.633305098510072,-0.0025317017046062296,0.0021140843630784133,-0.0034968530219307878,0.0009369789432766866
15.120000000000001,1.6299509696912076,4.633340212694313,-0.005545621641329315,0.0015214914428453312,-0.005890032179692902,0.0015782293659420403
15.14,1.6298198250467837,4.633398099054541,-0.007099125259816178,0.004591264161659871,-0.009114276313259808,0.0024421629777320784
15.16,1.629617057683576,4.633471012830583,-0.013931171510336286,0.002644830624067253,-0.013253388353561312,0.0035512347063128046
15.18,1.62931053510296,4.633566046840444,-0.017475433697471614,0.0056633705360620125,-0.018377023789670315,0.004924108683729697
15.200000000000001,1.6288796419565519,4.633670003531048,-0.024548863675543355,0.006820435507029038,-0.02454127406846781,0.006575814567876809
15.22,1.6283264256878567,4.6338293716691865,-0.03166862482883478,0.007748481696496459,-0.03178924999430473,0.008517903863965033
15.24,1.6276069542193214,4.634017759118182,-0.04018595888238461,0.011458019613771204,-0.04015166512866951,0.010758606245991877
15.26,1.626721008892925,4.634255403713016,-0.049316654551037155,0.012832133379381312,-0.04964741918985011,0.013302985878209777
15.280000000000001,1.6256166571733808,4.634551041623997,-0.05958015729445695,0.016204136897586794,-0.06028418145259977,0.01615309773659539
15.3,1.6243086819505768,4.634899465914049,-0.07335899251224968,0.019136660084197826,-0.07205897414779724,0.019308143930317444
15.32,1.6227432580969492,4.635320673409233,-0.0827689650641315,0.022577138098531103,-0.08495875586211676,0.022764630023207125
15.34,1.6208988925728416,4.635805823403375,-0.1002414934075981,0.0266618259300525,-0.0989610049376885,0.02651652135522601
15.36,1.618796199654127,4.6363749451529825,-0.11354201334279458,0.029793515751216658,-0.11403430287176353,0.030555399363935126
15.38,1.6163370039353777,4.637025440571478,-0.12882117713635957,0.03523471575588493,-0.1301389177163799,0.03487061790596436
15.4,1.6135871862369584,4.637756963840508,-0.1487596816764302,0.03872627777651603,-0.14722738747802047,0.03944945957847961
15.42,1.6104604053011096,4.638595155927888,-0.16308556846374203,0.043795828213089014,-0.16524510351728616,0.04427729204065415
15.44,1.6069730795355093,4.639515040100995,-0.18577198937952208,0.04960919211119496,-0.18413089394855403,0.0493377243351358
15.46,1.6031069123617838,4.6405535119013885,-0.20207098066140794,0.05357329615448862,-0.20381760703964524,0.05461276320951691
15.48,1.5988229667358662,4.6416930231763915,-0.22524214569631093,0.060774706648181145,-0.2242326946114819,0.0600829694378012
15.5,1.5941494255183912,4.64294666431251,-0.24401322908203554,0.06485937583595308,-0.2452987954377615,0.06572761414187543
15.52,1.5890161141019459,4.6443149892053235,-0.26706376800865594,0.07180164748368076,-0.26693431864461425,0.07152483511297644
15.540000000000001,1.5834844760827922,4.64579452114631,-0.28880615136567767,0.0762141510976037,-0.28905402711027167,0.07745179313316122
15.56,1.5774621807987097,4.647394376523794,-0.31058038844228286,0.08359211197930966,-0.3115696208647218,0.08348482829677338
15.58,1.5710261666041692,4.649103905312597,-0.3352088887631509,0.08788927681088807,-0.3343903204893863,0.08959961633191545
15.6,1.5641043841393842,4.650960201727037,-0.35562940719448405,0.09615232246451252,-0.3574234505167754,0.09577132492191542
15.620000000000001,1.5567385323733025,4.652911694577821,-0.3812660454899541,0.10112506833590468,-0.38057502283015776,0.10197477002679697
15.64,1.548897903206434,4.655024315035141,-0.40270118349350176,0.1070930410471984,-0.4037503200632154,0.10818457220474599
15.66,1.5405979700374808,4.65721378662265,-0.4271973270515126,0.11415946848021988,-0.42685447899972045,0.11437531293358284
15.68,1.5318349857816893,4.659557136412109,-0.4490701753461271,0.11866704183429952,-0.44979307397319074,0.12052169093222882
15.700000000000001,1.5226185694545706,4.662011900182565,-0.4722934745420501,0.12743162634304292,-0.47247270026655896,0.1265986784821765
15.72,1.5129577422197154,4.664590933491852,-0.49427351992045765,0.13016605915493046,-0.4948015575118283,0.13258167774895624
15.74,1.502837428477703,4.667281759420871,-0.5167909800963153,0.1390533054681492,-0.516690033089748,0.1384466771036082
15.76,1.4923034789591363,4.670084414342971,-0.5375811555547788,0.14185805692716927,-0.5380512855294713,0.1441704074441494
15.780000000000001,1.4813337990201718,4.673023002778359,-0.5585411132559182,0.1507732822553955,-0.5588018279082217,0.14973049851704337
15.8,1.469967597954421,4.676036940198937,-0.5788219060191399,0.152170383393846,-0.5788621112509507,0.1551056352386671
15.82,1.458192284818494,4.6791832739065224,-0.5976250009179805,0.16089281992676638,-0.5981571079300126,0.16027571401678298
15.84,1.4460588408588244,4.682408113726252,-0.616786238887277,0.1634040520282327,-0.616616895064822,0.16522199907200555
15.860000000000001,1.4335470981157221,4.685758493072282,-0.6332864422217247,0.16890234462874454,-0.6341772379215203,0.1699272787592715
15.88,1.4207015145752298,4.6891538590108155,-0.6512161824819979,0.17399097930476806,-0.6507801733126348,0.17437602188930676
15.9,1.4075417153472094,4.692693319354663,-0.6654143239136244,0.17623992041834588,-0.6663745929967507,0.17855453405009764
15.92,1.3940556122005614,4.696256802468801,-0.6812644390012221,0.18256723191102517,-0.6809168270781738,0.18245111392835928
15.94,1.3803225497467564,4.699930052741033,-0.6944191157913974,0.1838391831635801,-0.6943712274065881,0.18605620963100294
15.96,1.3663054933732193,4.703664850498268,-0.7051528938194496,0.1892478740378874,-0.7067107509767262,0.18936257500660625
15.98,1.3520621119788017,4.707439638886824,-0.7189584669158263,0.18993616891103066,-0.7179175433280319,0.19236542596688191
16.0,1.3376269142873822,4.711308285637614,-0.7266226720442716,0.1941635262284993,-0.7279835219443248,0.19506259680814655
16.02,1.3229815813652692,4.71516752052323,-0.7348488847033315,0.19422939616651902,-0.736910959653461,0.19745469653278874
16.04,1.3082352864839837,4.719075007451808,-0.7409943177330259,0.19500012305215345,-0.7447130680270061,0.19954526517074025
16.06,1.2933617468781575,4.722968072319941,-0.7458653917863342,0.19459301755822586,-0.7514145807798873,0.20134093010094162
16.080000000000002,1.2784113643269086,4.726851745442133,-0.7488046716704612,0.19458089901355555,-0.7570523371700694,0.20285156237281432
16.1,1.2633995893966699,4.730741812321894,-0.7523848172436937,0.1937046943840558,-0.761675865398208,0.20409043302772656
16.12,1.248327284827999,4.734605734240275,-0.7547798612661909,0.19295597052966784,-0.7653479660073201,0.20507436942046398
16.14,1.2332284414124022,4.738476921297067,-0.7554752013532111,0.19407165486342337,-0.7681452952824528,0.20582391154069976
16.16,1.218084638953257,4.742330202269315,-0.7579884628008559,0.19187837819996686,-0.7701589486503373,0.2063634683344606
16.18,1.202931383429438,4.746187605549633,-0.7574645593031558,0.19378221371681298,-0.7714950440790566,0.20672147402559685
16.2,1.187759327396265,4.750045091655104,-0.7596450872156769,0.19206282275809208,-0.7722753054777162,0.20693054443725287
16.22,1.1725764958891858,4.753892118563478,-0.7584558339710851,0.19343555175584148,-0.7726376460960971,0.20702763331333304
16.240000000000002,1.1573974914951548,4.757760421850954,-0.7596605091878327,0.1926920855816985,-0.7727367519243291,0.207054188639973
16.26,1.1422010016674549,4.761609250223305,-0.7595398197073283,0.19273252334774624,-0.7727406698483268,0.2070552031762556
16.28,1.1270216653505802,4.765479517613229,-0.7592583860993617,0.19369209739233045,-0.7727413707588585,0.20705258734253965
16.3,1.1118234254988124,4.76933478227137,-0.7598716421202707,0.1925154500584574,-0.7727460690292949,0.2070350531585634
16.32,1.0966343234566382,4.773198225766917,-0.758930996331945,0.19389449800680103,-0.7727610472239888,0.20697915377496012
16.34,1.0814410796257707,4.777064098508193,-0.7605300740000139,0.19241077398698087,-0.7727949726897111,0.20685254221321392
16.36,1.0662415870482027,4.780915519450273,-0.7592954413577987,0.19359632655081263,-0.7728580428520827,0.20661716116280135
16.38,1.0510474873879723,4.784783597080976,-0.760510285328389,0.19249207911519967,-0.7729609310217369,0.20623317728615417
16.4,1.035830216034611,4.788623417187914,-0.7605524450420625,0.1921101918199053,-0.7731135999188536,0.20566340920537896
16.42,1.0206246848118565,4.792477424207899,-0.7610316597704329,0.19241287761136508,-0.7733240597878508,0.20487796228132732
16.44,1.0053875001688277,4.796302698505269,-0.7621067793604707,0.19088898119684505,-0.7735971534205534,0.20385876296885777
16.46,0.9901471119095853,4.800125261870928,-0.7619732787436377,0.1913609062783904,-0.773933451300259,0.20260368219531844
16.48,0.9748814272073819,4.803931548504469,-0.7643806689286646,0.18914079496900954,-0.7743283363189684,0.20112995124234753
16.5,0.9595955453308718,4.807712112170827,-0.7643075162594947,0.18953256781984845,-0.7747713492442881,0.19947660449664456
16.52,0.944290086283692,4.8114876135355615,-0.7665814517284277,0.18753476419161255,-0.7752458536946086,0.1977057297796306
16.54,0.9289462175168545,4.815223062697244,-0.7670689647253455,0.18678492008492717,-0.7757290634120734,0.1959023665633415
16.56,0.913595233786552,4.8189612141276,-0.7689350088730588,0.1859879355956377,-0.7761924558828208,0.19417296231866704
16.580000000000002,0.8982012940291315,4.822659601894703,-0.7699426406230989,0.18468817815865748,-0.7766025757746374,0.19264237404521267
16.6,0.8828032592136472,4.826360449302988,-0.7702055801152754,0.18506227727714725,-0.7769222102810048,0.19144948182759752
16.62,0.8673750969399476,4.830039995081307,-0.7718158124205367,0.18328903559849885,-0.7771118973698529,0.19074155997447673
16.64,0.8519523940393181,4.833722709519945,-0.7707862501149266,0.18510095555467432,-0.7771317082280303,0.19066762484521665
16.66,0.8365241205460487,4.837410617953612,-0.7717740754662941,0.18394212253944248,-0.7769432279076102,0.19137104297725194
16.68,0.8211082823301038,4.841104080706473,-0.7692412465350514,0.1862058753081656,-0.7765116442505237,0.19298173511321515
16.7,0.8057288513149375,4.844841057216441,-0.7690602275854468,0.18671588898327174,-0.7758078453730021,0.19560834828243565
16.72,0.7903760702714306,4.8485928843847725,-0.7657309187607827,0.1894465165689405,-0.7748104209164564,0.19933078703097581
16.740000000000002,0.7751018457542603,4.852421389700701,-0.7625026932178753,0.19260561103436089,-0.7735074622775623,0.20419349487148933
16.76,0.7598770565078511,4.856287552872388,-0.7588937818345739,0.1947868246710523,-0.7718980622331939,0.21019985760677562
16.78,0.7447637816286073,4.860248589013706,-0.7526544439272634,0.2011108655705239,-0.7699934246377588,0.2173080618829457
16.8,0.7297445017867716,4.864290526066741,-0.7490078751068001,0.20333898454170718,-0.767817509804074,0.22542868659519985
16.82,0.7148359836158313,4.868411645050953,-0.7411557062263738,0.20983339222072317,-0.7654071601631549,0.23442423391911538
16.84,0.7000848512358505,4.872675352468377,-0.7349656832814809,0.2149862010344277,-0.7628116730059625,0.24411072386014993
16.86,0.6854401702482404,4.87700996096308,-0.7289599190883016,0.2190474479666085,-0.7600918115455392,0.2542613850199984
16.88,0.6709557039513318,4.881470638922883,-0.7193821644744124,0.22750072250998268,-0.7573182710828645,0.26461237894354783
16.9,0.6566261793999657,4.8860621510687325,-0.7138283326338197,0.23100623337490744,-0.7545696425259745,0.27487040036899646
16.92,0.642409432114031,4.8907218923635645,-0.7072496713198612,0.23556752377805193,-0.7519299396972493,0.28472190544268217
16.94,0.6283555388610285,4.8955128795567395,-0.698965059163069,0.24286291567675664,-0.7494857786095144,0.29384363880399167
16.96,0.6144198531836351,4.900393188903796,-0.6946920470719659,0.24505563728100585,-0.7473233151378352,0.30191406234980983
16.98,0.6005709165632909,4.905316759301654,-0.6896014332269904,0.2479917533144057,-0.7455250613511109,0.30862523684676857
17.0,0.5868357725292608,4.910332506100664,-0.6848933538908217,0.25236520096316095,-0.7441667094809044,0.31369467504093523
17.02,0.573156004902833,4.915380463618868,-0.6834259907199526,0.2522378470581639,-0.743314095610018,0.31687667332632086
17.04,0.5594991096532891,4.9204173646654406,-0.682057443418221,0.2520710064390662,-0.7430204324308414,0.3179726392313207
17.06,0.5458664444244732,4.925474357574831,-0.6818106206943654,0.2525468586761984,-0.7433239318924502,0.31683996382052665
17.080000000000002,0.5322057886268329,4.930496386650663,-0.684622118146137,0.24933840898690268,-0.7442459245332727,0.3133990404407726
17.1,0.5184775411503867,4.935435244727553,-0.6884034943177966,0.24506019561674985,-0.7457895633465494,0.3076381019610883
17.12,0.5046718176510833,4.9403123126642585,-0.6925975583524424,0.2418493848380345,-0.7479391769442759,0.29961563479773223
17.14,0.49074411097083304,4.945084720583704,-0.7001901395212858,0.23513907944923967,-0.7506603105635407,0.28946022587645226
17.16,0.47666119341226326,4.949708438862708,-0.7083294708581764,0.22787873995683203,-0.7539004652403899,0.27736780399806915
17.18,0.46241725810454387,4.954210216940769,-0.7167139969664353,0.2215243300844649,-0.7575905165029905,0.26359634520351005
17.2,0.4479683936743789,4.958542941930851,-0.7278325460962853,0.21169901932053595,-0.7616467654927007,0.24845821788576178
17.22,0.43330768702875316,4.962695168112301,-0.7381945953946352,0.2041752820081909,-0.7659735487765035,0.23231044283727
17.240000000000002,0.41842841619721866,4.966686279439182,-0.750412601065648,0.1943516577566882,-0.7704663094594635,0.2155432317022152
17.26,0.40329738132973086,4.970467822846882,-0.7618669360264997,0.18498861800509744,-0.7750150126030465,0.1985672404618155
17.28,0.38794271875285835,4.9740880819340605,-0.7743822351580921,0.17603846240686435,-0.7795077732860057,0.18180002932676367
17.3,0.3723482312005207,4.977490571222522,-0.7829256737963385,0.1639871272752164,-0.7838345565698085,0.16565225427827193
17.32,0.3566581771750204,4.9806278128570725,-0.7876360851852553,0.15005154047271735,-0.7878908055595187,0.15051412696052366
17.34,0.3408526213436816,4.9834776055018395,-0.7907709692682178,0.13520540584973867,-0.7915808568221193,0.13674266816596448
17.36,0.3249945327551178,4.986081360846295,-0.7957592460850306,0.12495108823641747,-0.7948210114989686,0.1246502462875814
17.38,0.309073161743444,4.988445625595631,-0.7973309396369616,0.11336438402895362,-0.7975421451182333,0.11449483736630142
17.400000000000002,0.2930941550663809,4.990652328033466,-0.7987237686948395,0.10603712963507157,-0.7996917587159601,0.10647237020294413
17.42,0.27708241756383967,4.9926949385761725,-0.8026198184281388,0.10035418440054338,-0.8012353975292368,0.10071143172326023
17.44,0.26105834275639433,4.994669520723494,-0.8016122073195542,0.0962153351947073,-0.802157390170059,0.09727050834350698
17.46,0.24499391563711015,4.996577565305037,-0.8020810247712026,0.09606201958957825,-0.8024608896316678,0.09613783293271287
17.48,0.22895900004595143,4.998500778489053,-0.8031256487115428,0.09611965868039123,-0.8021672264524912,0.09723379883771273
17.5,0.212913279686273,5.00045344452089,-0.8006974146139713,0.10000968468077008,-0.8013146125816049,0.10041579712309841
17.52,0.19690735677991805,5.002499825327634,-0.8005344339261034,0.10435949562424673,-0.7999562607113984,0.10548523531726509
17.54,0.1809140732551963,5.004647907206022,-0.7971941648331704,0.1118917082283869,-0.798158006924674,0.11219640981422378
17.56,0.16498080473197896,5.006961598410721,-0.7978884967061329,0.11844287555116795,-0.7959955434529948,0.12026683336004201
17.580000000000002,0.14907847827914686,5.009427033517197,-0.7913970301986337,0.12985394749624993,-0.7935513823652595,0.12938856672135313
17.6,0.13322695652901725,5.012102805475928,-0.792653872028298,0.1367376377274824,-0.7909116795365347,0.13924007179503714
17.62,0.11744181071383432,5.014961968363529,-0.7870803937856188,0.15037996752123306,-0.7881630509796447,0.14949809322048574
17.64,0.10170152366261788,5.018038746702634,-0.7858696432770442,0.1570759652508452,-0.78538951051697,0.15984908714403526
17.66,0.08603883911806987,5.021290789198828,-0.7801490899751968,0.16862396700486496,-0.7826696490565467,0.1699997483038837
17.68,0.07046424121605963,5.024730694939678,-0.7776055391739115,0.17437762095858958,-0.7800741618993543,0.1796862382449183
17.7,0.05496778039048422,5.028287058964321,-0.7713571286669532,0.18220152096959719,-0.7776638122584352,0.1886817855688337
17.72,0.039596735131510956,5.031996405811109,-0.7673889015920545,0.1869798278356929,-0.7754878974247505,0.19680241028108783
17.740000000000002,0.02428794437163297,5.03576869413927,-0.7623762495234432,0.19129114007235506,-0.773583259829315,0.20391061455725917
17.76,0.00909642580073471,5.039657904438348,-0.7580388747929094,0.1960650784676427,-0.7719738597849466,0.20991697729254524
17.78,-0.0060472136235122835,5.0435850745003075,-0.7557672958357645,0.1971685926020986,-0.7706709011460529,0.21477968513305784
17.8,-0.021114483107052513,5.047570002848203,-0.7511970786651481,0.20146176333893118,-0.7696734766895071,0.21850212388159798
17.82,-0.03613845091285868,5.051595293614519,-0.7509611564752753,0.20084901056228585,-0.7689696778119856,0.22112873705081848
17.84,-0.051137602316292864,5.055624059921554,-0.7488377398788465,0.20252206809558984,-0.768538094154899,0.2227394291867817
17.86,-0.06610001816990131,5.059687093129635,-0.7484671581889013,0.20274078708720872,-0.7683496138344789,0.22344284731881697
17.88,-0.08107415065139945,5.063726693040186,-0.7485053716163786,0.20159691135701785,-0.7683694246926563,0.2233689121895569
17.900000000000002,-0.09603732604716271,5.067773367851074,-0.7479074291703476,0.20268650957769874,-0.7685591117815045,0.22266099033643594
17.92,-0.11101734216181859,5.071803662572437,-0.7500635502734264,0.2002777147363506,-0.7688787462878718,0.22146809811882073
17.94,-0.12601664215094216,5.075805193241243,-0.749716531593158,0.20070865640715432,-0.7692888661796884,0.2199375098453666
17.96,-0.14102738183447025,5.079807541739242,-0.7517749652030477,0.19874499209142021,-0.7697522586504358,0.21820810560069215
17.98,-0.15607939068443571,5.083763829245158,-0.7528540927335999,0.19751979382579368,-0.7702354683679005,0.21640474238440305
18.0,-0.17113482029385826,5.0877237798839205,-0.7537473009352422,0.1974796897639215,-0.7707099728182211,0.21463386766738907
18.02,-0.18623309858943227,5.091646514005649,-0.7554909004943131,0.1953136207532987,-0.7711529857435409,0.2129805209216861
18.04,-0.20134403259214026,5.095558589925981,-0.7553453307632408,0.1960996645590456,-0.7715478707622502,0.2115067899687152
18.06,-0.2164763896446074,5.099461019861108,-0.7578582287538256,0.19393355064159923,-0.7718841686419559,0.21025170919517586
18.080000000000002,-0.23163083976337123,5.103336753219698,-0.7574253226936541,0.19452755694927013,-0.7721572622746584,0.20923250988270614
18.1,-0.24678642357542252,5.107225813063538,-0.7587451829505749,0.1935424819284229,-0.7723677221436556,0.20844706295865467
18.12,-0.26197191842964856,5.11108236673665,-0.7590039323546929,0.1928913217482141,-0.7725203910407723,0.20787729487787945
18.14,-0.27714271552952496,5.114959794778621,-0.7590873677193715,0.19378990953307573,-0.7726232792104265,0.20749331100123228
18.16,-0.2923390012787302,5.118815365498345,-0.7599531936522949,0.19235803869597137,-0.7726863493727981,0.2072579299508197
18.18,-0.3075261033782162,5.1226783884453635,-0.7586805349626273,0.1940932238372425,-0.7727202748385205,0.2071313183890735
18.2,-0.3227197231368433,5.126544047881589,-0.7603898818390563,0.19240643293044768,-0.7727352530332143,0.20707541900547022
18.22,-0.33791674274018957,5.130397577700177,-0.7592279217497248,0.1937082965051562,-0.7727399513036507,0.20705788482149398
18.240000000000002,-0.353103423986309,5.134271794332788,-0.7601245296974399,0.19294690232696107,-0.7727406522141824,0.20705526898777804
18.26,-0.3683086213561909,5.138121075866038,-0.7596835178880048,0.19275479090104164,-0.7727367519243293,0.20705418863997307
18.28,-0.38349290099096006,5.141996258944914,-0.7595720590876898,0.19372265372632594,-0.7726376460960969,0.207027633313333
18.3,-0.39869520570241446,5.145852429707993,-0.7601507779049654,0.19244939441024275,-0.7722753054777161,0.2069305444372528
18.32,-0.4138796253709508,5.149722663506477,-0.7583876399084784,0.19467174435587176,-0.7714950440790573,0.20672147402559704
18.34,-0.42906368769975356,5.153600347455806,-0.7594796005015374,0.19324609478335344,-0.7701589486503372,0.20636346833446056
18.36,-0.4442359119273253,5.157479222992104,-0.7575316788217668,0.195359246007863,-0.7681452952824532,0.20582391154069987
18.38,-0.4593783666911346,5.161393859732893,-0.7574631938697435,0.1953508783530903,-0.7653479660073206,0.20507436942046414
18.400000000000002,-0.4745139192741689,5.165304930604592,-0.7553567683072675,0.19664801472260868,-0.7616758653982062,0.2040904330277261
18.42,-0.4895954512139363,5.169270832879336,-0.7535390714019017,0.19884412946781135,-0.7570523371700684,0.20285156237281407
18.44,-0.5046551596608825,5.1732462658995,-0.7513858573225165,0.19895649011799138,-0.7514145807798877,0.20134093010094176
18.46,-0.5196051395237749,5.1772287146122915,-0.7436805415812703,0.19945026094286783,-0.7447130680270061,0.19954526517074025
18.48,-0.5344255122438476,5.181182397109985,-0.7373743967042791,0.19546120722715837,-0.7369109596534618,0.19745469653278894
18.5,-0.5490867224779135,5.185076249375809,-0.7281633918825914,0.19462660546224322,-0.7279835219443244,0.19506259680814642
18.52,-0.5635377477546224,5.188946209540064,-0.7185212117970338,0.19140984697483399,-0.717917543328032,0.19236542596688194
18.54,-0.5778005810054808,5.192734815455917,-0.7064743032062032,0.1878303277604698,-0.7067107509767266,0.1893625750066064
18.56,-0.5918163916507243,5.196476972483086,-0.694177032194027,0.18606084089866443,-0.6943712274065889,0.18605620963100314
18.580000000000002,-0.6055690928821246,5.200148218177002,-0.6822892511803947,0.18119548753016684,-0.6809168270781726,0.18245111392835897
18.6,-0.6190572897814496,5.203730071774125,-0.6656842576343183,0.17766667187566054,-0.6663745929967498,0.1785545340500974
18.62,-0.6322304331782674,5.207259799449873,-0.6510398016864397,0.17392460696070675,-0.6507801733126328,0.1743760218893062
18.64,-0.6450887018037742,5.210680037656009,-0.6356407829184183,0.16889887486149985,-0.6341772379215183,0.16992727875927097
18.66,-0.6576072809526803,5.214011468388499,-0.615571068362896,0.16488647685635033,-0.6166168950648215,0.16522199907200544
18.68,-0.6697614707513745,5.217267026620929,-0.598800514839516,0.1596782811860435,-0.5981571079300124,0.1602757140167829
18.7,-0.6815336474084616,5.220401539333029,-0.5802328287633247,0.15412195220295988,-0.5788621112509506,0.15510563523866708
18.72,-0.6929318173662843,5.223427873862858,-0.5573592714819127,0.1493925592716681,-0.5588018279082217,0.14973049851704337
18.740000000000002,-0.7039017564260208,5.226367189756326,-0.540158962050531,0.1436986338546538,-0.5380512855294695,0.1441704074441489
18.76,-0.7144456169610631,5.229182278680985,-0.5159318749812172,0.1380238135386833,-0.5166900330897461,0.1384466771036077
18.78,-0.7245948903284726,5.2318687092711516,-0.49555094472441635,0.1312813898922834,-0.49480155751182614,0.13258167774895568
18.8,-0.7342466802875313,5.234458348300055,-0.47338285527845086,0.12673435230932426,-0.4724727002665569,0.12659867848217596
18.82,-0.7434923408235011,5.236916990946888,-0.44833471046748846,0.12013323536449173,-0.4497930739731908,0.12052169093222884
18.84,-0.7522561515459556,5.239263226397467,-0.4290335023779555,0.11346259674885449,-0.42685447899972057,0.11437531293358287
18.86,-0.7605740026211144,5.241464671520252,-0.4028484808271545,0.10759751387429309,-0.4037503200632155,0.10818457220474602
18.88,-0.768420828074793,5.243573087603628,-0.3813478034320895,0.10175938037538337,-0.3805750228301578,0.10197477002679699
18.900000000000002,-0.7758017544585069,5.2455399622544165,-0.35708992000668616,0.09625791146830347,-0.3574234505167732,0.09577132492191483
18.92,-0.7827281346578697,5.247395704406704,-0.3353401088476648,0.08836865165495161,-0.33439032048938416,0.08959961633191489
18.94,-0.7891906618124623,5.249118667915887,-0.3111066171208871,0.08411642927715239,-0.31156962086472006,0.08348482829677291
18.96,-0.79521064599267,5.250712899368,-0.29025014250763886,0.07630501880809988,-0.28905402711026973,0.07745179313316071
18.98,-0.8007623941948536,5.252207324998476,-0.2667169836378826,0.07165102309626549,-0.26693431864461425,0.07152483511297644
19.0,-0.8059020986114838,5.253567552945714,-0.24504366435864658,0.06603324228378549,-0.2452987954377614,0.0657276141418754
19.02,-0.8105856153264054,5.254830132617948,-0.22567294969712043,0.058968175450355216,-0.22423269461148193,0.060082969437801205
19.04,-0.8148748491934966,5.255972593421434,-0.20218999202338991,0.05544758151211793,-0.20381760703964508,0.05461276320951687
19.06,-0.8187599696642089,5.257005185685786,-0.18579523706170004,0.048791855718411936,-0.18413089394855575,0.04933772433513627
19.080000000000002,-0.8222445613522457,5.2579443881032395,-0.1645250881521287,0.04402669140362913,-0.16524510351728441,0.04427729204065368
19.1,-0.8253876029897955,5.258775472538546,-0.14767563812268103,0.039907242131605666,-0.14722738747801886,0.03944945957847918
19.12,-0.8281466578124385,5.259521143713933,-0.13064308342217865,0.03447972579385591,-0.1301389177163781,0.03487061790596387
19.14,-0.830603794779393,5.260172684505262,-0.11333547012797918,0.030525650426200958,-0.1140343028717633,0.030555399363935067
19.16,-0.8327232733025626,5.260740574755182,-0.10042531080272063,0.02656200663545942,-0.09896100493768817,0.02651652135522592
19.18,-0.8345672946948791,5.261234267718667,-0.08328770351120422,0.022835824043877448,-0.08495875586211703,0.022764630023207194
19.2,-0.8361428435121051,5.2616570355491294,-0.07377138892231179,0.019339505067680365,-0.07205897414779713,0.01930814393031741
19.22,-0.8374506882211649,5.262013326603725,-0.05946443839758796,0.01643171523787123,-0.06028418145259911,0.016153097736595214
19.240000000000002,-0.8385704353809849,5.262307969403847,-0.04942907233344313,0.013248718793008867,-0.049647419189849,0.013302985878209479
19.26,-0.8394482758281058,5.262552380609395,-0.04171894631969017,0.010848554377797784,-0.0401516651286681,0.010758606245991498
19.28,-0.8401769930118703,5.2627430194848435,-0.029736280221967604,0.008681773203739673,-0.031789249994304075,0.008517903863964858
19.3,-0.8407414466362191,5.262893862514605,-0.026416424231704157,0.006207198495757165,-0.02454127406846704,0.0065758145678766035
19.32,-0.8411556025347552,5.263007125145051,-0.017304936651633407,0.0051858659931855264,-0.018377023789669295,0.004924108683729423
19.34,-0.8414907761082977,5.263088657784347,-0.01348675435768247,0.0031667963753905935,-0.013253388353560677,0.003551234706312634
19.36,-0.8416966159892018,5.263148383754,-0.010042498982996815,0.0025781690985603404,-0.009114276313259891,0.002442162977732101
19.38,-0.8418666599301586,5.263181601055526,-0.005064708320545415,0.001183786795222083,-0.005890032179692973,0.0015782293659420592
19.400000000000002,-0.841933525453411,5.263226203906446,-0.003701507122977395,0.0023028562498704536,-0.003496853021929741,0.0009369789432764061
19.42,-0.8420169329437615,5.26323970178727,-0.003255947494755454,-0.00025603326065190535,-0.001836205067522626,0.0004920096649806233
19.44,-0.8420249298760192,5.26323617715033,0.0016150430556436152,0.0007397399493846238,-0.0007942403028359004,0.0002128160477411301
19.46,-0.8420143548632544,5.26328231193082,-0.000851474406755401,0.0025475819493798483,-0.00024121307338073974,6.463284821619842e-5
19.48,-0.8420417481663844,5.263295423897256,-0.0009278734393126808,-0.0009824389773005614,-3.0896684160579586e-5,8.278741569626768e-6
19.5,-0.8420271996429126,5.263297899223,0.0014095976772070264,0.001717078664160698,3.263325085903179e-64,4.2962489799875584e-65
19.52,-0.8420180266880564,5.263337305174246,-0.0006781374336662907,0.0011294941159792587,3.263325085903179e-64,4.2962489799875584e-65
19.54,-0.8420406502798434,5.2633261224900645,-0.0009346276465708757,-0.0018014105451556,3.263325085903179e-64,4.2962489799875584e-65
19.56,-0.8420416394087741,5.263299501743754,0.000382863721896256,-0.00018006662409730231,3.263325085903179e-64,4.2962489799875584e-65
19.580000000000002,-0.8420491345220453,5.263309718183214,-0.0009633780047944959,0.0007427984922058798,3.263325085903179e-64,4.2962489799875584e-65
19.6,-0.84206234192014,5.263315618422451,-4.5514904968039225e-5,-0.0002790281832057208,3.263325085903179e-64,4.2962489799875584e-65
19.62,-0.8420614996955372,5.263314248586281,-0.00023195157924610932,0.0005376406827369071,3.263325085903179e-64,4.2962489799875584e-65
19.64,-0.8420674590681926,5.263328180329959,-0.00015969798420949321,0.0004680712729560541,3.263325085903179e-64,4.2962489799875584e-65
19.66,-0.8420625410773547,5.263328226238802,0.000696839997479296,-0.00019693115914966818,3.263325085903179e-64,4.2962489799875584e-65
19.68,-0.8420502642152004,5.263326831965113,0.00024169791311130087,6.47953711065445e-5,3.263325085903179e-64,4.2962489799875584e-65
19.7,-0.8420488077165211,5.263329993182878,0.00026131727995076033,0.00013180453507987896,3.263325085903179e-64,4.2962489799875584e-65
19.72,-0.8420373915170387,5.263325796009754,0.0005948898469614851,-0.0003907140699008157,3.263325085903179e-64,4.2962489799875584e-65
19.740000000000002,-0.842034542884296,5.26332181306005,-0.00032971527404089003,9.246817280562901e-5,3.263325085903179e-64,4.2962489799875584e-65
19.76,-0.8420423018331006,5.263328368929849,-0.00024273636557214595,0.0003603590786585816,3.263325085903179e-64,4.2962489799875584e-65
19.78,-0.8420423098761753,5.263328863820945,0.0001651559229409895,-0.00024913299283812123,3.263325085903179e-64,4.2962489799875584e-65
19.8,-0.8420411623008153,5.263324840494491,-0.00010007417604614448,-5.794288940486036e-5,3.263325085903179e-64,4.2962489799875584e-65
19.82,-0.8420444661444831,5.263326813734225,-0.0001020830578121175,0.00012965237855322147,3.263325085903179e-64,4.2962489799875584e-65
19.84,-0.8420449734419418,5.263323402865145,-3.779824728557433e-5,-0.00039424900011519903,3.263325085903179e-64,4.2962489799875584e-65
19.86,-0.8420467685114125,5.263321375318631,-4.713270688536914e-5,0.0003015234229985895,3.263325085903179e-64,4.2962489799875584e-65
19.88,-0.8420475730788515,5.2633271345411705,-4.341715843273248e-5,6.351559063028095e-5,3.263325085903179e-64,4.2962489799875584e-65
19.900000000000002,-0.8420470011867149,5.263323848780617,0.00011604554243854322,-0.0002396271151712798,3.263325085903179e-64,4.2962489799875584e-65
19.92,-0.8420454292844345,5.263322880737975,-3.632615380796227e-5,0.00018580219864001784,3.263325085903179e-64,4.2962489799875584e-65
19.94,-0.8420476338844632,5.2633277256174935,-0.00010956868245803501,0.00016319315039752279,3.263325085903179e-64,4.2962489799875584e-65
19.96,-0.8420483955937214,5.2633274217708115,-2.436777705100763e-5,-0.00010166913898902749,3.263325085903179e-64,4.2962489799875584e-65
19.98,-0.8420504729493363,5.26332817467995,-0.0001236500123394056,0.00015112151468632664,3.263325085903179e-64,4.2962489799875584e-65
20.0,-0.8420510881176858,5.263330361546743,6.948608296716546e-5,-8.459370287737467e-6,3.263325085903179e-64,4.2962489799875584e-65
20.02,-0.8420495746067852,5.263328263468652,-5.545667712163696e-6,-9.770095423868322e-5,-2.7701209189435974e-5,-1.5993300582398982e-5
20.04,-0.8420518615884637,5.2633288462882755,-0.00015455752073872782,0.00013396645364872805,-0.00021626572515857383,-0.00012486107463679212
20.06,-0.8420537296725017,5.2633308510585115,-0.00012276579743965006,-9.219690075447091e-5,-0.0007120963745288263,-0.00041112903352317413
20.080000000000002,-0.8420646212749728,5.263318190496624,-0.0012170132081929068,-0.0012213556384309398,-0.0016462964254122193,-0.0009504896843776627
20.1,-0.8421057334201011,5.263291093387877,-0.0028867816315969563,-0.0016167183238723476,-0.0031351926492400426,-0.0018101043200000732
20.12,-0.8421841100819395,5.263237187543343,-0.005050065670745879,-0.0032332134631778836,-0.005280858382593195,-0.0030489050087424705
20.14,-0.8423150552146871,5.263165604679458,-0.008024125312627299,-0.005120853339108807,-0.00817163658903102,-0.004717896584396851
20.16,-0.842479115354662,5.263014784037376,-0.008222084950051778,-0.009625274671194868,-0.01188266292092082,-0.006860458636083215
20.18,-0.8427288510511803,5.26282380241643,-0.01775210508402466,-0.008781943185969431,-0.016476388781267223,-0.009512647498137553
20.2,-0.8431124423702427,5.262607781723934,-0.020432573891972162,-0.013612137858721712,-0.022003104385541598,-0.012703498239999868
20.22,-0.8436183262027888,5.2623227695701855,-0.029419373468083636,-0.0157576885597317,-0.028501461823511452,-0.016455326656102165
20.240000000000002,-0.8442494726639272,5.261944671488205,-0.03545583485541017,-0.020405529748727894,-0.035998998121071164,-0.020784031255757254
20.26,-0.8450620524038112,5.2614915854346345,-0.04435190626792071,-0.0265848294686953,-0.04451265830206596,-0.025699395253043593
20.28,-0.8460318391618005,5.260926551557096,-0.054263661702160695,-0.02973778105052939,-0.05404931845012927,-0.031205388556697918
20.3,-0.8472226548130444,5.260237750137495,-0.0636655182616858,-0.03782174278245742,-0.0646063087705069,-0.03730046976000021
20.32,-0.8486175440114829,5.259445065962363,-0.07689637950943325,-0.043855346048332605,-0.07617193665188775,-0.043977888130662474
20.34,-0.8502624971291022,5.2584855107658575,-0.08737544952725051,-0.04991839202608251,-0.08872600972823316,-0.051225985600716735
20.36,-0.8521666420980377,5.257400434482444,-0.10297200605146252,-0.0599987946014816,-0.10224035894060624,-0.059028498756402925
20.38,-0.8543441199384786,5.256144265483483,-0.11588418216633639,-0.06574261335161283,-0.11667936159900151,-0.06736486082805715
20.400000000000002,-0.856834107554144,5.254709476463505,-0.1321420183501005,-0.07699923679982505,-0.1320004644441766,-0.07621050368000093
20.42,-0.8596245840491976,5.2531061492394135,-0.14806814806037732,-0.08484769732916912,-0.14815470670947117,-0.08553715980042317
20.44,-0.8627587230511718,5.251293161379652,-0.16471014978274912,-0.09480147719533641,-0.1650872431826522,-0.09531316429127738
20.46,-0.8662262042087644,5.249305304752637,-0.1823228447204576,-0.10524687986909252,-0.18273786726773278,-0.10550375685816354
20.48,-0.8700529106474799,5.247109087428961,-0.20063413877889943,-0.11391329941006871,-0.2010415340468044,-0.11607138380021774
20.5,-0.8742571988316911,5.244695178614881,-0.22002807817565434,-0.12752285436983768,-0.21992888334186586,-0.12697599999999995
20.52,-0.878854561278079,5.242053188462686,-0.23912701778592813,-0.13724382136713548,-0.23932676277665274,-0.13817537091338206
20.54,-0.8838196484746452,5.23918953285616,-0.25814544420448987,-0.14784410211908555,-0.2591587508384675,-0.14962537455943625
20.56,-0.8891831517560677,5.2361265179072936,-0.2781117951240733,-0.16046214112097815,-0.27934567994000764,-0.16128030351032233
20.580000000000002,-0.8949800177311387,5.232782415782321,-0.3011276905410524,-0.17259626976261475,-0.29980615948120004,-0.1730931668811786
20.6,-0.901169074466806,5.229227340693626,-0.31797369963347155,-0.1823621025802442,-0.3204570989110148,-0.1850159923200008
20.62,-0.9077526056939592,5.225473465411646,-0.34054711741777427,-0.19514023190298485,-0.34121423078931656,-0.19700012799754285
20.64,-0.9147828851210944,5.2214204651748455,-0.3615223355064933,-0.20742768160416952,-0.36199263384868013,-0.20899654459719696
20.66,-0.9222008305225348,5.217180445161236,-0.38076040034659075,-0.21877856001602972,-0.38270725605622297,-0.2209561373048832
20.68,-0.9300590974499451,5.212661937713698,-0.40365877580609544,-0.23096307979424016,-0.40327343767543383,-0.2328300277989373
20.7,-0.9382947251800915,5.2079625476635325,-0.420993475564257,-0.24105991222763606,-0.4236074343280038,-0.24456986623999952
20.72,-0.9469531560096709,5.202991605442564,-0.4435354388983988,-0.25414749372562073,-0.44362694005565395,-0.25612813326090156
20.740000000000002,-0.9559848794059274,5.197828910712423,-0.4609345140136296,-0.2643145015010236,-0.4632516103819699,-0.2674584419565577
20.76,-0.9654278735937672,5.192421304143327,-0.4814089658822033,-0.2745528194473618,-0.48240358537421596,-0.278515839873844
20.78,-0.9752197764759286,5.186820951319088,-0.499251615932333,-0.2871122545799773,-0.5010080127051855,-0.28925711100149804
20.8,-0.9854006935821992,5.180989819307029,-0.5169466723695564,-0.29557229731174334,-0.5189935707150176,-0.29964107776000026
20.82,-0.9959094114726122,5.174983856519431,-0.5333114528278188,-0.30446838353623534,-0.5362929914730286,-0.3096289029914625
20.84,-1.0066973652250875,5.168838932271602,-0.5458406758804802,-0.3107089886437309,-0.552843583839542,-0.3191843919495168
20.86,-1.017719514538418,5.1625932960312175,-0.5549917789781833,-0.31357767182109225,-0.5685877565277174,-0.3282742942892028
20.88,-1.0289269859284813,5.156301459093889,-0.5646222699924032,-0.315395650532921,-0.5834735411653816,-0.33686860605685703
20.900000000000002,-1.040272320412414,5.149984459815947,-0.5709864549078885,-0.3171954612524691,-0.5974551153568581,-0.3449408716800007
20.92,-1.0517571824015495,5.143657678800024,-0.5761618406564055,-0.3158916084865965,-0.6104933257447874,-0.35246848595722263
20.94,-1.0633500899437733,5.137346604719493,-0.5824011499751197,-0.31476488207986925,-0.6225562110719731,-0.3594329960480769
20.96,-1.0750267666134656,5.131059476783365,-0.5860484825234354,-0.3150149088467539,-0.6336195252431981,-0.365820403462963
20.98,-1.086790819595531,5.1247956992683905,-0.589770728930271,-0.3119460665869262,-0.6436672603870595,-0.37162146605301744
21.0,-1.0986295298057769,5.118554308899504,-0.5930887556690675,-0.31178969232514697,-0.6526921699177958,-0.37683200000000006
21.02,-1.1105286865544701,5.112339053852689,-0.5971561441990585,-0.310381382820632,-0.6606962915971154,-0.38145318180618176
21.04,-1.1224924488002224,5.1061665040805915,-0.5992468369481679,-0.30816677079324944,-0.667691470596033,-0.38549185028423644
21.06,-1.1345104205500474,5.10001408907389,-0.6014845668095212,-0.306657752837648,-0.6736998825566877,-0.38896080854712256
21.080000000000002,-1.1465739147615066,5.093897021133756,-0.6046077609447137,-0.3057745625977312,-0.6787545566541836,-0.3918791259979777
21.1,-1.1586740161459441,5.087796219863249,-0.6060823103728546,-0.30525375918911907,-0.6828998986584093,-0.3942724403200005
21.12,-1.1708214544394084,5.081717103622627,-0.6076748703428572,-0.30270584478946483,-0.6861922139958726,-0.396173259466342
21.14,-1.1830019204706583,5.075664044959149,-0.6097093285227047,-0.30255830688399454,-0.6887002308115342,-0.3976212636499964
21.16,-1.195203837270491,5.0696309120341345,-0.6112716778812147,-0.3015626871989648,-0.690505623030628,-0.39866360733368306
21.18,-1.2074369334300263,5.063611399383855,-0.6115537612357207,-0.30105781182627267,-0.6917035334204936,-0.399355221219737
21.2,-1.2196937989893015,5.057593873575559,-0.6132909812412708,-0.3001038076965891,-0.6924030966524114,-0.3997591142399999
21.22,-1.2319706245296396,5.051604991867826,-0.6147340978312514,-0.2996997089840495,-0.6927279623634219,-0.3999466755457023
21.240000000000002,-1.2442617683839883,5.045623756426995,-0.6148097427545259,-0.2988959267615752,-0.6928168182181635,-0.39999797649735647
21.26,-1.2565758367050166,5.039652486890518,-0.6154728456659171,-0.29842437142356215,-0.6928203059942758,-0.4000000295024982
21.28,-1.2688993665654404,5.033680924802535,-0.6170039029790845,-0.2984882934465185,-0.6928189519391067,-0.4000023747948472
21.3,-1.2812416435822784,5.0277339363957045,-0.6176675930336494,-0.297504326283997,-0.6928098755776,-0.40001809551412476
21.32,-1.2935997713293128,5.021791585964085,-0.6175796871971838,-0.29667171798435205,-0.692780939927428,-0.4000682135303728
21.34,-1.3059717695359465,5.015861030732787,-0.6188599178733056,-0.29672581393855607,-0.6927154009604077,-0.4001817303511273
21.36,-1.31834780548523,5.009928555129568,-0.6194980412170441,-0.2969687441780078,-0.6925935587630018,-0.4003927672275404
21.38,-1.3307416260116718,5.00401059679806,-0.6195736806608195,-0.29558668718759645,-0.6923947940824245,-0.40073703775305025
21.400000000000002,-1.3431424235987823,4.998092665700354,-0.619655275768477,-0.2958159611614767,-0.6920998604212322,-0.40124787783909766
21.42,-1.3555423093462737,4.992182179326915,-0.6204151386367256,-0.296085780502161,-0.6916932831755087,-0.4019520902858921
21.44,-1.3679376249679083,4.986257723707675,-0.61958611508888,-0.2968460469699203,-0.6911657067898638,-0.40286587939070284
21.46,-1.3803373690307092,4.980330710841182,-0.6194986600163346,-0.29583032301304113,-0.6905160291751957,-0.4039911540278479
21.48,-1.3927259559686054,4.974399345292048,-0.6191206967402944,-0.29726023358548825,-0.6897531698992239,-0.4053124650528565
21.5,-1.4050988749642774,4.968461954459696,-0.618680947843772,-0.2975372594589119,-0.6888973346473315,-0.40679481519204264
21.52,-1.4174575749235145,4.962499096289755,-0.6168810520454862,-0.29872376888939983,-0.6879806624408239,-0.40838253802759994
21.54,-1.4298030762472316,4.956521879739832,-0.6170444602159282,-0.2986399652468812,-0.687047172949598,-0.40999938925473484
21.56,-1.4421307570323827,4.950542682488479,-0.6161176484090837,-0.29987735614383554,-0.6861519674391923,-0.41154993068197326
21.580000000000002,-1.454440950555879,4.9445506034744415,-0.6152062211219571,-0.29960644521276114,-0.6853596766484311,-0.41292221858594047
21.6,-1.4667424309672557,4.93854207110131,-0.6141806649228139,-0.30093532336347995,-0.6847421901990843,-0.4139917364891944
21.62,-1.479032038788443,4.932525252915659,-0.6150282887106376,-0.30057389373631305,-0.6843757428830205,-0.41462644185891423
21.64,-1.4913275731613713,4.926526378077183,-0.6148242864566844,-0.3002443503390858,-0.6843374712439112,-0.4146927302823404
21.66,-1.5036326048739346,4.920532329456901,-0.6154628003402334,-0.29859347392130814,-0.6847015872623936,-0.4140620628384793
21.68,-1.5159630010532432,4.9145627258328695,-0.6170355063118232,-0.2986137287721131,-0.6855353428635619,-0.4126179557761607
21.7,-1.5283218652017385,4.908614947531535,-0.6196597652195909,-0.2963702252045253,-0.6868949778881845,-0.410262998833764
21.72,-1.5407422891606386,4.902725605899998,-0.6220507926811515,-0.29317751495368083,-0.6888218539728841,-0.40692555155517496
21.740000000000002,-1.5532272429969358,4.896887653031007,-0.6261869071674562,-0.28989233976914547,-0.6913389767726726,-0.40256576697705126
21.76,-1.5657986651501248,4.8911293920218375,-0.6310445706871215,-0.2867840981877611,-0.6944480989080449,-0.39718060947164935
21.78,-1.5784663843355486,4.885441925332606,-0.6363143923437098,-0.28193703205986564,-0.698127576194349,-0.3908075678664752
21.8,-1.5912611051217238,4.879860744019874,-0.6423004043379608,-0.2764735309652222,-0.702331120861672,-0.38352681493078633
21.82,-1.6041772304170296,4.87438122328788,-0.6496681690550684,-0.2711383016479528,-0.7069875587987727,-0.3754616278414367
21.84,-1.6172362831614158,4.869014225130251,-0.6565549975089722,-0.26620953212763293,-0.7120016549526402,-0.3667769585489026
21.86,-1.6304453526580989,4.8637603392606925,-0.664041693639518,-0.2592157442470786,-0.7172560238097426,-0.3576761247266935
21.88,-1.6438063152888285,4.858625114199789,-0.6716065100429612,-0.2540163623063424,-0.7226140925360528,-0.34839567746227845
21.900000000000002,-1.6573127177956606,4.853605744242388,-0.6792499196565904,-0.24885980099987529,-0.7279240351560053,-0.33919858705924527
21.92,-1.670961936769672,4.848685074930364,-0.6858203675930055,-0.24316103963438596,-0.7330235494279923,-0.3303659692462412
21.94,-1.6847480024943655,4.8438648714004975,-0.6919285417285637,-0.23883422363040488,-0.7377453060645002,-0.322187646850834
21.96,-1.69864506420449,4.83912600569586,-0.6976793197820803,-0.23573628741204986,-0.7419228646959033,-0.3149519030496459
21.98,-1.712638259336092,4.8344458609472944,-0.701974641317802,-0.2324360655191365,-0.7453968242455418,-0.30893482860623295
22.0,-1.726707313022568,4.8298146159096245,-0.7043061706257391,-0.23077881565099734,-0.7480209585507828,-0.30438969466367116
22.02,-1.7408196674526377,4.8252007258572585,-0.7062236549207113,-0.2309368504598737,-0.7496680820662655,-0.3015367930485136
22.04,-1.754947937260161,4.820586210226573,-0.7068451319883791,-0.2308894503872811,-0.7502353957642595,-0.3005541768997583
22.06,-1.769062239052064,4.81594982003271,-0.7045176891776039,-0.23305715856681364,-0.7496490798277938,-0.3015697058910041
22.080000000000002,-1.7831303531052,4.811253674796565,-0.7014899382940277,-0.23651667227887116,-0.747867926820956,-0.3046547533949012
22.1,-1.7971241374890248,4.806490623366966,-0.6975987717813695,-0.24026288033693935,-0.7448858456285435,-0.30981986953245527
22.12,-1.8110034175547756,4.801630508835412,-0.6906334430438735,-0.24627602718359765,-0.7407331110473713,-0.3170126168173939
22.14,-1.8247442993445078,4.796639503510609,-0.6828660812844296,-0.2529168949155641,-0.7354762845681087,-0.32611770736605017
22.16,-1.8383286032863566,4.791520205716564,-0.6748515930407154,-0.25930921345083224,-0.7292167864010287,-0.33695947622131683
22.18,-1.8517149890717608,4.786247637717166,-0.6638515131988745,-0.2685045164548615,-0.7220881547712757,-0.34930662839249155
22.2,-1.8648848828291085,4.780792180640801,-0.6530435542771333,-0.2774693097008125,-0.7142520834572358,-0.36287910204014184
22.22,-1.8778342256649185,4.775157551298653,-0.6417983493412706,-0.28526788829675903,-0.7058933800200738,-0.37735680107870684
22.240000000000002,-1.8905591397815555,4.769362312504567,-0.6303449571658087,-0.2945966314950053,-0.6972140328700593,-0.39238987131906006
22.26,-1.903028456226598,4.763376827353739,-0.6167355301856692,-0.30487977785905823,-0.6884266131850414,-0.40761012868094215
22.28,-1.9152474493649243,4.757185975619841,-0.6049315100197629,-0.3141054459032059,-0.6797472660350284,-0.4226431989212927
22.3,-1.9272337411433114,4.750815235457772,-0.5938066292880517,-0.32210993974353186,-0.6713885625978666,-0.4371208979598577
22.32,-1.9390069048502745,4.744312322178819,-0.5837930801954452,-0.32887428056863016,-0.6635524912838265,-0.450693371607508
22.34,-1.9505764664569192,4.737666783121254,-0.57318739574491,-0.33569715696087477,-0.6564238596540736,-0.46304052377868277
22.36,-1.9619470953528,4.7308847030423875,-0.56379636289706,-0.3422639674051531,-0.6501643614869936,-0.4738822926339494
22.38,-1.9731490430470253,4.723981208029946,-0.5563339491553129,-0.34855700175103943,-0.6449075350077311,-0.48298738318260565
22.400000000000002,-1.9842034234397519,4.716965728487279,-0.5497528961501814,-0.35295048352013586,-0.6407548004265582,-0.4901801304675454
22.42,-1.9951592939154672,4.7098856679620535,-0.5454836773383583,-0.3548112553340316,-0.6377727192341458,-0.4953452466050991
22.44,-2.006053897568109,4.702792623381394,-0.5441524679022451,-0.3544533574323095,-0.6359915662273085,-0.4984302941089955
22.46,-2.016918211177629,4.695707989036643,-0.5428599183902354,-0.3541943407451326,-0.6354052502908428,-0.4994458231002414
22.48,-2.0277842865040703,4.688640947480887,-0.5437361388196027,-0.35208978268194363,-0.6359725639888368,-0.49846320695148605
22.5,-2.038689463315558,4.681629145181684,-0.5466001458336762,-0.34953953816643585,-0.6376196875043195,-0.49561030533632844
22.52,-2.04965840662882,4.674675342750531,-0.5506438656335273,-0.34619502986454276,-0.6402438218095605,-0.49106517139376665
22.54,-2.060720253357075,4.667792739621391,-0.5555912725753384,-0.3419291917963504,-0.643717781359199,-0.4850480969503537
22.56,-2.071904932804966,4.661012182264472,-0.5625233856624012,-0.3361030398898542,-0.6478953399906021,-0.4778123531491656
22.580000000000002,-2.0832316472661296,4.654368164743309,-0.5705131711303334,-0.32878830108363893,-0.6526170966271108,-0.469634030753757
22.6,-2.0947147017413275,4.647855099382542,-0.5779258937629397,-0.3225594156122964,-0.6577166108990978,-0.4608014129407527
22.62,-2.106365737492911,4.641477709776524,-0.5866152334499585,-0.31565507933280507,-0.6630265535190495,-0.45160432253772115
22.64,-2.1181808944869664,4.635220898239707,-0.5950382274470404,-0.3102961122215503,-0.6683846222453597,-0.4423238752733061
22.66,-2.1301635198553135,4.629081876136586,-0.6033132315882611,-0.3037911262508115,-0.6736389911024621,-0.433223041451097
22.68,-2.1423181091729346,4.623078015810347,-0.6115007369912463,-0.29698430036367457,-0.6786530872563296,-0.4245383721585628
22.7,-2.154623404984602,4.617189505030493,-0.6189719935424156,-0.2919437819303886,-0.6833095251934302,-0.4164731850692133
22.72,-2.167069814195827,4.611400642230998,-0.6254287369282988,-0.2877971605239772,-0.6875130698607533,-0.4091924321335245
22.740000000000002,-2.1796365216083737,4.605680136944878,-0.631004903976079,-0.2840143527575942,-0.6911925471470579,-0.4028193905283492
22.76,-2.1923171503202927,4.600043517577593,-0.6365465940042727,-0.280190209812586,-0.6943016692824302,-0.3974342330229475
22.78,-2.2050803551003533,4.594466288646461,-0.6400237127078447,-0.2778554960008149,-0.6968187920822182,-0.39307444844482464
22.8,-2.217912800788495,4.588920703815729,-0.6426795664926522,-0.27706172716413363,-0.6987456681669177,-0.38973700116623555
22.82,-2.23079091497164,4.583391469632507,-0.6448815054290528,-0.2757031691149417,-0.7001053031915404,-0.3873820442238389
22.84,-2.2437072287186126,4.577892127643048,-0.6465066840671264,-0.27497665164904905,-0.7009390587927087,-0.3859379371615203
22.86,-2.2566331735234777,4.572393333145632,-0.6463094380051017,-0.2753548523460385,-0.7013031748111911,-0.3853072697176592
22.88,-2.26955683709774,4.566866316597204,-0.6456998780118708,-0.2769149182569683,-0.7012649031720818,-0.3853735581410853
22.900000000000002,-2.282471063403911,4.561328488572787,-0.6456769552428626,-0.27715301877873794,-0.7008984558560178,-0.38600826351080536
22.92,-2.2953705184277897,4.555779957953914,-0.644183242257606,-0.2780070130376123,-0.7002809694066711,-0.3870777814140593
22.94,-2.308240316183963,4.550200883897311,-0.6425689564641243,-0.28011072651045615,-0.69948867861591,-0.38845006931802634
22.96,-2.3210764712983023,4.544580790027431,-0.6408918247641532,-0.2817084796645075,-0.6985934731055042,-0.39000061074526476
22.98,-2.3338829106780974,4.538947252750815,-0.6399551926473906,-0.28221655892323355,-0.6976599836142784,-0.39161746197239966
23.0,-2.346657147942653,4.533290989639212,-0.6374705081354882,-0.2835257314288163,-0.6967433114077708,-0.39320518480795696
23.02,-2.359395086795613,4.527595513245843,-0.6359272438035717,-0.28586768804500506,-0.6958874761558784,-0.3946875349471431
23.04,-2.3721023978613442,4.521873668814783,-0.634912541453176,-0.2865521057333689,-0.6951246168799066,-0.3960088459721517
23.06,-2.3847908693938473,4.516148342582792,-0.6339824429553939,-0.28640058612148883,-0.6944749392652385,-0.39713412060929676
23.080000000000002,-2.397455815605092,4.510411269978223,-0.6324831799709257,-0.28727912125795185,-0.6939473628795935,-0.39804790971410764
23.1,-2.410096528935922,4.504646233178047,-0.6314414138289065,-0.28923560282664307,-0.69354078563387,-0.398752122160902
23.12,-2.4227182636909044,4.49886837382513,-0.6311439601409069,-0.28868686361712015,-0.6932458519726777,-0.39926296224694935
23.14,-2.4353408110899037,4.493100110803677,-0.6306635478856591,-0.2883859661824166,-0.6930470872921005,-0.3996072327724592
23.16,-2.4479507402791927,4.487328566725712,-0.6303689476531302,-0.28884964536944624,-0.6929252450946946,-0.3998182696488723
23.18,-2.460551411156919,4.481542176389158,-0.6297677366528209,-0.2900701941041775,-0.6928597061276743,-0.3999317864696268
23.2,-2.4731452382066004,4.475750777130305,-0.6298706957677108,-0.2888765894391556,-0.6928307704775023,-0.39998190448587484
23.22,-2.485747483634777,4.469975238694311,-0.6295449679999352,-0.2888827292166664,-0.6928216941159956,-0.3999976252051524
23.240000000000002,-2.4983372546802753,4.464195486483974,-0.6296849069052983,-0.2896454728216173,-0.6928203400608265,-0.3999999704975014
23.26,-2.510923823336109,4.458400546026466,-0.629070334655215,-0.2900598605486401,-0.6928168182181638,-0.3999979764973566
23.28,-2.523508452467111,4.452603887945139,-0.6293361946895558,-0.28916756510721214,-0.6927279623634217,-0.3999466755457022
23.3,-2.536100334949619,4.446824630438271,-0.6291718276987889,-0.2892550659767606,-0.6924030966524112,-0.39975911423999977
23.32,-2.54867757694939,4.441039959513647,-0.6288060330215278,-0.2901886098037873,-0.6917035334204943,-0.3993552212197374
23.34,-2.5612457838002705,4.43522764789588,-0.6280053126077584,-0.29067982625576205,-0.6905056230306279,-0.398663607333683
23.36,-2.5738088459018345,4.429414198113473,-0.6280535060515579,-0.29034214648761536,-0.6887002308115346,-0.3976212636499966
23.38,-2.5863657119756227,4.423607978903298,-0.6273388712670235,-0.2910218066332693,-0.686192213995873,-0.3961732594663423
23.400000000000002,-2.5988974976309467,4.417783689410832,-0.6258406946102175,-0.2922126078687395,-0.6828998986584077,-0.39427244031999953
23.42,-2.611399076130955,4.411913868442401,-0.6240786776577955,-0.2941296745862834,-0.6787545566541827,-0.3918791259979772
23.44,-2.6238727859480275,4.406027071830194,-0.6232572659929247,-0.2947312584742205,-0.673699882556688,-0.3889608085471228
23.46,-2.63631460212687,4.40012555532746,-0.6208043766550997,-0.29619475467744305,-0.667691470596033,-0.38549185028423644
23.48,-2.64870050543102,4.394177303021547,-0.6175212871625155,-0.2988835689988292,-0.6606962915971161,-0.38145318180618215
23.5,-2.661012956750576,4.388153033796158,-0.6135325259458982,-0.30317369255403576,-0.6526921699177954,-0.37683199999999983
23.52,-2.6732443798364356,4.382066709637891,-0.609893550887957,-0.30583198075905976,-0.6436672603870596,-0.3716214660530175
23.54,-2.6853935309986348,4.375921929836325,-0.604468791165872,-0.3091165378505257,-0.6336195252431986,-0.3658204034629633
23.56,-2.6974176369290617,4.369680934882273,-0.5973906956281778,-0.3149297165122155,-0.6225562110719735,-0.35943299604807705
23.580000000000002,-2.7092922218401116,4.363313525701891,-0.5903421896933146,-0.32221969956692353,-0.6104933257447857,-0.3524684859572216
23.6,-2.7210347048954366,4.356830531831374,-0.5843238059688309,-0.32600703383094837,-0.5974551153568557,-0.3449408716799993
23.62,-2.732672070966872,4.350272570465059,-0.57921787075192,-0.32889981266967755,-0.5834735411653816,-0.33686860605685703
23.64,-2.744172771780831,4.343709081474196,-0.5680568925521219,-0.32553866478286264,-0.5685877565277174,-0.3282742942892028
23.66,-2.755370533696438,4.337283326458559,-0.5532164141989997,-0.31808448698729225,-0.5528435838395417,-0.3191843919495166
23.68,-2.766272187732532,4.33101781820905,-0.5357928788796289,-0.30821996156080284,-0.5362929914730284,-0.3096289029914624
23.7,-2.7768240196043306,4.324931298514319,-0.5193162493429792,-0.29904050505690427,-0.5189935707150175,-0.2996410777600002
23.72,-2.7870401659733717,4.319066470842324,-0.5022650658367313,-0.2885809525381026,-0.5010080127051855,-0.28925711100149804
23.740000000000002,-2.7968758987328197,4.31341022041232,-0.48253478596920035,-0.2765561100248411,-0.4824035853742124,-0.27851583987384193
23.76,-2.8063626685690344,4.307978768737001,-0.46322086131999785,-0.26632735810817243,-0.4632516103819665,-0.26745844195655577
23.78,-2.8154208329762094,4.302763752709427,-0.4452885828826036,-0.2552579907906631,-0.44362694005565395,-0.25612813326090156
23.8,-2.8241095914703833,4.297775859416004,-0.4218908452307939,-0.24352005863751902,-0.4236074343280036,-0.2445698662399994
23.82,-2.832385100298356,4.293008998970419,-0.4052825645022211,-0.2327976861496431,-0.4032734376754339,-0.23283002779893733
23.84,-2.8402358729475976,4.288480375130719,-0.38167788410158615,-0.2203503787744386,-0.382707256056223,-0.22095613730488325
23.86,-2.847710576168955,4.284186675051295,-0.36253139715451704,-0.20840602074937242,-0.36199263384868025,-0.20899654459719702
23.88,-2.854724884115366,4.280139274249596,-0.3422552158301924,-0.19642748240728572,-0.3412142307893166,-0.19700012799754288
23.900000000000002,-2.8613672558804337,4.276333691908391,-0.3196379536898261,-0.1839193268355854,-0.32045709891101093,-0.18501599231999855
23.92,-2.8675620131539117,4.272767091592557,-0.301307726154529,-0.1726546514059324,-0.29980615948119643,-0.1730931668811765
23.94,-2.8733604723602673,4.269431692768561,-0.27849643210650543,-0.1611387415055885,-0.2793456799400079,-0.1612803035103225
23.96,-2.878752580871198,4.266328032002021,-0.26010858817919214,-0.14899368054363582,-0.2591587508384675,-0.14962537455943625
23.98,-2.883735331298197,4.2634583922366565,-0.23906765991412315,-0.13786380985044153,-0.23932676277665274,-0.13817537091338206
24.0,-2.8883348717137753,4.260817186422464,-0.22050630070932783,-0.1272442384205069,-0.21992888334186578,-0.1269759999999999
24.02,-2.8925418503982128,4.258380921711982,-0.2007623073229768,-0.11542483241610636,-0.20104153404680442,-0.11607138380021775
24.04,-2.8963893325437597,4.256168425051943,-0.18302653870112623,-0.10618909285598654,-0.18273786726773264,-0.10550375685816346
24.060000000000002,-2.899858058149849,4.2541644845991105,-0.16566277941449473,-0.09481540049687887,-0.16508724318264886,-0.09531316429127545
24.080000000000002,-2.903000758121812,4.252350335457421,-0.147081659878947,-0.08560757418479746,-0.14815470670946818,-0.08553715980042145
24.1,-2.90580228927516,4.2507385426545925,-0.13365645297476883,-0.07680568921038083,-0.13200046444417377,-0.07621050367999929
24.12,-2.90828167357349,4.2492979093148575,-0.1156883559741546,-0.06663264338600938,-0.11667936159900118,-0.06736486082805695
24.14,-2.91048606720512,4.248032967887569,-0.10241452334018697,-0.05974869759315035,-0.10224035894060603,-0.05902849875640281
24.16,-2.912380851714381,4.246938614216271,-0.08975728653208175,-0.05084928999501541,-0.08872600972823287,-0.05122598560071656
24.18,-2.9140388835635935,4.245978250716387,-0.07487379556836866,-0.04386645031253624,-0.07617193665188798,-0.04397788813066261
24.2,-2.915445925472714,4.245173698229722,-0.06580841983097405,-0.03795809497440029,-0.0646063087705068,-0.03730046976000015
24.22,-2.9166258839241315,4.244484158957198,-0.053436502033681006,-0.030410011480046132,-0.054049318450128676,-0.031205388556697574
24.240000000000002,-2.9176188821950926,4.2439155895120795,-0.0447844490090964,-0.02641886301495371,-0.04451265830206416,-0.025699395253042556
24.26,-2.918414493518414,4.243456537007898,-0.036004947035558205,-0.020384021578952416,-0.03599899812106918,-0.02078403125575611
24.28,-2.919068934419404,4.2430759319359295,-0.028367910741029363,-0.016498799871769575,-0.028501461823511477,-0.01645532665610218
24.3,-2.919563027267706,4.242791947567486,-0.022884867816470793,-0.01331866592288605,-0.022003104385541452,-0.012703498239999783
24.32,-2.919949733561778,4.24256294521352,-0.013785906192384439,-0.009672330894097423,-0.016476388781266303,-0.009512647498137024
24.34,-2.9201968137962164,4.2423602781533996,-0.013233880830666973,-0.008470494121137982,-0.011882662920920248,-0.006860458636082886
24.36,-2.9204185207472033,4.2422825573559795,-0.008208845385559282,-0.002386869713643886,-0.008171636589031096,-0.004717896584396895
24.38,-2.9205616661690152,4.242187686303178,-0.006404502017099059,-0.003970908939866486,-0.005280858382593258,-0.003048905008742507
24.400000000000002,-2.9206575389787273,4.242160389469393,-0.002872902386505515,-0.0016063964387653393,-0.003135192649238943,-0.0018101043199994383
24.42,-2.92069365772518,4.2420919055919954,-0.0020014960194689917,-0.002858741706462356,-0.0016462964254114715,-0.000950489684377231
24.44,-2.9207366824234278,4.242094761812229,-0.0006515134793561154,0.0016287235342034286,-0.0007120963745299955,-0.00041112903352384916
24.46,-2.9207328100316103,4.242069030282285,-0.0005178282518052398,-0.003457361158708874,-0.00021626572515944415,-0.0001248610746372946
24.48,-2.920765276106921,4.242050840280772,-0.001444094463972136,0.002533279887483248,-2.770120918969887e-5,-1.5993300582550763e-5
24.5,-2.920751326424337,4.242081209064009,0.0017051248984994568,-0.0016875011011154221,2.6335268523099955e-64,1.5204674370992827e-64
24.52,-2.920758158480512,4.24203758716852,-0.002296677976636347,-0.0001296004563417681,2.6335268523099955e-64,1.5204674370992827e-64
24.54,-2.9207638037618433,4.242058637118978,0.0023509009169779918,-2.4259104669873767e-5,2.6335268523099955e-64,1.5204674370992827e-64
24.560000000000002,-2.9207398067256714,4.2420361281068155,-0.001679994514648112,-0.0003428881404764401,2.6335268523099955e-64,1.5204674370992827e-64
24.580000000000002,-2.920786730694707,4.242042642114022,-0.0002725196984442474,-0.0005077990706801046,2.6335268523099955e-64,1.5204674370992827e-64
24.6,-2.920742336207441,4.242016160531655,0.002434798569165189,-0.001167712138872867,2.6335268523099955e-64,1.5204674370992827e-64
24.62,-2.92075172177894,4.242025225791604,-0.0027357863896400325,0.0017033885473122547,2.6335268523099955e-64,1.5204674370992827e-64
24.64,-2.9207968695985924,4.242052278102274,-0.0006279151713056489,0.000323165680448718,2.6335268523099955e-64,1.5204674370992827e-64
24.66,-2.9207673782846326,4.2420410995513285,0.0025936703591909927,-0.0008167827700442175,2.6335268523099955e-64,1.5204674370992827e-64
24.68,-2.9207482989212585,4.242039606776981,-0.001346858792743905,0.0002719183916749914,2.6335268523099955e-64,1.5204674370992827e-64
24.7,-2.920778733016373,4.2420248523344615,-0.0001870039556405544,-0.001934532307243538,2.6335268523099955e-64,1.5204674370992827e-64
24.72,-2.920745855823592,4.242001946336257,0.0022291290213862103,1.9642724213659216e-5,2.6335268523099955e-64,1.5204674370992827e-64
24.740000000000002,-2.920734717948382,4.242012299158091,-0.0007967495326121211,0.0006745159740970943,2.6335268523099955e-64,1.5204674370992827e-64
24.76,-2.920737122632776,4.242023615945959,0.0007307082973680467,0.0008989547614221613,2.6335268523099955e-64,1.5204674370992827e-64
24.78,-2.9207361049870877,4.242051507855391,-0.0011969312467601813,0.0006219771385070186,2.6335268523099955e-64,1.5204674370992827e-64
24.8,-2.920773289030411,4.242031651595278,-0.00161976073540512,-0.0017608194669047692,2.6335268523099955e-64,1.5204674370992827e-64
24.82,-2.92078372353489,4.242007558455979,0.00010539925616711146,-0.0006792596253192965,2.6335268523099955e-64,1.5204674370992827e-64
24.84,-2.9207791674319505,4.242004019580994,-8.035956332888774e-5,-0.00010363311805779875,2.6335268523099955e-64,1.5204674370992827e-64
24.86,-2.920794549161731,4.241994003398836,-0.0011013994423671742,-0.0005419977348817117,2.6335268523099955e-64,1.5204674370992827e-64
24.88,-2.920801449534049,4.242004112691548,0.000942808793699779,0.0013870410813953122,2.6335268523099955e-64,1.5204674370992827e-64
24.900000000000002,-2.9207672629342065,4.242014539283459,0.001287116751638903,-0.0009497281588371478,2.6335268523099955e-64,1.5204674370992827e-64
24.92,-2.9207791663960916,4.241992332659266,-0.0019430697812356978,0.00014059876501336553,2.6335268523099955e-64,1.5204674370992827e-64
24.94,-2.9207975840611,4.242028009519401,0.0005892345259405793,0.0023127977101719236,2.6335268523099955e-64,1.5204674370992827e-64
24.96,-2.920773630388819,4.242040530492927,0.000690138123681133,-0.0013123872478106513,2.6335268523099955e-64,1.5204674370992827e-64
24.98,-2.9207984871124375,4.242025180005274,-0.0022319373525812687,0.0006619958430658002,2.6335268523099955e-64,1.5204674370992827e-64
25.0,-2.920819880329769,4.242056614998199,0.0003357482346524768,0.0017742325455983067,2.6335268523099955e-64,1.5204674370992827e-64
25.02,-2.920811289363252,4.24207929146632,-0.00019301122038547768,0.00034739154101104023,-8.278741569548189e-6,-3.089668416028637e-5
25.04,-2.920828348460964,4.242075929026931,-0.0009647434255358018,-2.9676133746253898e-5,-6.463284821593823e-5,-0.00024121307337976908
25.060000000000002,-2.9208404340268905,4.2420859655496415,-0.000620308225532735,0.00010204348912514296,-0.00021281604774081727,-0.0007942403028347343
25.080000000000002,-2.9208629204077496,4.242058513531742,-0.0010830205224586387,-0.002057802645573089,-0.0004920096649808461,-0.0018362050675234602
25.1,-2.920873587736596,4.2420305087192505,-0.0009457461982780923,-0.0018710444556684755,-0.0009369789432767333,-0.0034968530219309677
25.12,-2.920923843759287,4.241948435216713,-0.002681007099067954,-0.004447730339264638,-0.001578229365942038,-0.005890032179692903
25.14,-2.920937441932126,4.241845953914034,-0.0010983802719513548,-0.008736196080526643,-0.002442162977732075,-0.009114276313259808
25.16,-2.9210085934104586,4.241617365797498,-0.0029825804154149644,-0.011613381612622877,-0.003551234706312799,-0.013253388353561314
25.18,-2.921075834237571,4.2413139552398,-0.0058881233416916545,-0.019550621245725788,-0.004924108683729689,-0.018377023789670318
25.2,-2.921197508742988,4.240894872408169,-0.005425539047580242,-0.023536965409069213,-0.006575814567876638,-0.02454127406846721
25.22,-2.9213438544968118,4.240330769169301,-0.009531549213037458,-0.0315194544029866,-0.008517903863964837,-0.03178924999430405
25.240000000000002,-2.9215355241842684,4.239624610185241,-0.009580077538960613,-0.04029042500401765,-0.010758606245992076,-0.040151665128670314
25.26,-2.9217795937709448,4.2387338018191985,-0.014624913000804327,-0.04896453656516517,-0.013302985878209996,-0.04964741918985101
25.28,-2.922059728265748,4.237643010430655,-0.014936330224616016,-0.059811399835667474,-0.016153097736595366,-0.060284181452599776
25.3,-2.9224327813033,4.236331417381262,-0.01942148645243545,-0.07183388030161345,-0.019308143930317413,-0.07205897414779726
25.32,-2.9228267535376964,4.2347750483227244,-0.023657146624027136,-0.0838696541947568,-0.02276463002320709,-0.08495875586211678
25.34,-2.923336172643017,4.232946544832091,-0.024313120900683622,-0.09870104020946148,-0.026516521355225968,-0.09896100493768852
25.36,-2.9238929958890414,4.230838852474047,-0.03262485437431991,-0.11323353115040347,-0.03055539936393508,-0.11403430287176354
25.38,-2.924543610100541,4.228400272007145,-0.032843962112718915,-0.12936604717889066,-0.03487061790596392,-0.13013891771637848
25.400000000000002,-2.9252883515653263,4.225661344319678,-0.04024212471088759,-0.14643191021742355,-0.03944945957847997,-0.14722738747802203
25.42,-2.9261186059491098,4.222540279944768,-0.04438796034628036,-0.16414413917918208,-0.0442772920406545,-0.16524510351728774
25.44,-2.9270643286645086,4.219078315400021,-0.04921779514554319,-0.1833975922990614,-0.04933772433513619,-0.18413089394855575
25.46,-2.928100540258303,4.2152192422996375,-0.05486464319414869,-0.20198914800554724,-0.05461276320951683,-0.20381760703964527
25.48,-2.929243678524337,4.210984562882781,-0.05937706930106497,-0.22217692917570672,-0.06008296943780111,-0.22423269461148193
25.5,-2.9304907549255366,4.206338875293643,-0.06506187762689035,-0.2423320265619336,-0.06572761414187533,-0.24529879543776154
25.52,-2.931834085230829,4.20127167472412,-0.07013785698310775,-0.2646362273276025,-0.07152483511297633,-0.26693431864461425
25.54,-2.933314031469366,4.195754612322845,-0.07686839090431127,-0.28721112930382714,-0.07745179313316058,-0.2890540271102698
25.560000000000002,-2.934888200733203,4.189804698116086,-0.0811847803022842,-0.30739427833195426,-0.08348482829677381,-0.31156962086472395
25.580000000000002,-2.936593720511093,4.1834538288846375,-0.0893926008687783,-0.32859191604769133,-0.08959961633191584,-0.3343903204893882
25.6,-2.9384269005657324,4.17667057205677,-0.09294632548782512,-0.34928762018450465,-0.09577132492191585,-0.3574234505167776
25.62,-2.940320194218561,4.169485026684856,-0.09654134350292584,-0.3709002369477875,-0.10197477002679682,-0.3805750228301578
25.64,-2.9423232837598072,4.161792228352674,-0.10361976378001837,-0.39773037629968677,-0.10818457220474582,-0.40375032006321543
25.66,-2.944445502511709,4.153663359016631,-0.1088737020153914,-0.4135901183950562,-0.11437531293358266,-0.4268544789997205
25.68,-2.9467067432081318,4.1452154271463755,-0.11593264548857309,-0.4321897218177381,-0.12052169093222864,-0.4497930739731908
25.7,-2.9490615498748927,4.136381164886497,-0.1175373165569943,-0.4524827421401565,-0.12659867848217582,-0.47247270026655713
25.72,-2.951433345612176,4.127103344784455,-0.11866549932131043,-0.47513275895835955,-0.13258167774895546,-0.4948015575118262
25.740000000000002,-2.953866322246231,4.117453080708,-0.12347339232584056,-0.4891420939759094,-0.1384466771036085,-0.5166900330897499
25.76,-2.956412632246897,4.107531935586431,-0.12792975112746796,-0.5047605167634573,-0.14417040744414977,-0.5380512855294735
25.78,-2.9589981326990786,4.097298287597497,-0.12770502735768877,-0.5192081759934322,-0.14973049851704315,-0.5588018279082219
25.8,-2.961605646865483,4.086767479048315,-0.12953259855312269,-0.5327002347304893,-0.15510563523866688,-0.5788621112509508
25.82,-2.9642546492005906,4.076037390931593,-0.13222576185501214,-0.5428011769424212,-0.16027571401678273,-0.5981571079300128
25.84,-2.966944944783143,4.065096970459844,-0.13071452204890466,-0.5520044111661607,-0.16522199907200533,-0.6166168950648221
25.86,-2.9696211587795087,4.053938909616417,-0.13324928491765295,-0.563228845332915,-0.1699272787592707,-0.6341772379215183
25.88,-2.9723552386294423,4.0426943957139185,-0.1344713407010617,-0.5653297763304813,-0.17437602188930595,-0.6507801733126328
25.900000000000002,-2.975099070570074,4.031267453546801,-0.13243775910669664,-0.5761321538480141,-0.17855453405009786,-0.6663745929967526
25.92,-2.9778337843133227,4.019742200879557,-0.13686415917644545,-0.5782679105098864,-0.18245111392835925,-0.6809168270781747
25.94,-2.9806356076343925,4.008163273202307,-0.1351208793567033,-0.5821205283253833,-0.18605620963100278,-0.6943712274065886
25.96,-2.98340547617286,3.996437202601442,-0.1361807014727453,-0.588896444214697,-0.18936257500660594,-0.7067107509767262
25.98,-2.9862146172875663,3.984716658725248,-0.1384610300696904,-0.588036156771613,-0.19236542596688164,-0.717917543328032
26.0,-2.9890480328951847,3.9729025306164205,-0.1369121695504448,-0.5924742935439604,-0.19506259680814625,-0.7279835219443249
26.02,-2.991865597218107,3.961050852149338,-0.13974147545955184,-0.5945750927725607,-0.19745469653278844,-0.7369109596534611
26.04,-2.9947344747787272,3.9491917331171846,-0.14015347090398472,-0.5942598447630314,-0.19954526517073995,-0.7447130680270062
26.060000000000002,-2.9976151633257646,3.937287931340488,-0.1408127350612507,-0.5966124763940098,-0.20134093010094178,-0.7514145807798891
26.080000000000002,-3.000509336565829,3.925381120948621,-0.14294006671199672,-0.5963725755538472,-0.20285156237281401,-0.7570523371700695
26.1,-3.0034534157148403,3.913470395787043,-0.1446912177767731,-0.5952108061716879,-0.20409043302772625,-0.7616758653982081
26.12,-3.0064096528860755,3.901564373771968,-0.145358380851937,-0.5972987566382377,-0.20507436942046367,-0.7653479660073201
26.14,-3.009408454723422,3.8896486925385285,-0.1483678398081485,-0.5951393051746897,-0.20582391154069943,-0.7681452952824529
26.16,-3.012463881832739,3.877777696316826,-0.15080252108810482,-0.5945455349633061,-0.2063634683344603,-0.7701589486503374
26.18,-3.015526719895571,3.865890280447746,-0.1507280915841873,-0.5951216080139818,-0.20672147402559654,-0.7714950440790567
26.2,-3.0186537638505566,3.854018805403548,-0.15573138078555226,-0.5919272147480001,-0.20693054443725256,-0.7722753054777163
26.22,-3.021830531704024,3.842215372758559,-0.15628113699532564,-0.5931177101953926,-0.20702763331333274,-0.7726376460960972
26.240000000000002,-3.0250186044950214,3.830353924347875,-0.15722802628105395,-0.5919621686566525,-0.20705418863997269,-0.7727367519243292
26.26,-3.0282774163373145,3.8185596557816144,-0.1631091315912618,-0.5892653801048734,-0.20705520317625528,-0.7727406698483269
26.28,-3.031563066457782,3.806797069801769,-0.16042906482785887,-0.5912610097683633,-0.20705258734253934,-0.7727413707588586
26.3,-3.0348591351921614,3.7949602725322666,-0.16353119266646612,-0.589504833239408,-0.2070350531585631,-0.772746069029295
26.32,-3.038220319046662,3.783233308406727,-0.16790114723746288,-0.5880384040934028,-0.20697915377495982,-0.7727610472239889
26.34,-3.041582822721281,3.7714676837543135,-0.16298863127948887,-0.5905373886027439,-0.2068525422132136,-0.7727949726897112
26.36,-3.0449479796712042,3.759652130412066,-0.16835304095158918,-0.5885269302114163,-0.20661716116280104,-0.7728580428520828
26.38,-3.0483687462679523,3.747953488804772,-0.16945886535006807,-0.5877828183249809,-0.20623317728615387,-0.772960931021737
26.400000000000002,-3.051763691294236,3.736152906949018,-0.16458736124317666,-0.591040215795402,-0.20566340920537854,-0.7731135999188538
26.42,-3.0551583383625904,3.724358208007006,-0.17059755392658305,-0.5884791484034726,-0.20487796228132701,-0.7733240597878509
26.44,-3.0585920869637833,3.7126363471206236,-0.16797836275611652,-0.5890598966359832,-0.20385876296885747,-0.7735971534205535
26.46,-3.0619707124953077,3.7007861156874498,-0.16512714904799725,-0.5925387659432733,-0.20260368219531813,-0.7739334513002591
26.48,-3.0653549825271047,3.688997981778575,-0.1693366727362628,-0.589745001228932,-0.20112995124234723,-0.7743283363189685
26.5,-3.068746001370485,3.6772039544515556,-0.16415071768693607,-0.5925315951865036,-0.19947660449664426,-0.7747713492442883
26.52,-3.072068870753771,3.665310984307911,-0.1641839924016356,-0.5940133598508403,-0.1977057297796303,-0.7752458536946087
26.54,-3.075405912690968,3.6534957372579866,-0.1649345839099309,-0.5925089587224812,-0.1959023665633412,-0.7757290634120735
26.560000000000002,-3.078706112996161,3.641604164630555,-0.15977988305293297,-0.5964384036805187,-0.19417296231866643,-0.776192455882821
26.580000000000002,-3.0819549562243247,3.6296885737343936,-0.16129471054424885,-0.5953327095494542,-0.19264237404521237,-0.7766025757746375
26.6,-3.0852133751155897,3.617805829252046,-0.1591408072282671,-0.596578843365384,-0.19144948182759722,-0.7769222102810049
26.62,-3.0884160225397084,3.605846762438341,-0.1567598445873276,-0.5985165755293224,-0.19074155997447642,-0.777111897369853
26.64,-3.091604747976086,3.593918115959978,-0.15769496337968317,-0.5964580928617486,-0.19066762484521635,-0.7771317082280305
26.66,-3.0947909057182463,3.581973041707127,-0.15588284018330867,-0.5985605640688927,-0.1913710429772516,-0.7769432279076103
26.68,-3.09794551810308,3.5700179315979654,-0.1562146994801623,-0.5982413560534173,-0.19298173511321484,-0.7765116442505238
26.7,-3.1011350302444156,3.5580953918217575,-0.15706996259709727,-0.5959886788386416,-0.19560834828243534,-0.7758078453730022
26.72,-3.104337735621146,3.5461756083964335,-0.15862832913380806,-0.5960311385598508,-0.1993307870309755,-0.7748104209164565
26.740000000000002,-3.107565295040513,3.5343073112066303,-0.16139197127108187,-0.5927220326485129,-0.20419349487148902,-0.7735074622775624
26.76,-3.110882965737817,3.522478564019044,-0.16467323581495638,-0.5901517009864082,-0.21019985760677531,-0.771898062233194
26.78,-3.1142672481753393,3.510726421764833,-0.16990841400595336,-0.5876873049168408,-0.2173080618829454,-0.7699934246377589
26.8,-3.117760621267471,3.4990599536352334,-0.17500058878296956,-0.5810626823459097,-0.22542868659519955,-0.7678175098040741
26.82,-3.1213810007622516,3.487454780977543,-0.182791271096589,-0.5776722651650554,-0.23442423391911507,-0.765407160163155
26.84,-3.125132842950417,3.4759920478024653,-0.18964456008536074,-0.5726152898034744,-0.24411072386014962,-0.7628116730059626
26.86,-3.129055757838671,3.4646184131610553,-0.19681067110143452,-0.5655536665569825,-0.25426138501999807,-0.7600918115455393
26.88,-3.1331259100210453,3.4533308724210983,-0.20750803207169177,-0.5624672770939219,-0.26461237894354755,-0.7573182710828648
26.900000000000002,-3.137372503171627,3.4421955903090518,-0.21420222313284007,-0.5551954238141497,-0.27487040036899796,-0.7545696425259741
26.92,-3.1418001403126974,3.431146616812898,-0.22293056295612523,-0.5489722612414824,-0.28472190544268183,-0.7519299396972494
26.94,-3.146371078093264,3.4201861829707583,-0.23153828803484278,-0.549390350550249,-0.29384363880399134,-0.7494857786095145
26.96,-3.1511125120679764,3.409322145762217,-0.23885083174111382,-0.5403007395162964,-0.30191406234980955,-0.7473233151378355
26.98,-3.156012247211848,3.3985342001931884,-0.2459915714371064,-0.5373080702231291,-0.30862523684676824,-0.745525061351111
27.0,-3.1610154234015524,3.3878390678302823,-0.2524019892245646,-0.5365280435376861,-0.31369467504093496,-0.7441667094809046
27.02,-3.166126398567716,3.377136592084556,-0.25411946039984296,-0.5350673054103386,-0.3168766733263206,-0.7433140956100183
27.04,-3.1713176151848264,3.366448727821684,-0.2612474242919064,-0.5334366215799144,-0.3179726392313204,-0.7430204324308415
27.060000000000002,-3.1765734577457057,3.3558253272988963,-0.26230509739107805,-0.5328101246497954,-0.3168399638205259,-0.7433239318924505
27.080000000000002,-3.1818463122916274,3.3451691346396006,-0.26026081603647927,-0.5336283041641937,-0.31339904044077227,-0.7442459245332728
27.1,-3.1870918554729197,3.3344582545465307,-0.260606207635367,-0.5393079911909592,-0.307638101961088,-0.7457895633465496
27.12,-3.1922870094324516,3.3236705319465893,-0.25719592574631045,-0.5414045665150402,-0.29961563479773196,-0.747939176944276
27.14,-3.1974552960532936,3.3128373268629554,-0.2550611847106841,-0.5418863084887175,-0.289460225876452,-0.7506603105635409
27.16,-3.2025240356180484,3.3019588635247596,-0.24892463328742234,-0.548971547187926,-0.2773678039980689,-0.75390046524039
27.18,-3.207442844711427,3.290937130981239,-0.24041546268585787,-0.5544763900138473,-0.2635963452035097,-0.7575905165029906
27.2,-3.2122317599463455,3.279815299754203,-0.23466863972156465,-0.5580871549623991,-0.24845821788576145,-0.7616467654927008
27.22,-3.2168612417717504,3.268612484819883,-0.22535230347517052,-0.5651224219199011,-0.2323104428372697,-0.7659735487765036
27.240000000000002,-3.2213073850839944,3.257269623474598,-0.2161891278749173,-0.5689802667096152,-0.2155432317022149,-0.7704663094594637
27.26,-3.225574269125369,3.245841694652436,-0.20685675724006047,-0.575881139477237,-0.1985672404618152,-0.7750150126030466
27.28,-3.2296429006875567,3.2343089050210034,-0.19678828208272714,-0.5782984237524039,-0.18180002932676337,-0.7795077732860058
27.3,-3.2335085300476063,3.222698442957036,-0.1851154390452472,-0.5825228808807634,-0.16565225427827163,-0.7838345565698086
27.32,-3.237131755317783,3.2110664504238438,-0.1743434136732973,-0.584002224723568,-0.15051412696052335,-0.7878908055595187
27.34,-3.240539878912619,3.1993596608626804,-0.16214550149353563,-0.5852852306240811,-0.13674266816596417,-0.7915808568221194
27.36,-3.2437277068532047,3.187629271616103,-0.15364989677269292,-0.5908318912818973,-0.12465024628758108,-0.7948210114989686
27.38,-3.2467151328696953,3.175829143703139,-0.14229949367627953,-0.5898123391064014,-0.11449483736630112,-0.7975421451182334
27.400000000000002,-3.2495298773986336,3.1639525180731645,-0.13526416690363968,-0.5969345648971017,-0.10647237020294381,-0.7996917587159602
27.42,-3.25215881312804,3.1520342200640856,-0.12666630927714784,-0.5987643664633994,-0.10071143172325993,-0.8012353975292368
27.44,-3.254659424388829,3.1399957760851596,-0.11916583217633861,-0.6021240809162349,-0.09727050834350666,-0.802157390170059
27.46,-3.2570072464934854,3.1279068337413625,-0.11449534110091796,-0.6092366570024915,-0.09613783293271255,-0.802460889631668
27.48,-3.259245226022284,3.1157128401356045,-0.10720581381563168,-0.6106401454410076,-0.09723379883771241,-0.8021672264524912
27.5,-3.2613827265125717,3.103422456286451,-0.10318112378373098,-0.6170423843523428,-0.10041579712309809,-0.8013146125816049
27.52,-3.263406540062924,3.0910690932470857,-0.09788805238121678,-0.6207395172590666,-0.10548523531726477,-0.7999562607113985
27.54,-3.2653510540829203,3.0786215155698406,-0.09250122502063489,-0.6228093958714781,-0.11219640981422348,-0.798158006924674
27.560000000000002,-3.2672049088040893,3.0661247576991206,-0.08971540638311454,-0.6276213586611997,-0.12026683336004317,-0.7959955434529945
27.580000000000002,-3.2690321623400016,3.0536131556828487,-0.09033544763875215,-0.6240521829880137,-0.12938856672135282,-0.7935513823652596
27.6,-3.270928632863246,3.041156027588103,-0.09382044481944447,-0.6221113953745033,-0.13924007179503683,-0.7909116795365349
27.62,-3.27291035568794,3.0287669438425695,-0.10038323478279301,-0.6176376452431884,-0.14949809322048543,-0.7881630509796447
27.64,-3.275047826580772,3.016503831737185,-0.10737870947372082,-0.6102725081413161,-0.15984908714403495,-0.7853895105169701
27.66,-3.277294406849516,3.0043120940526933,-0.11364512513370424,-0.6089776746557525,-0.1699997483038834,-0.7826696490565468
27.68,-3.279714157881137,2.992232382526386,-0.12343530479178413,-0.5993003437300185,-0.179686238244918,-0.7800741618993544
27.7,-3.282294529863046,2.9802794200343006,-0.12946264549535896,-0.5984067070691147,-0.1886817855688334,-0.7776638122584353
27.72,-3.284994476922039,2.9683643231503436,-0.1364809556161753,-0.5934720501237692,-0.19680241028108753,-0.7754878974247507
27.740000000000002,-3.28787926846269,2.956573294178283,-0.14549817124853967,-0.5869835496524265,-0.20391061455725887,-0.7735832598293151
27.76,-3.290859166329453,2.9448378115883296,-0.14926406250733376,-0.5891456575814396,-0.20991697729254494,-0.7719738597849468
27.78,-3.293959092903121,2.933105631496076,-0.1557800836609797,-0.5827990745576795,-0.21477968513305754,-0.770670901146053
27.8,-3.297202749241203,2.9214908517058995,-0.16274877572249727,-0.5816897732850249,-0.21850212388159768,-0.7696734766895073
27.82,-3.3004850475369305,2.90986306600561,-0.16265334162021003,-0.5838275523569798,-0.22112873705081817,-0.7689696778119857
27.84,-3.303860052267214,2.8982120981654123,-0.1690017917356148,-0.5786890350742427,-0.2227394291867814,-0.7685380941548992
27.86,-3.3073258637227365,2.8866713334809164,-0.17310726097883758,-0.5803346017979422,-0.22344284731881667,-0.768349613834479
27.88,-3.310789469600813,2.8750502518544967,-0.16962656765489484,-0.5827560888930391,-0.2233689121895566,-0.7683694246926565
27.900000000000002,-3.3143015513998932,2.863406973091541,-0.17615953949320398,-0.5794874297934952,-0.22266099033643563,-0.7685591117815046
27.92,-3.317867478671748,2.851858624777184,-0.1766742976125723,-0.5813095233240769,-0.22146809811882043,-0.7688787462878719
27.94,-3.321400163247071,2.8401831184423245,-0.17211779292943333,-0.5846851002947373,-0.2199375098453663,-0.7692888661796885
27.96,-3.324943736966118,2.8285138615319085,-0.17798745651118558,-0.5824406232962692,-0.21820810560069184,-0.769752258650436
27.98,-3.3285186781443876,2.8169006288800866,-0.17518817992908262,-0.5841234462644453,-0.21640474238440274,-0.7702354683679007
28.0,-3.3320343629923146,2.805148351124343,-0.1720058273535372,-0.5878842456307961,-0.21463386766738876,-0.7707099728182212
28.02,-3.335552219497022,2.793445936497687,-0.1761145944536422,-0.5853532759828666,-0.2129805209216858,-0.771152985743541
28.04,-3.3390791972250184,2.781741564010338,-0.17138787738324646,-0.5881775117649952,-0.2115067899687149,-0.7715478707622503
28.060000000000002,-3.342536796653774,2.7699288937914575,-0.17076922544812526,-0.5904385229760079,-0.21025170919517536,-0.771884168641956
28.080000000000002,-3.346011315823727,2.758191131837622,-0.17253489419178372,-0.5878054850325077,-0.20923250988270584,-0.7721572622746585
28.1,-3.3494679651307298,2.7464002540571797,-0.1679285501238441,-0.591795741440022,-0.20844706295865437,-0.7723677221436557
28.12,-3.3528694409362254,2.7345644774982367,-0.1691548409840096,-0.5911411624065404,-0.20787729487787915,-0.7725203910407724
28.14,-3.356303722729177,2.7227883554591314,-0.16901122331000853,-0.5901877668598905,-0.20749331100123197,-0.7726232792104266
28.16,-3.3596993454438775,2.710945396899481,-0.1662270795558328,-0.5939630222822647,-0.2072579299508194,-0.7726863493727982
28.18,-3.363070899354285,2.6991123321210213,-0.16752344208090847,-0.5908755391498819,-0.2071313183890732,-0.7727202748385206
28.2,-3.3664712948796987,2.6873023641345184,-0.16686211226572734,-0.5921050096983859,-0.2070754190054699,-0.7727352530332144
28.22,-3.3698312916324227,2.675453027964093,-0.16572429778893802,-0.5936210258703064,-0.20705788482149368,-0.7727399513036508
28.240000000000002,-3.373196876120399,2.6636226702222063,-0.16629584206291184,-0.5904401800961421,-0.20705526898777774,-0.7727406522141825
28.26,-3.376569614467369,2.65179146100929,-0.1663041654168092,-0.5933484288120625,-0.20705418863997274,-0.7727367519243293
28.28,-3.3799121872446944,2.6399552917979534,-0.1649292428470893,-0.592796831404621,-0.20702763331333265,-0.772637646096097
28.3,-3.3832752877365935,2.628115201685943,-0.1655602448457523,-0.5911200381888495,-0.2069305444372525,-0.7722753054777161
28.32,-3.386632004216103,2.616285495238928,-0.16657703771913646,-0.5934509966369017,-0.20672147402559674,-0.7714950440790574
28.34,-3.38997357985054,2.6044559525622986,-0.16421901245613849,-0.5917439060686213,-0.20636346833446026,-0.7701589486503373
28.36,-3.393338658713632,2.5926125913532965,-0.16639377596799973,-0.5916129940497085,-0.20582391154069957,-0.7681452952824533
28.38,-3.3967037977909187,2.5808133907846105,-0.1670913589504738,-0.5919443913602422,-0.20507436942046384,-0.7653479660073207
28.400000000000002,-3.4000656413046744,2.56898425628205,-0.16481335712987694,-0.5907197670214924,-0.20409043302772578,-0.7616758653982063
28.42,-3.4034479913781324,2.557162554085151,-0.16868025511975845,-0.5914298787808941,-0.20285156237281377,-0.7570523371700685
28.44,-3.406842161532337,2.5453974658459737,-0.16722057797651113,-0.5904112773059271,-0.20134093010094145,-0.7514145807798878
28.46,-3.410230580541964,2.5335665528738796,-0.16644744297263125,-0.5903008213199542,-0.19954526517073995,-0.7447130680270062
28.48,-3.4136397763472286,2.5217830250356914,-0.170794419068614,-0.5899053199863041,-0.19745469653278863,-0.7369109596534618
28.5,-3.417060266505791,2.5100244920091552,-0.16675471493015734,-0.5900005900188797,-0.19506259680814614,-0.7279835219443245
28.52,-3.42045214242629,2.4981828168518256,-0.16775310024505627,-0.5911067351329315,-0.19236542596688166,-0.7179175433280321
28.54,-3.42386546328665,2.4864191925185053,-0.17010303613867145,-0.5895009378040758,-0.1893625750066061,-0.7067107509767268
28.560000000000002,-3.427260698815172,2.4746120139249785,-0.1641887943422425,-0.5925197304701572,-0.18605620963100222,-0.6943712274065865
28.580000000000002,-3.430604328630664,2.462740131025036,-0.16638389562786976,-0.5927616342254768,-0.1824511139283587,-0.6809168270781727
28.6,-3.4339591797594475,2.4509368995452396,-0.1646921690266967,-0.5927141318987831,-0.17855453405009714,-0.66637459299675
28.62,-3.437242826893939,2.4390212573061785,-0.15935285644602712,-0.5972656247846042,-0.17437602188930595,-0.6507801733126328
28.64,-3.440491090493925,2.4271136917744225,-0.16141785055726013,-0.5949923786527154,-0.1699272787592707,-0.6341772379215183
28.66,-3.4437181526652036,2.4152028615243153,-0.15604184857884437,-0.5989878407009256,-0.1652219990720052,-0.6166168950648216
28.68,-3.44688167327581,2.403234987724524,-0.15769147445288845,-0.5926751175196961,-0.16027571401678267,-0.5981571079300125
28.7,-3.450082203712465,2.391592247307129,-0.15739693935296611,-0.5770659758223505,-0.15510563523866686,-0.5788621112509507
28.72,-3.4531593381940056,2.3801958089346766,-0.14674201243255997,-0.5592092347194813,-0.14973049851704315,-0.5588018279082219
28.740000000000002,-3.4561420358167627,2.369281347345999,-0.14723502827253787,-0.5351851306330769,-0.1441704074441487,-0.5380512855294696
28.76,-3.4590121913264755,2.3588131195809314,-0.13755209672284158,-0.5143732930212259,-0.1384466771036075,-0.5166900330897463
28.78,-3.461735632602037,2.348694307692343,-0.13235171741772206,-0.49489560702693824,-0.13258167774895546,-0.4948015575118262
28.8,-3.464340110750539,2.339061306571913,-0.12767713935411057,-0.4712933846257307,-0.12659867848217576,-0.47247270026655697
28.82,-3.466852238597968,2.3298864433405604,-0.12073094095217746,-0.44603511488482644,-0.12052169093222866,-0.44979307397319085
28.84,-3.469209893767003,2.3211567185341915,-0.11417760655001648,-0.4277352172716051,-0.1143753129335827,-0.42685447899972057
28.86,-3.471440530590014,2.312868010778057,-0.10740115787077056,-0.4024451485338405,-0.10818457220474585,-0.4037503200632155
28.88,-3.473555271801555,2.3050327450107306,-0.10239624854146281,-0.37905316028256175,-0.10197477002679683,-0.38057502283015787
28.900000000000002,-3.475548481174166,2.2976921150355705,-0.0966602322114006,-0.3562535739793605,-0.09577132492191469,-0.3574234505167732
28.92,-3.477416242557184,2.290811100823616,-0.08913044302372561,-0.33323301192760413,-0.08959961633191475,-0.3343903204893842
28.94,-3.4791455688507025,2.2843615072491126,-0.08338430772487199,-0.310775715436103,-0.08348482829677278,-0.3115696208647201
28.96,-3.48076117424404,2.278357937845742,-0.07717166824447805,-0.28960105403779096,-0.07745179313316058,-0.2890540271102698
28.98,-3.4822523702934167,2.2728168502824477,-0.07190409198977976,-0.26614329699535483,-0.07152483511297633,-0.26693431864461425
29.0,-3.4836312752216827,2.2676970752895436,-0.06563766855130022,-0.2440136633489839,-0.0657276141418753,-0.24529879543776142
29.02,-3.4848990451917716,2.263029645010018,-0.06039188955008186,-0.224277120872356,-0.060082969437801115,-0.22423269461148196
29.04,-3.4860524143488996,2.258764516627195,-0.054947541228965606,-0.2023109834577565,-0.05461276320951679,-0.2038176070396451
29.060000000000002,-3.487090486433173,2.2548943509986117,-0.04887468942892657,-0.1840179278541965,-0.04933772433513519,-0.18413089394855203
29.080000000000002,-3.488031017186567,2.2514098712090003,-0.04432089492343861,-0.16566413705941135,-0.04427729204065361,-0.16524510351728441
29.1,-3.4888614052321847,2.24828246518613,-0.039813344781997065,-0.1466642135792913,-0.039449459578479125,-0.14722738747801886
29.12,-3.4896082613203347,2.245509855934261,-0.03394554617975133,-0.13049222643902317,-0.03487061790596382,-0.1301389177163781
29.14,-3.49026593395848,2.243074635208286,-0.03139397207626972,-0.11417422792730036,-0.03055539936393502,-0.11403430287176332
29.16,-3.490829427102085,2.2409381676486855,-0.026428732696835718,-0.09865184429718385,-0.026516521355225878,-0.09896100493768817
29.18,-3.491331681552378,2.239099814766439,-0.022167503174111234,-0.08583021385437324,-0.02276463002320716,-0.08495875586211704
29.2,-3.491748003210056,2.2375302216278756,-0.020196574221453753,-0.07174267953875893,-0.019308143930317382,-0.07205897414779713
29.22,-3.4921009277224235,2.2361979390985196,-0.015544317189322861,-0.060588316397245684,-0.01615309773659519,-0.06028418145259912
29.240000000000002,-3.4924014138322974,2.2351070839775584,-0.013339202015952024,-0.049913312734969545,-0.013302985878209458,-0.04964741918984901
29.26,-3.492635505478835,2.2342070664015616,-0.011005013597625292,-0.03947178746521092,-0.010758606245991483,-0.0401516651286681
29.28,-3.492832384560718,2.233486874170564,-0.008390343603316766,-0.03274620578081067,-0.008517903863964844,-0.031789249994304075
29.3,-3.4929798478073844,2.232928426388835,-0.006696438942727993,-0.024329828612976175,-0.006575814567876594,-0.024541274068467043
29.32,-3.49309921717963,2.232487854410527,-0.004532144586176161,-0.01818200897772897,-0.004924108683729415,-0.018377023789669298
29.34,-3.493180247740785,2.23217752895138,-0.0044902003445033405,-0.014419331271935502,-0.003551234706312629,-0.013253388353560679
29.36,-3.493238050231372,2.231952870783754,-0.0012958903989107112,-0.008093029833040909,-0.002442162977732097,-0.009114276313259893
29.38,-3.4932872956475465,2.231793679313259,-0.0022759745996046143,-0.006730058639040061,-0.0015782293659420568,-0.005890032179692973
29.400000000000002,-3.4932766379255753,2.2317229414503186,0.0015198729572366803,-0.0019650442717075774,-0.0009369789432764047,-0.0034968530219297413
29.42,-3.4933002696962387,2.231658080717485,-0.0023989187767975225,-0.00403402415823921,-0.0004920096649806226,-0.0018362050675226262
29.44,-3.4933153711744067,2.2316093340663237,0.0007874824738591035,-0.0009096220512074455,-0.00021281604774112976,-0.0007942403028359005
29.46,-3.4933154845832686,2.231577564895325,-0.0010037096939750296,-0.0017904405813088911,-6.463284821619833e-5,-0.00024121307338073977
29.48,-3.493331982170865,2.231563165972643,2.9822672767430134e-5,0.0003964773255446787,-8.278741569626756e-6,-3.0896684160579586e-5
29.5,-3.4933239730345207,2.231577737683593,-0.0001278151920260254,0.0005211787767605838,1.4168500939522117e-64,1.846474991950967e-64
29.52,-3.4933434331809594,2.231573944752902,-0.0013356597686237847,-0.0007854777495652337,1.4168500939522117e-64,1.846474991950967e-64
29.54,-3.4933606256612904,2.2315657551026296,-0.0002496678791787707,0.0002910431885345829,1.4168500939522117e-64,1.846474991950967e-64
29.560000000000002,-3.493358978021174,2.231568476024083,0.00019585654438720277,-0.00025219977934032534,1.4168500939522117e-64,1.846474991950967e-64
29.580000000000002,-3.4933557461233966,2.231561533487813,0.00021381834188177588,1.69470672138068e-5,1.4168500939522117e-64,1.846474991950967e-64
29.6,-3.493356699289575,2.2315726126319575,-0.0004912271233469279,0.0005575630765720931,1.4168500939522117e-64,1.846474991950967e-64
29.62,-3.49336811897346,2.2315733045544706,-0.0002710517828588969,-0.0003749460831257183,1.4168500939522117e-64,1.846474991950967e-64
29.64,-3.4933606162245083,2.2315717737465515,0.0005442336315813069,0.0004891647302222117,1.4168500939522117e-64,1.846474991950967e-64
29.66,-3.4933598555241647,2.2315869714460246,-0.0003743511339071713,0.0005795049707432049,1.4168500939522117e-64,1.846474991950967e-64
29.68,-3.49336075709873,2.2315828559108843,0.0002822105561602114,-0.000765966336157279,1.4168500939522117e-64,1.846474991950967e-64
29.7,-3.493361615139782,2.2315785778200237,-0.0003631881643683149,0.00046537151209122187,1.4168500939522117e-64,1.846474991950967e-64
29.72,-3.493358613373973,2.2315819384932016,0.0007165387733379802,-0.00046695319043054935,1.4168500939522117e-64,1.846474991950967e-64
29.740000000000002,-3.4933463345831965,2.2315678111389543,0.00020639432425880586,-0.0005352158200264835,1.4168500939522117e-64,1.846474991950967e-64
29.76,-3.4933531656753893,2.2315693887952626,-0.0006973941357828969,0.0006045845364245845,1.4168500939522117e-64,1.846474991950967e-64
29.78,-3.4933652953511944,2.2315765634123426,-0.00024035229739597204,-0.00026788415362982183,1.4168500939522117e-64,1.846474991950967e-64
29.8,-3.4933666852564715,2.2315689940429357,-0.00018839370384026124,-0.00011718208771997061,1.4168500939522117e-64,1.846474991950967e-64
29.82,-3.4933696673527344,2.231566447983687,0.00019249679765865975,-0.0002891039001652584,1.4168500939522117e-64,1.846474991950967e-64
29.84,-3.49336038513787,2.231561679830915,0.0005345298192930474,-6.260364139023579e-5,1.4168500939522117e-64,1.846474991950967e-64
29.86,-3.493358130700119,2.2315618087099147,-0.0003485035052985352,-0.00025426928538780735,1.4168500939522117e-64,1.846474991950967e-64
29.88,-3.4933606493195595,2.2315484563360206,0.0002139490688220546,-0.0004589234078377472,1.4168500939522117e-64,1.846474991950967e-64
29.900000000000002,-3.4933613458015085,2.231558319906614,-0.000396943782904545,0.0010453477539337768,1.4168500939522117e-64,1.846474991950967e-64
29.92,-3.493370986856902,2.2315705201972413,-0.000359471956656827,-8.915510116425724e-5,1.4168500939522117e-64,1.846474991950967e-64
29.94,-3.4933784896400093,2.231566180801557,-0.00046152289507964345,5.580098736918891e-5,1.4168500939522117e-64,1.846474991950967e-64
29.96,-3.49338291590117,2.2315715621540644,0.0002205437144536062,0.00015502202553055762,1.4168500939522117e-64,1.846474991950967e-64
29.98,-3.49337468048165,2.2315625728149926,0.00025530252976201025,-0.000886952017144548,1.4168500939522117e-64,1.846474991950967e-64
30.0,-3.493376885712534,2.2315517298158407,-0.00038281975259954823,7.739534719914342e-5,1.4168500939522117e-64,1.846474991950967e-64
30.02,-3.4933859443241064,2.2315599861361455,-0.0005006544739085779,0.0002650658491697537,1.5993300582398995e-5,-2.7701209189435967e-5
30.04,-3.4933898684443885,2.2315562106918128,0.00020952117057795104,-0.0005048139716872738,0.00012486107463679223,-0.00021626572515857378
30.060000000000002,-3.493381745770368,2.231549366137047,0.0003724701960412791,-1.0277504758518373e-6,0.0004111290335232458,-0.0007120963745289497
30.080000000000002,-3.493380827520817,2.231554934976873,-9.403380168570868e-5,0.00019282317276402534,0.0009504896843776635,-0.001646296425412219
30.1,-3.49336220756695,2.2315307860098637,0.002247582135187057,-0.0027020939825733166,0.0018101043200000747,-0.003135192649240042
30.12,-3.493314158575659,2.231479664981712,0.0017390868924527989,-0.0018451439364573679,0.003048905008742473,-0.0052808583825931935
30.14,-3.4932442501844023,2.2313807872211893,0.00630096727242808,-0.008607765090269991,0.004717896584396855,-0.008171636589031018
30.16,-3.4931254409931016,2.2312071598634535,0.006377008709497162,-0.0100326205991576,0.00686045863608322,-0.011882662920920816
30.18,-3.492940692978265,2.230932022214306,0.009338921910651686,-0.01632550895480901,0.00951264749813756,-0.016476388781267216
30.2,-3.492734009905633,2.2305606777054447,0.014054183937661256,-0.022097131927843034,0.012703498239999878,-0.022003104385541594
30.22,-3.492440069162549,2.230056766997058,0.014732856950498264,-0.02765641040248703,0.01645532665610218,-0.028501461823511445
30.240000000000002,-3.4920638007501434,2.2294169204132466,0.021737982101755413,-0.03665868564227066,0.020784031255757267,-0.03599899812107115
30.26,-3.491614688415956,2.228622569676666,0.02544093196258741,-0.04372521578533973,0.025699395253043614,-0.044512658302065945
30.28,-3.4910367489819008,2.227635177799294,0.030613169614061745,-0.05367490076150415,0.031205388556697942,-0.05404931845012926
30.3,-3.49036342413413,2.2264643777266735,0.037745084848944274,-0.06501060896618895,0.03730046976000024,-0.06460630877050688
30.32,-3.48954684403963,2.2250602570126943,0.043463900600461465,-0.07490479406351644,0.04397788813066251,-0.07617193665188772
30.34,-3.4886019442018426,2.2234164980586817,0.051869767678638025,-0.08899029453500429,0.05122598560071678,-0.08872600972823315
30.36,-3.4874950061572414,2.221525627827104,0.05804542801807829,-0.10175028528568185,0.059028498756402974,-0.10224035894060621
30.38,-3.4862340335228086,2.2193419715477702,0.06870199521255616,-0.11533897068569292,0.0673648608280572,-0.11667936159900148
30.400000000000002,-3.4848054946231337,2.21687994825684,0.07454775309012446,-0.13191622011486379,0.07621050368000098,-0.13200046444417657
30.42,-3.483188179877206,2.2141026741780627,0.08634826090539972,-0.1462374148431146,0.08553715980042323,-0.14815470670947112
30.44,-3.4813996740527187,2.2109946413277,0.09394326698886993,-0.16409561173427478,0.09531316429127747,-0.16508724318265217
30.46,-3.479388582590046,2.2075450954948663,0.10624432180481924,-0.18207575247651908,0.10550375685816363,-0.18273786726773272
30.48,-3.4771687059907244,2.2037068490546865,0.11547066627020927,-0.20064380225792727,0.11607138380021784,-0.20104153404680433
30.5,-3.474754078063684,2.19953302859117,0.12627718905911134,-0.21742483717637417,0.12697600000000006,-0.2199288833418658
30.52,-3.472133873179458,2.1949912864418164,0.13585170744330943,-0.23697524752337437,0.13817537091338217,-0.23932676277665269
30.54,-3.4692709752478095,2.190051644925637,0.15071580731686307,-0.25787134129854145,0.14962537455943636,-0.25915875083846746
30.560000000000002,-3.4661479237149107,2.1846775061051784,0.1605169387775336,-0.27790530686774895,0.16128030351032457,-0.27934567994001125
30.580000000000002,-3.4628478836258423,2.1789820260550194,0.1697516747221618,-0.29306408499459935,0.1730931668811787,-0.2998061594812
30.6,-3.4593247881350617,2.172879746538709,0.18367874852310132,-0.31770075749733867,0.18501599232000093,-0.32045709891101476
30.62,-3.455514881259934,2.1663319071133715,0.1954982845738273,-0.33512932385810906,0.19700012799754302,-0.34121423078931645
30.64,-3.4515084478440614,2.1594492002812644,0.20652327875347495,-0.35480609539587016,0.20899654459719713,-0.3619926338486801
30.66,-3.447257270935684,2.152135300758456,0.21706830344961084,-0.3752372679967768,0.22095613730488337,-0.38270725605622286
30.68,-3.4428231469798645,2.1444255037367457,0.227697464000481,-0.39654601811370627,0.2328300277989375,-0.4032734376754337
30.7,-3.4381627444725495,2.1363086690484137,0.23752940067873698,-0.413900296438501,0.2445698662399997,-0.4236074343280037
30.72,-3.4332883202707936,2.1278572377878437,0.24959461060775343,-0.4311229243255269,0.2561281332609018,-0.44362694005565384
30.740000000000002,-3.4282145907581465,2.11911473412439,0.25710775061530194,-0.4447203644136417,0.26745844195655794,-0.46325161038196977
30.76,-3.422990352273147,2.1100560216318462,0.26375896900723494,-0.4595309075721364,0.2785158398738442,-0.48240358537421585
30.78,-3.4176613147301578,2.1007326474312906,0.26976916990890404,-0.4741292862864978,0.28925711100149826,-0.5010080127051854
30.8,-3.4122185114200168,2.0911401756134085,0.27270869420483906,-0.48521411756866134,0.2996410777600005,-0.5189935707150175
30.82,-3.406723553294934,2.081295870044163,0.27660611169005817,-0.4974581163896403,0.30962890299146273,-0.5362929914730284
30.84,-3.4011611376898623,2.071315958080077,0.2802846498818945,-0.5012406546922022,0.31918439194951703,-0.5528435838395419
30.86,-3.3955041962079804,2.0612623983014093,0.28322453020569416,-0.5039027253380098,0.328274294289203,-0.5685877565277172
30.88,-3.389821389568253,2.0511025821061866,0.28482149438721127,-0.5127274275706633,0.33686860605685726,-0.5834735411653814
30.900000000000002,-3.384143660284423,2.040800012515829,0.28299143355197565,-0.5184012904626096,0.3449408716800009,-0.5974551153568579
30.92,-3.3784525740294353,2.030391089330688,0.2850382867295025,-0.520645330877137,0.3524684859572229,-0.6104933257447873
30.94,-3.3727224733042562,2.0199964529245875,0.2888171481154573,-0.5193171980095914,0.35943299604807716,-0.622556211071973
30.96,-3.366930121443037,2.0096411100095417,0.2892951809772193,-0.5179742915401722,0.3658204034629633,-0.633619525243198
30.98,-3.3611457168643213,1.9992175890162398,0.287815955398569,-0.5238628644964105,0.3716214660530177,-0.6436672603870593
31.0,-3.355412528579753,1.9887074871183796,0.28695929362125583,-0.5274852597421222,0.3768320000000004,-0.6526921699177957
31.02,-3.349643383168318,1.9781907055620107,0.28925877789142324,-0.5236781885862795,0.3814531818061821,-0.6606962915971153
31.04,-3.3438115251483116,1.9677356555296783,0.2932822748588306,-0.5214403047734572,0.38549185028423677,-0.6676914705960328
31.060000000000002,-3.337944169308363,1.9573303130731625,0.2933589695578918,-0.5211436112887912,0.3889608085471238,-0.673699882556689
31.080000000000002,-3.3320992304371946,1.946870212251578,0.29062358850290193,-0.5241177648359182,0.39187912599797803,-0.6787545566541834
31.1,-3.326268025649718,1.9363712978505099,0.29285647581897495,-0.5246818110325221,0.3942724403200008,-0.6828998986584092
31.12,-3.3203787154596185,1.9259256036580952,0.2963935636827957,-0.5206152499928223,0.39617325946634235,-0.6861922139958724
31.14,-3.3144134680987483,1.9155364773857722,0.2989140699214336,-0.518333053923156,0.3976212636499967,-0.6887002308115341
31.16,-3.308429100593967,1.9051717142295932,0.2993938892271584,-0.5183708467693875,0.3986636073336834,-0.6905056230306279
31.18,-3.3024531176283407,1.8947960643508575,0.29893473329865394,-0.5190173705342037,0.3993552212197373,-0.6917035334204934
31.2,-3.296444461754462,1.8844213952105962,0.301438913844662,-0.5179174132959761,0.3997591142400002,-0.6924030966524112
31.220000000000002,-3.2903698031115707,1.8741076638656518,0.3061532200427859,-0.5138814649735479,0.3999466755457023,-0.6927279623634212
31.240000000000002,-3.2842283707301836,1.8638407224634714,0.3075100578272022,-0.513255407182249,0.3999979764973568,-0.6928168182181634
31.26,-3.278065932561809,1.853569427759545,0.30804524690016233,-0.5139640387002188,0.4000000295024985,-0.6928203059942756
31.28,-3.2719056049360105,1.8433056416893034,0.30902400669650304,-0.5121804816424818,0.4000023747948475,-0.6928189519391065
31.3,-3.2656944376302754,1.8330814929175585,0.31152763996636995,-0.5103889237523574,0.4000180955141251,-0.6928098755775998
31.32,-3.2594247512176304,1.8229003471682503,0.3154449802639676,-0.5075535008831101,0.40006821353037314,-0.6927809399274277
31.34,-3.253095362059971,1.8127622781042168,0.3175655643689661,-0.5065624601693908,0.40018173035112764,-0.6927154009604075
31.36,-3.2467311029616774,1.802625179089926,0.3179392532486034,-0.507549507385526,0.40039276722754075,-0.6925935587630015
31.38,-3.2403822747175477,1.7924564759262356,0.31770932599138313,-0.5087552395719975,0.4007370377530506,-0.6923947940824243
31.400000000000002,-3.233987679071086,1.7823303638395316,0.3215373194725599,-0.5038408874865384,0.401247877839098,-0.692099860421232
31.42,-3.227525811536757,1.772278309631246,0.3243620943764448,-0.5014541579578485,0.40195209028589246,-0.6916932831755085
31.44,-3.221004623452027,1.7622837230979227,0.32787935773206867,-0.4985589826333419,0.4028658793907032,-0.6911657067898636
31.46,-3.214424958606981,1.7523130879242357,0.32949868924222064,-0.4986108287277245,0.40399115402784824,-0.6905160291751955
31.48,-3.207821615399899,1.7423326454301948,0.3303903197979016,-0.5000343349146134,0.40531246505285684,-0.6897531698992236
31.5,-3.201223029104082,1.7323225701564313,0.3307183298562643,-0.5002632260873915,0.40679481519204297,-0.6888973346473313
31.52,-3.1945588607710937,1.7223491996083622,0.33498355929197765,-0.4966479587783348,0.4083825380276003,-0.6879806624408237
31.54,-3.1878195466619785,1.7124624545811282,0.33900798822566386,-0.4923302733526491,0.40999938925473517,-0.6870471729495978
31.560000000000002,-3.1810090566296347,1.7026682862069247,0.3419847457417506,-0.4877128492401959,0.4115499306819739,-0.6861519674391918
31.580000000000002,-3.1741315293167722,1.692923128193648,0.3450052063090743,-0.4866099010703116,0.4129222185859408,-0.6853596766484309
31.6,-3.167215226702038,1.6831884800149284,0.34664729065445976,-0.4879653756532987,0.41399173648919474,-0.6847421901990841
31.62,-3.160290788407265,1.6734187705906105,0.3458557068263778,-0.48899274017632277,0.41462644185891456,-0.6843757428830203
31.64,-3.153372699984885,1.6636045686212655,0.34572423190985274,-0.4911782574542326,0.4146927302823407,-0.684337471243911
31.66,-3.146443202126688,1.6537933495426738,0.34765985155286,-0.490814913198345,0.4140620628384796,-0.6847015872623934
31.68,-3.139483550748797,1.6439997396822337,0.3480764332809252,-0.48830261708434375,0.41261795577616106,-0.6855353428635617
31.7,-3.132497695119913,1.6342484067028564,0.3500092699530614,-0.4856048472005809,0.4102629988337643,-0.6868949778881843
31.720000000000002,-3.1254951478519724,1.6245691378861324,0.3504007182561356,-0.4845825212693951,0.4069255515551746,-0.6888218539728843
31.740000000000002,-3.1185122522943405,1.6148578350576686,0.3472912615939579,-0.4866022318686936,0.4025657669770516,-0.6913389767726724
31.76,-3.1115963257623576,1.6050563009474006,0.34347118990563125,-0.4929785190114263,0.3971806094716497,-0.6944480989080447
31.78,-3.104797187090468,1.5951395892480322,0.33755895281212206,-0.499572342075837,0.3908075678664755,-0.6981275761943487
31.8,-3.0980899818908174,1.585115179478424,0.3333681163058585,-0.5012230824596997,0.3835268149307867,-0.7023311208616718
31.82,-3.0914341325864467,1.5750672564860027,0.33204977105194644,-0.5025704237167894,0.37546162784143705,-0.7069875587987725
31.84,-3.084838530122111,1.565014793605211,0.3286956233148747,-0.503956412110278,0.3667769585489029,-0.71200165495264
31.86,-3.078315420194283,1.5549119046601951,0.3229393077889426,-0.5055078738364643,0.35767612472669386,-0.7172560238097424
31.88,-3.071915986858455,1.544724885583004,0.3175464913701408,-0.512231750412899,0.34839567746227884,-0.7226140925360526
31.900000000000002,-3.0656548039544655,1.5344461557332392,0.31012475376429677,-0.517083892221983,0.33919858705924566,-0.7279240351560051
31.92,-3.0595224283821856,1.5240324662308278,0.3039444954456585,-0.5211754556424896,0.3303659692462415,-0.7330235494279922
31.94,-3.053492002892672,1.5135538137390223,0.3008123662221173,-0.5254695484420627,0.32218764685083434,-0.7377453060645001
31.96,-3.0475528519519686,1.5030579154279224,0.29568405498845496,-0.524969431553891,0.31495190304964626,-0.7419228646959032
31.98,-3.0417060207430335,1.4924948743310338,0.2893671253130178,-0.528692348639564,0.3089348286062333,-0.7453968242455417
32.0,-3.0360011346537528,1.4818454137272339,0.28404412059423934,-0.536109745019027,0.30438969466367155,-0.7480209585507825
32.02,-3.0304104500209257,1.4711027698667447,0.27951919455163826,-0.5367234213954009,0.3015367930485136,-0.7496680820662656
32.04,-3.024848218719373,1.4603359442333632,0.2780988064713895,-0.5359500669249323,0.3005541768997586,-0.7502353957642592
32.06,-3.0193352144210945,1.44960454920688,0.27734183013000846,-0.5375692688742831,0.30156970589100485,-0.7496490798277934
32.08,-3.0138634864180016,1.4388540045216596,0.27332941971625896,-0.5363757911786751,0.30465475339490083,-0.7478679268209563
32.1,-3.0084060166789186,1.4280746552461419,0.27430833165663243,-0.5375026775046055,0.3098198695324556,-0.7448858456285433
32.12,-3.002955348488341,1.4173189133396547,0.275574497122729,-0.5382816447677361,0.31701261681739284,-0.7407331110473718
32.14,-2.9974434928127494,1.406612549814538,0.27855457507637,-0.5294725308067436,0.3261177073660505,-0.7354762845681084
32.160000000000004,-2.9917934637513515,1.396066495473297,0.2872324312147124,-0.5234540292610822,0.3369594762213193,-0.7292167864010273
32.18,-2.9860146176560365,1.3856512322313763,0.2946896023179241,-0.519194538467304,0.34930662839249194,-0.7220881547712755
32.2,-2.980032923873485,1.3753358102460667,0.3040189331459729,-0.5099538313958211,0.3628791020401447,-0.7142520834572341
32.22,-2.9738250924772323,1.3651821404628628,0.31796614723183264,-0.5035170040090012,0.37735680107870717,-0.7058933800200736
32.24,-2.9673700854191,1.3552374550558457,0.3303363590277011,-0.4923749962146446,0.3923898713190604,-0.6972140328700591
32.26,-2.960627572496031,1.345492226013377,0.34346918420032035,-0.47911566708917674,0.4076101286809398,-0.6884266131850427
32.28,-2.9536158133880774,1.335993528796799,0.358730381479805,-0.47043447153745466,0.42264319892129304,-0.6797472660350282
32.3,-2.9463442325582174,1.326709547812985,0.3703026134838911,-0.45992246685196725,0.43712089795985554,-0.6713885625978677
32.32,-2.9388023195438917,1.317566046185456,0.38266948946457396,-0.4517385490199872,0.45069337160750833,-0.6635524912838263
32.34,-2.931034907654073,1.308569082275427,0.39528106244311556,-0.4482500330186619,0.4630405237786851,-0.6564238596540721
32.36,-2.92305441389188,1.2996880567624467,0.4037508189559764,-0.4412816408718954,0.4738822926339497,-0.6501643614869934
32.38,-2.91488204904678,1.2908779394728014,0.41193020758102206,-0.437045892880801,0.48298738318260737,-0.64490753500773
32.4,-2.9065747115874685,1.2821505826481847,0.4197902186354077,-0.4365060316805438,0.4901801304675446,-0.6407548004265585
32.42,-2.8981575660877272,1.2734665866414498,0.42269052645429084,-0.4332143919370667,0.49534524660509943,-0.6377727192341456
32.44,-2.889656760882868,1.2647846632585895,0.42552320219189244,-0.43254477033501454,0.4984302941089954,-0.6359915662273085
32.46,-2.8811355129742644,1.2561088284458708,0.4275823614994036,-0.4358606935577486,0.49944582310024166,-0.6354052502908425
32.480000000000004,-2.872616734422904,1.247402925458172,0.42491938704044036,-0.43633166066528445,0.49846320695148594,-0.6359725639888367
32.5,-2.86412716537004,1.2386231615558685,0.4220845596337741,-0.4392618097040325,0.4956103053363287,-0.6376196875043193
32.52,-2.8557257033917454,1.2297751255249942,0.41888153500940883,-0.44629424652221894,0.49106517139376604,-0.6402438218095607
32.54,-2.847427347207574,1.2208332463261817,0.4117944408867087,-0.449693172691292,0.485048096950354,-0.6437177813591987
32.56,-2.839234345674817,1.211769611164371,0.4056427944402863,-0.45412966921152603,0.47781235314916454,-0.6478953399906026
32.58,-2.8311776495319587,1.2026160236191121,0.4009239162873034,-0.4616519640800196,0.46963403075375876,-0.6526170966271096
32.6,-2.823247613841425,1.193374209679508,0.3934681545432169,-0.46414333122748386,0.46080141294075305,-0.6577166108990976
32.62,-2.8154172847227192,1.1840414921775138,0.38796357699580625,-0.46624658021483706,0.4516043225377232,-0.6630265535190483
32.64,-2.807699187535811,1.1746742624590185,0.3852948563033284,-0.4703356636667841,0.4423238752733064,-0.6683846222453594
32.660000000000004,-2.8000693353012203,1.165278917123757,0.37929788020572847,-0.47106797815706397,0.43322304145109586,-0.6736389911024627
32.68,-2.792528233661237,1.1557971078592062,0.3734817345033522,-0.47399778199361525,0.42453837215856316,-0.6786530872563293
32.7,-2.7851228064831055,1.1462458307036123,0.36880640712430857,-0.4807614261602532,0.41647318506921227,-0.6833095251934308
32.72,-2.7778381240031247,1.136639788085055,0.36174829932875935,-0.481292457660934,0.40919243213352485,-0.6875130698607531
32.74,-2.770642397458613,1.126962792865162,0.35675465673826573,-0.48294901634705795,0.40281939052834953,-0.6911925471470577
32.76,-2.7635485692625696,1.1172523959144958,0.35444264396213027,-0.488592383373961,0.3974342330229487,-0.6943016692824294
32.78,-2.7565370160352174,1.1074749711105771,0.348376416351088,-0.49060033086132043,0.393074448444825,-0.696818792082218
32.8,-2.7496107962413032,1.0975828352984778,0.343096679813385,-0.49499389738077215,0.38973700116623644,-0.6987456681669172
32.82,-2.742790950523482,1.0876314718205458,0.34155511572260877,-0.4999501007719708,0.3873820442238392,-0.7001053031915402
32.84,-2.7360099663162742,1.0776687395077806,0.33848859886221394,-0.4967530696860743,0.3859379371615204,-0.7009390587927086
32.86,-2.729221613777399,1.0677256273365336,0.33915012914861764,-0.4942958695928998,0.38530726971765955,-0.7013031748111909
32.88,-2.7224560939897002,1.057833528523329,0.3394372673163871,-0.4962383356783758,0.38537355814108576,-0.7012649031720816
32.9,-2.7157327845284422,1.0479071838337812,0.3336068501239083,-0.4975711268562199,0.3860082635108055,-0.7008984558560177
32.92,-2.709066364078245,1.0378872864120123,0.3328121964183504,-0.5000471027775051,0.38707778141405963,-0.7002809694066708
32.94,-2.702407380950989,1.0278877779304294,0.3355120915762347,-0.5010776555298534,0.3884500693180264,-0.69948867861591
32.96,-2.695701431695917,1.0179187740793587,0.33541749272208465,-0.49588405395430446,0.3900006107452651,-0.698593473105504
32.980000000000004,-2.6889415309741698,1.0079976482121165,0.3391940568499414,-0.49381366064328713,0.3916174619724003,-0.697659983614278
33.0,-2.68216990101177,0.9981271845430261,0.3403342676991235,-0.4951642397971185,0.3932051848079573,-0.6967433114077706
33.02,-2.6753886931465027,0.9882426177167646,0.33745745683061346,-0.4929702910774939,0.3946875349471437,-0.6958874761558781
33.04,-2.6686260568916547,0.978339153615189,0.33880929315690655,-0.49430112173859553,0.396008845972152,-0.6951246168799063
33.06,-2.661854082909863,0.9684723446771624,0.3402279703454528,-0.4951326691871787,0.39713412060929726,-0.6944749392652383
33.08,-2.6550456708319903,0.9585931219712265,0.3398643651843943,-0.49179668062888904,0.3980479097141078,-0.6939473628795934
33.1,-2.6482051485728997,0.9487405228031214,0.34361508941135044,-0.49150538213690936,0.39875212216090233,-0.6935407856338698
33.12,-2.6413484772305345,0.9389375261289986,0.3442350470937633,-0.4915236521758993,0.3992629622469496,-0.6932458519726775
33.14,-2.634474249962398,0.9291012317512273,0.34188814985743604,-0.49096785448061747,0.3996072327724595,-0.6930470872921003
33.160000000000004,-2.627640532518704,0.9192169115963985,0.3411811552642256,-0.4958864523402976,0.3998182696488726,-0.6929252450946943
33.18,-2.620848864580762,0.9093337072720791,0.34097064992180315,-0.49398883558999007,0.3999317864696271,-0.6928597061276741
33.2,-2.6140143972075314,0.899474105407873,0.34062091728109595,-0.4908252344147809,0.3999819044858752,-0.6928307704775021
33.22,-2.6071754072112174,0.8896311055769311,0.3434188835453511,-0.492401240106594,0.39999762520515275,-0.6928216941159954
33.24,-2.6003214040486378,0.8798322514148805,0.34362352869501117,-0.4905143659974418,0.39999997049750174,-0.6928203400608263
33.26,-2.5934419230814596,0.8700052515467406,0.3423678010946248,-0.49040275252671567,0.39999797649735697,-0.6928168182181637
33.28,-2.586599295713848,0.8601387458457306,0.342426741317459,-0.4957774327179565,0.3999466755457025,-0.6927279623634216
33.3,-2.5798129605993094,0.850224697736874,0.3382703383034459,-0.49748163955281327,0.3997591142400002,-0.6924030966524112
33.32,-2.5730272285262537,0.8402743584275796,0.33892590618149326,-0.49455129562087996,0.3993552212197377,-0.6917035334204941
33.34,-2.566219383828739,0.830394243014403,0.3425654294016871,-0.49338787789111527,0.3986636073336832,-0.6905056230306276
33.36,-2.55938154570722,0.8205919271185723,0.34226678907363384,-0.48935714876712244,0.39762126364999695,-0.6887002308115344
33.38,-2.552513718372737,0.8107854164266292,0.3426045783493754,-0.48906759099905156,0.3961732594663423,-0.6861922139958723
33.4,-2.545666861063079,0.8009613565283686,0.3430068692397736,-0.4941630624829323,0.3942724403200003,-0.6828998986584083
33.42,-2.538860500104836,0.7910751953403101,0.33827805576310815,-0.4962122982151376,0.39187912599797753,-0.6787545566541826
33.44,-2.5320851138012372,0.781112898330589,0.33828082717530245,-0.4965740518658734,0.38896080854712367,-0.6736998825566888
33.46,-2.5253039573918397,0.7711832751275586,0.34121264997289313,-0.49720588262666304,0.38549185028423677,-0.6676914705960328
33.480000000000004,-2.518484669381408,0.7613030140695125,0.34119778718686633,-0.4916966115126517,0.38145318180618165,-0.6606962915971145
33.5,-2.511622032975972,0.751483870180695,0.3431413283832674,-0.488524105285189,0.37683200000000017,-0.6526921699177952
33.52,-2.5047796129515363,0.7416920097499105,0.34227506883058245,-0.49266128323251934,0.3716214660530168,-0.6436672603870578
33.54,-2.497989525033321,0.7318197257506757,0.3365365800197563,-0.4955168896057747,0.3658204034629636,-0.6336195252431984
33.56,-2.4912864573057485,0.7218230944851891,0.33268526639693624,-0.5014992603094328,0.3594329960480761,-0.6225562110719711
33.58,-2.484670308386336,0.7117678701210239,0.3312786460720866,-0.5048795995795914,0.3524684859572231,-0.6104933257447875
33.6,-2.4780721330013247,0.7016951429111218,0.3280698958831253,-0.5025823552627239,0.34494087167999954,-0.5974551153568556
33.62,-2.4715165803975223,0.6916013958010118,0.3263282082826713,-0.5050231155040746,0.33686860605685875,-0.5834735411653841
33.64,-2.4650558484711214,0.6814830205412244,0.3213954524935816,-0.5088670506891816,0.328274294289203,-0.5685877565277172
33.660000000000004,-2.458709805093404,0.671264943046654,0.31317195051608515,-0.5122798528342764,0.31918439194951514,-0.5528435838395387
33.68,-2.4525000666859955,0.6609350963773896,0.3075917237538188,-0.5189474159304976,0.3096289029914626,-0.5362929914730282
33.7,-2.4464151920206905,0.6505698799956552,0.3026431847763415,-0.5166694523584237,0.29964107775999865,-0.5189935707150143
33.72,-2.44055213812995,0.6403861310530272,0.2845046338662204,-0.49916746188857614,0.28925711100149826,-0.5010080127051854
33.74,-2.434899711777728,0.6305469150526619,0.28032336195181806,-0.48171751773768534,0.27851583987384215,-0.4824035853742123
33.76,-2.4294521105680333,0.62117758918971,0.2674412370749982,-0.460288847462385,0.267458441956558,-0.4632516103819698
33.78,-2.424201932967847,0.6120874464173875,0.254607090535755,-0.443047636312976,0.2561281332609018,-0.44362694005565384
33.8,-2.4192293708190697,0.6034447593754437,0.24638914422255437,-0.42498839849675457,0.2445698662400017,-0.4236074343280071
33.82,-2.41444144671703,0.5951525461756353,0.23080518805065167,-0.40092349607010774,0.23283002779893752,-0.4032734376754338
33.84,-2.409908602737198,0.587324513335766,0.22366194607370116,-0.3838432029417879,0.22095613730488128,-0.38270725605621925
33.86,-2.4056060460347886,0.5798800126887648,0.20753611015610057,-0.3591300599138023,0.2089965445971972,-0.36199263384868013
33.88,-2.40153377655054,0.5728910681616495,0.1985825032502623,-0.3400197429832838,0.19700012799754096,-0.3412142307893129
33.9,-2.3977122085056712,0.5663002475828091,0.18475746296362552,-0.31901126095940935,0.1850159923200008,-0.3204570989110145
33.92,-2.3941298697892344,0.5601266349021736,0.17275730107664686,-0.298149493832253,0.17309316688117662,-0.2998061594811964
33.94,-2.3907934181693857,0.5543434815720215,0.16181990216873313,-0.28038567715962426,0.16128030351032446,-0.2793456799400111
33.96,-2.3876793711828364,0.5489556805297239,0.14916653445201808,-0.25849756399754154,0.14962537455943636,-0.25915875083846746
33.980000000000004,-2.3848115010661335,0.5439731295993072,0.13831999554645644,-0.23889203620467542,0.13817537091338006,-0.23932676277664902
34.0,-2.3821570502465814,0.5393926120632493,0.12664572925950404,-0.22068286712262172,0.126976,-0.21992888334186572
34.02,-2.3797259300329756,0.5351737949964851,0.11687646638901306,-0.2000758250766317,0.1160713838002159,-0.20104153404680097
34.04,-2.3775119613989086,0.5313368845366704,0.1046426815533219,-0.18344874149827095,0.10550375685816354,-0.18273786726773258
34.06,-2.3755006967407613,0.527878745634792,0.09595135946868485,-0.16409888255671973,0.09531316429127554,-0.1650872431826488
34.08,-2.3737005148396286,0.5247435438037298,0.08550194163600436,-0.14765819486417486,0.08553715980042328,-0.14815470670947123
34.1,-2.37206982636761,0.521951140451856,0.07603938350526009,-0.13304003869562417,0.07621050367999935,-0.13200046444417374
34.12,-2.3706410972451577,0.5194609977834793,0.06846525697109601,-0.11578618517669727,0.0673648608280586,-0.11667936159900391
34.14,-2.3693709902939384,0.5172666178892087,0.057790697277991826,-0.10286803704374002,0.059028498756402856,-0.102240358940606
34.160000000000004,-2.368265316676486,0.515366738952917,0.052642804327198034,-0.08881675595470806,0.05122598560071509,-0.08872600972823022
34.18,-2.3673229723228424,0.5137120288255006,0.04313225359696918,-0.07536824721751778,0.04397788813066265,-0.07617193665188797
34.2,-2.3664955834856385,0.5123125029785155,0.03750202973440607,-0.06543824361565098,0.03730046975999893,-0.06460630877050462
34.22,-2.3658262644831303,0.5111275815901167,0.0320151883033901,-0.05363140111299738,0.0312053885566976,-0.05404931845012866
34.24,-2.3652446817537096,0.5101323869640246,0.02432897053057645,-0.044847549804783095,0.025699395253042576,-0.04451265830206415
34.26,-2.3647843623241025,0.5093300782977772,0.02262815559962798,-0.0367596929637699,0.02078403125575719,-0.03599899812107102
34.28,-2.364418807562416,0.5086736374328219,0.014891654516969879,-0.028449432144537306,0.016455326656102193,-0.02850146182351147
34.300000000000004,-2.36411117671465,0.508159005261317,0.013440679054798283,-0.022924310858074507,0.012703498239999082,-0.022003104385540213
34.32,-2.3639111784374527,0.5077671450633099,0.010053417421037379,-0.017121118495272997,0.00951264749813703,-0.0164763887812663
34.34,-2.3637097094447417,0.507499418421133,0.006991357261491776,-0.009683129103777884,0.006860458636082713,-0.011882662920919938
34.36,-2.363610551634438,0.5072929380754371,0.0049698162535067245,-0.010020583405327107,0.004717896584396898,-0.008171636589031092
34.38,-2.3635259160471485,0.507175047824385,0.003431104568510349,-0.003411957710777672,0.0030489050087421543,-0.005280858382592642
34.4,-2.363466777829586,0.5070871046002895,0.0015928938447752714,-0.00401599970817608,0.0018101043199994398,-0.0031351926492389423
34.42,-2.363444428948015,0.5070492274709508,0.002190360243412129,-0.0011368814267240198,0.0009504896843772318,-0.001646296425411471
34.44,-2.363396284394914,0.5070304970074647,0.0014530679846093502,-0.0008137707776466784,0.0004111290335231389,-0.0007120963745287645
34.46,-2.363391936231074,0.5070040611851315,-0.000698332821216079,-0.0012687409437443142,0.0001248610746372947,-0.0002162657251594441
34.480000000000004,-2.3633989160044,0.5069932357373136,0.0003239950430362093,0.00024381970203701648,1.5993300582550777e-5,-2.7701209189698863e-5
34.5,-2.363386440640594,0.5070075195383297,0.00023153417492767893,0.0008035229451120481,3.260075548516852e-65,1.2166767583577827e-64
34.52,-2.363399897261581,0.5070062818605474,-0.0009184539699047641,-0.0010828207766726287,3.260075548516852e-65,1.2166767583577827e-64
34.54,-2.3634013144221124,0.5069793526143065,0.0007457802851925416,-0.0008458675408278615,3.260075548516852e-65,1.2166767583577827e-64
34.56,-2.3633964772950713,0.5069794653454953,-0.0010314028075569554,0.00035977930322954804,3.260075548516852e-65,1.2166767583577827e-64
34.58,-2.3634272739480178,0.5069824849412635,-0.00122969845297327,-0.00013246849216927295,3.260075548516852e-65,1.2166767583577827e-64
34.6,-2.3634321900808604,0.5069762898746284,0.00028646562544589534,-2.512198304111653e-6,3.260075548516852e-65,1.2166767583577827e-64
34.62,-2.3634350725263698,0.5069914354925681,-0.0005583293226542422,0.0009807358234132017,3.260075548516852e-65,1.2166767583577827e-64
34.64,-2.363443700680808,0.5069982271092606,0.00010160506679761514,-0.0002647176367961874,3.260075548516852e-65,1.2166767583577827e-64
34.660000000000004,-2.3634293424655795,0.5069915682439544,0.0008992628456345776,-0.00020457645226890978,3.260075548516852e-65,1.2166767583577827e-64
34.68,-2.363425845065646,0.5069907444729412,-0.0006467135863393378,5.3665677809123426e-5,3.260075548516852e-65,1.2166767583577827e-64
34.7,-2.3634391751051504,0.5069957499041159,-0.0002910276484825885,0.0002686248778967663,3.260075548516852e-65,1.2166767583577827e-64
34.72,-2.363432871376007,0.5069955856724736,0.0005786187517952028,-0.00015357510177409653,3.260075548516852e-65,1.2166767583577827e-64
34.74,-2.363435727436078,0.5070006456891465,-0.0008029728077563422,0.0005496689384907833,3.260075548516852e-65,1.2166767583577827e-64
34.76,-2.3634497438670063,0.507007958310312,-0.0002179402366245224,2.3884616269848294e-5,3.260075548516852e-65,1.2166767583577827e-64
34.78,-2.3634416529341404,0.507002517142383,0.0007674951598931381,-0.0003881645126095729,3.260075548516852e-65,1.2166767583577827e-64
34.800000000000004,-2.363434873721345,0.5069971189353746,-0.0002869435902022467,-7.239210929461444e-5,3.260075548516852e-65,1.2166767583577827e-64
34.82,-2.3634471797399765,0.5069993932920286,-0.00054069347910964,0.00012269580671213788,3.260075548516852e-65,1.2166767583577827e-64
34.84,-2.3634466274986767,0.506997949970935,0.0004282645923657972,-0.00011952750211406147,3.260075548516852e-65,1.2166767583577827e-64
34.86,-2.3634431311742725,0.5069992456132537,-0.00024239504344700764,0.0001287248940598712,3.260075548516852e-65,1.2166767583577827e-64
34.88,-2.3634522844959003,0.5070003017098769,-0.00043705427706524914,-1.965182123502724e-5,3.260075548516852e-65,1.2166767583577827e-64
34.9,-2.3634537288528255,0.5069997838593043,0.0003172967087723633,-1.3073762461067322e-5,3.260075548516852e-65,1.2166767583577827e-64
34.92,-2.363445198376314,0.5069996708027471,0.00036950215755675086,-5.040192491186473e-5,3.260075548516852e-65,1.2166767583577827e-64
34.94,-2.363441419408038,0.5069954637338039,-3.313451953346851e-5,-0.00028530568302014345,3.260075548516852e-65,1.2166767583577827e-64
34.96,-2.363444986458257,0.5069932717833233,-0.00020744733677432518,0.00011424943564982737,3.260075548516852e-65,1.2166767583577827e-64
34.980000000000004,-2.363446062480519,0.506997587985893,0.00012069626311193838,0.00020302266449910954,3.260075548516852e-65,1.2166767583577827e-64
35.0,-2.3634436300396557,0.5069989988627924,-3.209005209193372e-5,-7.261053883962963e-6,3.260075548516852e-65,1.2166767583577827e-64
35.02,-2.3634473317621127,0.5069988961064528,-0.00020545697559761817,2.2705432663389274e-5,3.0896684160302694e-5,-8.278741569552565e-6
35.04,-2.363448471958291,0.5069996015710698,0.00010021071817975176,2.7772699917674302e-5,0.00024121307337976908,-6.463284821593824e-5
35.06,-2.3634453233496893,0.5069997356442538,0.00017154159931288978,-1.902577277223782e-5,0.0007942403028347343,-0.00021281604774081732
35.08,-2.3634296787144344,0.5069914462665971,0.001644530292162206,-0.0009541845850746871,0.0018362050675232251,-0.0004920096649807832
35.1,-2.363394568215961,0.5069706488159177,0.0016923652299124614,-0.0008921785065970991,0.0034968530219309677,-0.0009369789432767335
35.12,-2.3633470331291315,0.5069538020645348,0.0041083248873010035,-0.001885501623561319,0.005890032179692405,-0.0015782293659419048
35.14,-2.3632255093522425,0.5068827407691098,0.007452476358114355,-0.0029501031243374973,0.009114276313259808,-0.0024421629777320753
35.160000000000004,-2.3630361103560276,0.5068188076671721,0.01302450241629725,-0.004936695771926992,0.013253388353562127,-0.0035512347063130175
35.18,-2.362714737850934,0.5067358176492831,0.017363758196404573,-0.0038774609093759193,0.018377023789670318,-0.00492410868372969
35.2,-2.362299391795697,0.5066132015907168,0.02593668258213874,-0.006653423499230244,0.02454127406846841,-0.006575814567876962
35.22,-2.3617405956885156,0.5064746590802082,0.029865290900980494,-0.009234438991268884,0.03178924999430405,-0.00851790386396484
35.24,-2.3610142308096513,0.5062801039454675,0.04121441393633857,-0.009474335914390822,0.040151665128670314,-0.010758606245992078
35.26,-2.360140757096809,0.5060378484303446,0.04952230428429875,-0.013975848991746073,0.049647419189849225,-0.013302985878209519
35.28,-2.3590259709343013,0.5057564088404775,0.0588239545976023,-0.016023080723498825,0.060284181452599776,-0.01615309773659537
35.300000000000004,-2.357719541520398,0.5053954775085115,0.07391712346905145,-0.01850734384915169,0.07205897414779945,-0.019308143930318003
35.32,-2.35615436382323,0.5049837358540958,0.08298116155251971,-0.0235203042568715,0.08495875586211678,-0.022764630023207093
35.34,-2.354311913457619,0.5044952451424355,0.09991918342415541,-0.025641099022556336,0.09896100493769108,-0.026516521355226662
35.36,-2.352203108625575,0.5039237127548222,0.11319195338085367,-0.0306933513906604,0.11403430287176354,-0.030555399363935087
35.38,-2.349753942480528,0.5032803602806281,0.12999245929536646,-0.034736174432356354,0.1301389177163814,-0.034870617905964706
35.4,-2.3470039236165614,0.502534000299749,0.14689901548824094,-0.038854592706364904,0.14722738747801886,-0.03944945957847913
35.42,-2.343870196890911,0.501706675736071,0.16433705975060076,-0.04486105372342536,0.16524510351728774,-0.04427729204065451
35.44,-2.3403994352097595,0.5007708161502042,0.18532206252140088,-0.04825667067556348,0.18413089394855237,-0.04933772433513529
35.46,-2.336516453340237,0.49973288100140345,0.20138832566253656,-0.05535015352348654,0.20381760703964527,-0.05461276320951684
35.480000000000004,-2.332246786173252,0.49860323014461694,0.22625075707714518,-0.059050644794759015,0.22423269461148573,-0.06008296943780214
35.5,-2.327567409793076,0.4973402984786713,0.2429656512650097,-0.06500090098383231,0.24529879543776154,-0.06572761414187535
35.52,-2.3224362258174884,0.49599997883007124,0.2681385817734833,-0.0719640125287856,0.2669343186446182,-0.0715248351129774
35.54,-2.3169015593944087,0.49450397601747753,0.2879960261633929,-0.07549663926488788,0.2890540271102698,-0.07745179313316061
35.56,-2.310884962977033,0.4929086789186461,0.31115659134712614,-0.08511443755434492,0.31156962086472395,-0.08348482829677382
35.58,-2.3044541024792693,0.49119441665377184,0.3342279983820948,-0.0870360860390117,0.3343903204893842,-0.08959961633191477
35.6,-2.2975256598504346,0.48933489950558134,0.3568378069250137,-0.09706354814888894,0.3574234505167776,-0.09577132492191587
35.62,-2.290167359445659,0.4873923593900443,0.38047223037607714,-0.09937556337159155,0.3805750228301537,-0.10197477002679574
35.64,-2.282318239653959,0.485293468606869,0.4034444109168976,-0.1087983604376524,0.40375032006321543,-0.10818457220474585
35.660000000000004,-2.2740190008855796,0.4830869814215043,0.4269459446404445,-0.11358566655310359,0.42685447899972445,-0.11437531293358376
35.68,-2.2652654794552833,0.48073732802588104,0.4486150630491757,-0.11905661219106618,0.4497930739731908,-0.12052169093222867
35.7,-2.256039459883341,0.478294027185625,0.47308448356219573,-0.1275059466311032,0.4724727002665611,-0.1265986784821769
35.72,-2.2463800301085093,0.4757176126891916,0.4937709970578532,-0.12899606993878845,0.4948015575118262,-0.1325816777489555
35.74,-2.236270797885074,0.47302545813038854,0.5172115004146319,-0.14114795977861583,0.5166900330897499,-0.13844667710360853
35.76,-2.2257305548237984,0.4702151189134957,0.5368421617987421,-0.14022257677618405,0.5380512855294699,-0.14417040744414883
35.78,-2.214769329462046,0.4672969969432697,0.5602100543767121,-0.1513024519420344,0.5588018279082219,-0.1497304985170432
35.800000000000004,-2.203395062307842,0.4642774213027201,0.576680488947203,-0.15206547673272,0.5788621112509541,-0.1551056352386678
35.82,-2.191635224133549,0.4611239490434211,0.5998363428960672,-0.1616118062713148,0.5981571079300128,-0.16027571401678276
35.84,-2.179490661139374,0.45791702677411433,0.6148049994959194,-0.1619967045487958,0.6166168950648249,-0.1652219990720061
35.86,-2.1669826187919776,0.4545607319984314,0.6349572239267588,-0.16998899695810138,0.6341772379215183,-0.16992727875927074
35.88,-2.154148019885082,0.4511603549402249,0.6496948680371727,-0.17409999105769552,0.6507801733126355,-0.17437602188930668
35.9,-2.1409646125362882,0.44763810072037075,0.6667727437926505,-0.17482077937198853,0.6663745929967501,-0.1785545340500972
35.92,-2.1275005645502634,0.44404830793670913,0.6804285265503932,-0.1846594490771867,0.6809168270781747,-0.18245111392835928
35.94,-2.1137497984492017,0.4403935716887428,0.6949287342326405,-0.18300449559904358,0.6943712274065864,-0.18605620963100225
35.96,-2.0997414462384785,0.43665697497205347,0.7047936955911237,-0.1883495139315867,0.7067107509767262,-0.189362575006606
35.980000000000004,-2.085500487251008,0.4328699068083602,0.7185380252731429,-0.19133769383747362,0.7179175433280343,-0.19236542596688228
36.0,-2.0710684694379955,0.429026761398848,0.7270566119191253,-0.19209207447633697,0.7279835219443249,-0.1950625968081463
36.02,-2.056440530575052,0.425162756742202,0.7329119074503612,-0.19525626648487235,0.7369109596534631,-0.19745469653278902
36.04,-2.041692116364179,0.4212581138350255,0.7422740730915691,-0.1932322155814916,0.7447130680270062,-0.19954526517074
36.06,-2.0268252189597438,0.41737807618890566,0.7446797757880982,-0.1961692565786626,0.7514145807798891,-0.20134093010094184
36.08,-2.0118854586924044,0.41347986177949736,0.7494315643246513,-0.19374875954678433,0.757052337170069,-0.20285156237281396
36.1,-1.9968621329697065,0.40960322624811046,0.7518273359922772,-0.19307240355854685,0.7616758653982081,-0.2040904330277263
36.12,-1.9818068956400043,0.4057202163687896,0.7544965749546905,-0.19426682185865363,0.7653479660073195,-0.20507436942046353
36.14,-1.9667006397741182,0.4018598774830404,0.756290116532724,-0.19297977501404115,0.7681452952824529,-0.20582391154069948
36.160000000000004,-1.9515652708781142,0.3980018066859723,0.7564199674335382,-0.19316371426522347,0.7701589486503374,-0.20636346833446034
36.18,-1.936414837498079,0.39413088670222085,0.758663924489747,-0.19222196301103645,0.7714950440790567,-0.20672147402559657
36.2,-1.921237866280193,0.3902888660794024,0.7588162854672011,-0.1935078334721608,0.7722753054777171,-0.2069305444372528
36.22,-1.906073857620536,0.3864186323135037,0.7590015425611825,-0.1930886962586729,0.7726376460960972,-0.20702763331333277
36.24,-1.890877682949473,0.3825701832188218,0.7591344183470653,-0.19197426287193886,0.7727367519243292,-0.20705418863997274
36.26,-1.8757018238894547,0.37869556031546164,0.7590729731693142,-0.19384656791005944,0.7727406698483269,-0.20705520317625534
36.28,-1.860511001352006,0.37483886538912115,0.7601726728051422,-0.1929177006326898,0.7727413707588586,-0.2070525873425394
36.300000000000004,-1.8453246845827274,0.37097702548622746,0.758394311866544,-0.19402674952437035,0.772746069029295,-0.20703505315856316
36.32,-1.8301350454325918,0.3671026668524278,0.7598999693573382,-0.19226716110589023,0.7727610472239889,-0.20697915377495987
36.34,-1.814938327880095,0.3632472824010087,0.7596520100909522,-0.1936989742813733,0.7727949726897112,-0.20685254221321364
36.36,-1.7997560957647554,0.3593752880003067,0.7600197777567765,-0.19350234697715937,0.7728580428520828,-0.2066171611628011
36.38,-1.7845465470774777,0.3555283948138734,0.7599775349342284,-0.19192515249541606,0.772960931021737,-0.20623317728615384
36.4,-1.76934846330791,0.3516621253308954,0.7599535106162071,-0.19287447331336255,0.7731135999188538,-0.2056634092053787
36.42,-1.7541298201472832,0.3478216150375319,0.7619568252543752,-0.1916044473739853,0.7733240597878509,-0.20487796228132707
36.44,-1.738906907729114,0.3439898646564584,0.7608331428834627,-0.19262449800148765,0.7735971534205535,-0.20385876296885772
36.46,-1.7236629740978726,0.34016173940844696,0.7628881010265497,-0.18966530551071226,0.7739334513002591,-0.20260368219531819
36.480000000000004,-1.7083960913160905,0.3363607718868426,0.7632521057511131,-0.1902943572656769,0.7743283363189686,-0.201129951242347
36.5,-1.6931224925685604,0.3325632224499769,0.7654484573567183,-0.18922794189560946,0.7747713492442883,-0.1994766044966443
36.52,-1.6778061560936708,0.32880819873545014,0.7658032183308825,-0.18766593206323373,0.7752458536946089,-0.19770572977963002
36.54,-1.6624790376081178,0.3250470133613164,0.7669020548143927,-0.18681086498625982,0.7757290634120735,-0.19590236656334126
36.56,-1.6471124865500253,0.3213245481767678,0.769276397386085,-0.18533727630329067,0.776192455882821,-0.1941729623186665
36.58,-1.6317373359198346,0.3176122543599474,0.7692716222368089,-0.18640574574164803,0.7766025757746375,-0.19264237404521267
36.6,-1.616328059348671,0.3139193252440475,0.77092895879349,-0.18348162483819586,0.7769222102810049,-0.19144948182759727
36.62,-1.6009072615963644,0.3102330904636946,0.770417604198751,-0.18456463568214176,0.777111897369853,-0.19074155997447653
36.64,-1.5854843124363096,0.30654411242608687,0.7723695342312494,-0.18391229094709838,0.7771317082280305,-0.1906676248452164
36.660000000000004,-1.5700543765828467,0.3028699738401968,0.770616143573795,-0.1853551336826659,0.7769432279076102,-0.19137104297725188
36.68,-1.5546498378970577,0.29915576284046735,0.7699942434570205,-0.18510779345115003,0.7765116442505238,-0.1929817351132149
36.7,-1.5392542707078012,0.29543666641932476,0.768432842467955,-0.18671085898719814,0.775807845373002,-0.19560834828243595
36.72,-1.5239240550917335,0.2916596277367314,0.7658082498929472,-0.19050389804034198,0.7748104209164565,-0.19933078703097556
36.74,-1.5086309308506913,0.28785466550206096,0.7630572741492443,-0.19147087030559956,0.7735074622775624,-0.20419349487148908
36.76,-1.4934225283645914,0.2839700931504364,0.7571237385624301,-0.19642727778304903,0.7718980622331943,-0.2101998576067742
36.78,-1.4783041382603805,0.2800064611372122,0.7544508589340667,-0.19907546977176488,0.7699934246377589,-0.21730806188294546
36.800000000000004,-1.463280681440173,0.2759811066791614,0.7478985770167618,-0.20527989017449275,0.7678175098040737,-0.22542868659520113
36.82,-1.4484001958359836,0.2718260599993725,0.741020218982267,-0.20990683927856954,0.765407160163155,-0.23442423391911513
36.84,-1.4336218806917387,0.2675920086331401,0.7354125602235172,-0.21326585078118804,0.7628116730059622,-0.24411072386015142
36.86,-1.4189959319147105,0.2632378635697716,0.7271607859064723,-0.22183553131197814,0.7600918115455393,-0.2542613850199981
36.88,-1.4045298311706365,0.2587592345355463,0.7208530887050945,-0.22639046662636989,0.7573182710828642,-0.2646123789435495
36.9,-1.3901799409878899,0.25419994647537675,0.7131748756352921,-0.23072678722601372,0.7545696425259746,-0.27487040036899624
36.92,-1.3759934786955732,0.24949941430602546,0.704941208687641,-0.23791807592720837,0.7519299396972494,-0.2847219054426819
36.94,-1.3619473692624924,0.2447026705616654,0.7004776338353929,-0.24160323703441325,0.7494857786095149,-0.2938436388039899
36.96,-1.348007711974598,0.23984629765057508,0.6935987606711572,-0.24600486335727945,0.7473233151378355,-0.30191406234980955
36.980000000000004,-1.3341962406633134,0.2348746955230505,0.6871825017848824,-0.2500141734263958,0.7455250613511107,-0.30862523684676935
37.0,-1.3204691931259835,0.22985015855042903,0.6853235029652495,-0.25127603447439273,0.7441667094809046,-0.31369467504093496
37.02,-1.3068007930799201,0.2248150485835353,0.6822968789351932,-0.25393666925223823,0.7433140956100182,-0.3168766733263211
37.04,-1.2931860417373005,0.21973261958299506,0.6795624125702943,-0.25438178352732244,0.7430204324308415,-0.31797263923132046
37.06,-1.27957219613833,0.21465560431612676,0.6810320080895647,-0.2517641137752301,0.7433239318924505,-0.316839963820526
37.08,-1.2659316842576016,0.2096359147845136,0.6834244474690707,-0.25079520863373905,0.7442459245332725,-0.31339904044077316
37.1,-1.2522516654781908,0.20465372242984714,0.6857971568457393,-0.24814501939471978,0.7457895633465496,-0.30763810196108804
37.12,-1.2384755672101169,0.199749735780985,0.6913068093347117,-0.24133563648933476,0.7479391769442756,-0.2996156347977336
37.14,-1.2245724637609412,0.19497124024460064,0.6984132282159654,-0.23633371342827328,0.7506603105635409,-0.28946022587645204
37.160000000000004,-1.2105389172577492,0.1903029628075766,0.7063669812031936,-0.230784472992491,0.7539004652403907,-0.27736780399806654
37.18,-1.1963200403685421,0.18578817039019924,0.7158263063715433,-0.22083962144674002,0.7575905165029906,-0.2635963452035098
37.2,-1.1818943549780672,0.1814435744467931,0.7256066293263589,-0.21324987746230487,0.7616467654927015,-0.24845821788575873
37.22,-1.1672657484100706,0.17725733548604986,0.7380911170157846,-0.2045632643918465,0.7659735487765036,-0.23231044283726976
37.24,-1.152391129722321,0.17328179780619662,0.7498060549475297,-0.19449116576330155,0.7704663094594637,-0.21554323170221495
37.26,-1.1372823328162596,0.16947471948153814,0.7610128329329116,-0.18536233840427374,0.7750150126030457,-0.19856724046181823
37.28,-1.1219181096497766,0.1658662650175782,0.7745408123673139,-0.17491968415865172,0.7795077732860058,-0.18180002932676342
37.300000000000004,-1.106339963193341,0.1624436196503402,0.7828189079669555,-0.16573454990980754,0.7838345565698094,-0.1656522542782689
37.32,-1.090642698676135,0.1593233465559899,0.7879499542043424,-0.14891670657550105,0.7878908055595188,-0.1505141269605234
37.34,-1.074842560336808,0.15645031214437718,0.7897938825951308,-0.13552037049354354,0.79158085682212,-0.13674266816596198
37.36,-1.0589789454706355,0.1538572189370938,0.7968356072009752,-0.1248517035775012,0.7948210114989686,-0.12465024628758113
37.38,-1.0430675462581176,0.15148259302030212,0.7965567865733272,-0.11408599811728808,0.7975421451182338,-0.11449483736629956
37.4,-1.027077503314837,0.14928202939769478,0.7991652615075059,-0.10482247374783998,0.7996917587159599,-0.10647237020294513
37.42,-1.0110773707101912,0.14722244648415247,0.8021669466430336,-0.10133087867939908,0.8012353975292369,-0.10071143172325998
37.44,-0.9950411780831424,0.14526615039170404,0.8019869343542496,-0.09611900906546925,0.8021573901700589,-0.09727050834350713
37.46,-0.9789937748071739,0.14333534156601985,0.801909355278962,-0.09549202717963061,0.802460889631668,-0.09613783293271261
37.480000000000004,-0.9629405986882845,0.14142729432237722,0.8025468353792117,-0.09677291372549378,0.8021672264524911,-0.09723379883771287
37.5,-0.9469132503223896,0.13945794581122153,0.801865940197587,-0.09957673296804347,0.8013146125816049,-0.10041579712309814
37.52,-0.9308937285388219,0.13742451746595377,0.7992774144167377,-0.10512963149730514,0.7999562607113981,-0.10548523531726586
37.54,-0.9149112712458155,0.13525582000264572,0.7980389021981543,-0.11070281788746143,0.798158006924674,-0.11219640981422353
37.56,-0.8989680367781347,0.1329550957857129,0.7970452142077815,-0.12019046871932586,0.7959955434529945,-0.12026683336004322
37.58,-0.8830823531206693,0.1304753250205967,0.7926502375285035,-0.12839809312733402,0.79355138236526,-0.12938856672135124
37.6,-0.8672173805878436,0.12781234090112226,0.7910411417787088,-0.13768170701825722,0.7909116795365349,-0.1392400717950369
37.62,-0.8514440714305131,0.12493308657628747,0.7888957706978886,-0.14889376263090054,0.7881630509796452,-0.14949809322048357
37.64,-0.8356894130081152,0.12187932197996243,0.7850049682480754,-0.1586333461013428,0.7853895105169701,-0.159849087144035
37.660000000000004,-0.8200423675307624,0.1186016830585034,0.7811280128870822,-0.16745614384457894,0.7826696490565463,-0.16999974830388515
37.68,-0.8044441805622087,0.11518556736556922,0.7766810167938606,-0.17463033174163106,0.7800741618993544,-0.17968623824491806
37.7,-0.7889734800622991,0.11159766791521275,0.7716524274321667,-0.18268828740045062,0.777663812258435,-0.18868178556883503
37.72,-0.7735779045714578,0.10791926510352837,0.7676081587766115,-0.18673790548352265,0.7754878974247507,-0.19680241028108758
37.74,-0.7582921802992222,0.10411970487375546,0.7609834789730211,-0.1925392820767238,0.7735832598293151,-0.20391061455725892
37.76,-0.7430834310132421,0.1002432096684595,0.7592603813420344,-0.1941275357979605,0.771973859784947,-0.209916977292544
37.78,-0.7279504367708923,0.09631279774488821,0.7545352529959743,-0.19953338005341636,0.770670901146053,-0.2147796851330576
37.800000000000004,-0.7128887467286205,0.0923189866320789,0.7525686328786344,-0.20006497332271836,0.7696734766895071,-0.21850212388159826
37.82,-0.6978537231989331,0.08830979376307849,0.749808316392264,-0.2011052720358943,0.7689696778119857,-0.22112873705081823
37.84,-0.6828719506708734,0.08425441578130057,0.7489220089468056,-0.20284420456869118,0.7685380941548992,-0.22273942918678166
37.86,-0.6678965099035068,0.0802130083675218,0.7490349041989688,-0.20236923780500216,0.768349613834479,-0.22344284731881672
37.88,-0.6529359596511303,0.07616292332492454,0.7472106120402913,-0.20312482520211925,0.7683694246926565,-0.2233689121895566
37.9,-0.6379693634916503,0.0721119642841499,0.7487775613369073,-0.20087853713097986,0.7685591117815045,-0.22266099033643585
37.92,-0.6229867625448501,0.06809161113547751,0.7493302891908131,-0.20154137878485037,0.7688787462878719,-0.22146809811882048
37.94,-0.6080042446803456,0.06407149838777153,0.750294443465978,-0.20067596184033792,0.7692888661796884,-0.21993750984536664
37.96,-0.5929788299284274,0.06009096282932918,0.751277899164944,-0.19817326497343365,0.769752258650436,-0.2182081056006919
37.980000000000004,-0.5779434992942023,0.0561109746614206,0.7520794323080122,-0.19837686338781926,0.7702354683679007,-0.21640474238440247
38.0,-0.562878628273793,0.052162933386118916,0.7547918585786864,-0.19664771541303092,0.7707099728182212,-0.21463386766738882
38.02,-0.5477900711171689,0.04823977642578186,0.7543245801669956,-0.19697762544381273,0.7711529857435411,-0.21298052092168557
38.04,-0.5326809209871134,0.04431726821209034,0.7561757253263641,-0.19447788947356293,0.7715478707622503,-0.21150678996871494
38.06,-0.5175416870494295,0.04042632183875236,0.7570173693674543,-0.19464856547006767,0.771884168641956,-0.2102517091951754
38.08,-0.5024046673779624,0.03653042154843619,0.7580375819183028,-0.19481183088519383,0.7721572622746585,-0.20923250988270606
38.1,-0.48723421964251695,0.03266439201941237,0.758474718311814,-0.19306144098646283,0.7723677221436557,-0.20844706295865442
38.12,-0.4720648797230806,0.02878498666293863,0.7580829679982997,-0.19366915810333238,0.7725203910407724,-0.2078772948778793
38.14,-0.4568823951515233,0.024917760296314255,0.7600702037248233,-0.19268933681429057,0.7726232792104266,-0.20749331100123203
38.160000000000004,-0.44169715276180754,0.02106063731795882,0.7590010306926842,-0.19426213197530998,0.7726863493727982,-0.20725792995081943
38.18,-0.4265109133280737,0.01719079290219723,0.7596189639685472,-0.19252769962890492,0.7727202748385206,-0.20713131838907325
38.2,-0.4113100340307128,0.01333545035626023,0.7593500287219646,-0.19289888360251203,0.7727352530332144,-0.20707541900546997
38.22,-0.3961279202751239,0.009460913791459805,0.7600166781036902,-0.19371335034340717,0.7727399513036508,-0.20705788482149373
38.24,-0.38092755725035554,0.00561039300210508,0.7599243600936488,-0.19291850193772808,0.7727406522141825,-0.2070552689877778
38.26,-0.3657390503978562,0.001738950765699617,0.7587687193700908,-0.19348576690161115,0.7727367519243294,-0.20705418863997282
38.28,-0.3505411262853347,-0.0021258356011886314,0.7603877746290242,-0.1922710311347496,0.772637646096097,-0.2070276333133327
38.300000000000004,-0.33535023967809036,-0.005986489332657055,0.759307296662639,-0.19450437047796432,0.772275305477716,-0.20693054443725253
38.32,-0.3201665267136182,-0.009860026608552595,0.7594867580849965,-0.19328960083583824,0.7714950440790574,-0.2067214740255968
38.34,-0.3049770518731637,-0.013728538981832265,0.7582524451771997,-0.19374024399389186,0.7701589486503371,-0.20636346833446026
38.36,-0.28981797027153877,-0.017629822473016765,0.7582558245981168,-0.19500889455151765,0.7681452952824533,-0.2058239115406996
38.38,-0.2746618221257812,-0.021520834896562428,0.7573733963062466,-0.19567195864258885,0.76534796600732,-0.2050743694204637
38.4,-0.25954481673213714,-0.02545281453573138,0.7545904131816242,-0.1974384513843518,0.7616758653982071,-0.20409043302772606
38.42,-0.24444669773677047,-0.029405980203714297,0.7541791129194562,-0.19718929846820965,0.7570523371700685,-0.2028515623728138
38.44,-0.22939709344648504,-0.033388511508530616,0.7505644345684465,-0.20076951546548988,0.7514145807798889,-0.20134093010094178
38.46,-0.21445234605850938,-0.03736884333405559,0.7451988412709356,-0.19835709908179464,0.7447130680270062,-0.19954526517074
38.480000000000004,-0.1996218494000514,-0.041311405854934126,0.735788171916794,-0.19548760937618234,0.7369109596534602,-0.19745469653278824
38.5,-0.18497320575860868,-0.04523418400924001,0.7285843086373973,-0.1947126829560418,0.7279835219443245,-0.19506259680814617
38.52,-0.1705112455314666,-0.049075350419704865,0.7191975470279878,-0.19175565753427967,0.7179175433280304,-0.19236542596688122
38.54,-0.15625924707179845,-0.05287825135552437,0.7051793064476332,-0.18833178621042743,0.7067107509767268,-0.18936257500660614
38.56,-0.14223874836586128,-0.05662844917158237,0.6951774941344379,-0.18465054258111158,0.6943712274065865,-0.18605620963100228
38.58,-0.12848057329844337,-0.06028143573016037,0.6820703194134333,-0.18274925376397025,0.680916827078175,-0.18245111392835936
38.6,-0.1150106672943005,-0.06388416393210176,0.6652126178943367,-0.17739884980045004,0.66637459299675,-0.17855453405009716
38.62,-0.10181821786151364,-0.0674047094694303,0.6514306503910734,-0.1727491202872133,0.6507801733126357,-0.17437602188930676
38.64,-0.0889704739870501,-0.07082083856281614,0.635555789279224,-0.17082172373488377,0.6341772379215183,-0.16992727875927074
38.660000000000004,-0.07645950354378475,-0.07416684959218407,0.6150554515407387,-0.1634507380936187,0.6166168950648184,-0.16522199907200438
38.68,-0.06428781738164123,-0.07741551440090207,0.5998002311043805,-0.159648867182264,0.5981571079300125,-0.1602757140167827
38.7,-0.05252918353023947,-0.08053904753807242,0.5793688737634004,-0.15547631837796885,0.5788621112509472,-0.15510563523866597
38.72,-0.04113144544167011,-0.0835983214556651,0.5573859595683827,-0.14809564995553515,0.5588018279082219,-0.1497304985170432
38.74,-0.03016009160090343,-0.08651644407246153,0.5408382890164213,-0.1448175965120513,0.5380512855294696,-0.14417040744414875
38.76,-0.019609164414968315,-0.08932825319285335,0.5147901903687689,-0.136512970549341,0.51669003308975,-0.13844667710360856
38.78,-0.009477493923900515,-0.0920405884079141,0.4959147258150908,-0.1336783591128737,0.4948015575118262,-0.1325816777489555
38.800000000000004,0.00018249064512022088,-0.09461761813640505,0.4729091373299578,-0.12525160556575343,0.472472700266553,-0.12659867848217474
38.82,0.00942990666190288,-0.09708323152871777,0.4495830149973045,-0.12020520727039015,0.44979307397319085,-0.12052169093222868
38.84,0.018191455505748758,-0.09942009653934078,0.42764832484720183,-0.11430935414276784,0.42685447899971646,-0.11437531293358162
38.86,0.026502909619739563,-0.10163911597529435,0.4034349877069737,-0.10730706779988873,0.4037503200632155,-0.10818457220474588
38.88,0.03435121864266569,-0.10374401532316109,0.38135081399691784,-0.10225236686711098,0.3805750228301538,-0.10197477002679578
38.9,0.041740266769728286,-0.10570152799860237,0.35722762904852445,-0.09490943198908133,0.3574234505167773,-0.0957713249219158
38.92,0.04866158180412951,-0.10755614208688427,0.33541211414740507,-0.08893654635897455,0.3343903204893842,-0.08959961633191477
38.94,0.05512691126125918,-0.10927743277609325,0.3105738433026852,-0.08431227219245596,0.31156962086472373,-0.08348482829677377
38.96,0.06113871194536215,-0.11088465614807554,0.29031428819707916,-0.07624677504131436,0.2890540271102698,-0.07745179313316061
38.980000000000004,0.06669020913546991,-0.11237309122452517,0.26660256729790993,-0.0719125943671596,0.2669343186446102,-0.07152483511297526
39.0,0.07183238455565395,-0.11373549342890792,0.2453760411099296,-0.06563338324850977,0.24529879543776142,-0.06572761414187532
39.02,0.07651695397515437,-0.11499898528930647,0.22542617449243157,-0.059344157041884234,0.22423269461147818,-0.060082969437800116
39.04,0.0808100579227843,-0.11613511352313222,0.2025406251349271,-0.05495858809738728,0.2038176070396451,-0.0546127632095168
39.06,0.08468834208100717,-0.11716948922881545,0.18573023837314112,-0.048521863826506785,0.18413089394855203,-0.0493377243351352
39.08,0.08817922658560455,-0.1181046159091666,0.16411105345115307,-0.04458836598335955,0.16524510351728786,-0.04427729204065454
39.1,0.09131474107933378,-0.11894006787110575,0.14815050588929943,-0.03950398444413294,0.14722738747801886,-0.03944945957847913
39.12,0.09407615180273851,-0.11968819463306504,0.12994729015663933,-0.03496366957874741,0.13013891771638117,-0.03487061790596465
39.14,0.09653443228321162,-0.12034050765423282,0.1140966679478454,-0.030613353247566567,0.11403430287176332,-0.030555399363935025
39.160000000000004,0.09864934090669374,-0.1209121594011457,0.09994980650425771,-0.026276850554980778,0.09896100493768525,-0.0265165213552251
39.18,0.10050172706116502,-0.12140198907138065,0.08338019718993431,-0.022943579023230878,0.08495875586211704,-0.022764630023207166
39.2,0.10206790055150594,-0.12182015780811702,0.07422171337924344,-0.01899270891541828,0.07205897414779473,-0.01930814393031674
39.22,0.10338311879071042,-0.12217626832490025,0.058573902972879045,-0.0162918961399766,0.06028418145259912,-0.016153097736595193
39.24,0.10450138384814203,-0.12246757279912557,0.050491185016223634,-0.013363086301904562,0.04964741918984901,-0.013302985878209462
39.26,0.10537488791621795,-0.1227090079612178,0.040920996644835866,-0.010509497101471596,0.04015166512867017,-0.010758606245992038
39.28,0.10611278272935568,-0.12290036851033487,0.029952903174333554,-0.008740184751054836,0.031789249994304075,-0.008517903863964846
39.300000000000004,0.10666686064517394,-0.12305130519681429,0.026806178010947843,-0.0065318909177417405,0.02454127406846567,-0.006575814567876227
39.32,0.10708874614569047,-0.12316796177206576,0.016548880006003196,-0.005077217679517783,0.018377023789669298,-0.004924108683729417
39.34,0.10742076316818436,-0.12325356888217351,0.014292672940375352,-0.0034014300967654975,0.013253388353560335,-0.003551234706312538
39.36,0.1076120210681049,-0.12332468289392,0.0073750796456713,-0.004613598673533993,0.009114276313259893,-0.002442162977732098
39.38,0.10777553413912065,-0.12337823596075671,0.007403763525557167,-0.0005938465504804251,0.005890032179692287,-0.0015782293659418734
39.4,0.10786380211729811,-0.12340668820074954,0.0020034026385919654,-0.0029573551149858703,0.0034968530219297413,-0.0009369789432764049
39.42,0.10791200989992908,-0.12344034361399281,0.0032067010395768346,0.0006744621697768994,0.0018362050675226262,-0.0004920096649806227
39.44,0.10795853060296641,-0.12341659468664098,0.0010148658979636693,-0.00027898894313151124,0.0007942403028345278,-0.000212816047740762
39.46,0.10795217983167074,-0.12346120236975856,-0.0015167927619704651,-0.002679376308567261,0.00024121307338073977,-6.463284821619834e-5
39.480000000000004,0.10792015739880516,-0.12347234378981042,-0.0008307858618250384,0.0015338706480102421,3.0896684160579586e-5,-8.278741569626758e-6
39.5,0.10793146792836565,-0.12345533950087369,0.0008613884599789963,-0.0011099475087046908,9.27713419004286e-80,-1.0120510025501302e-79
39.52,0.10791943792125368,-0.12347244935559319,-0.0019239264458093327,0.00043634172647800815,9.27713419004286e-80,-1.0120510025501302e-79
39.54,0.10788919728744856,-0.12344704541138382,-0.00034686595913293634,0.0013164207082027393,9.27713419004286e-80,-1.0120510025501302e-79
39.56,0.10791100482243562,-0.12343561531861161,0.0017644637688766494,0.0004174498177190031,9.27713419004286e-80,-1.0120510025501302e-79
39.58,0.10791498704416333,-0.12341436013330088,-0.0014376670997541703,0.0011827474343504177,9.27713419004286e-80,-1.0120510025501302e-79
39.6,0.10789229071157808,-0.12339856618310886,0.00014532978839680493,0.00043306590129862753,9.27713419004286e-80,-1.0120510025501302e-79
39.62,0.10790854371543725,-0.12338710983132387,0.0007946242449710035,0.0007255831489242086,9.27713419004286e-80,-1.0120510025501302e-79
39.64,0.10791156839200217,-0.12337909038276071,-0.00021195383587064478,0.00022315836424804294,9.27713419004286e-80,-1.0120510025501302e-79
39.660000000000004,0.10791499610461036,-0.1233695002182944,0.00041750282650496,0.00047968907459790397,9.27713419004286e-80,-1.0120510025501302e-79
39.68,0.10791533955117937,-0.12337086287013324,-0.00027501323419666874,-0.00033435627456628026,9.27713419004286e-80,-1.0120510025501302e-79
39.7,0.10791004378660927,-0.12337438757563153,-0.0001420075569435818,6.20489408134841e-5,9.27713419004286e-80,-1.0120510025501302e-79
39.72,0.10791115165030374,-0.12337259094584932,0.00022893958322161887,-6.923990834678443e-5,9.27713419004286e-80,-1.0120510025501302e-79
39.74,0.10791202993680325,-0.12337367242576901,-0.0001945317350833229,4.644926097205799e-5,9.27713419004286e-80,-1.0120510025501302e-79
39.76,0.10791071130930426,-0.12337331761709008,0.00021938154005305218,1.721052725283293e-5,9.27713419004286e-80,-1.0120510025501302e-79
39.78,0.10791959401208603,-0.1233731847008717,0.0004644673464993644,-4.596070202617108e-5,9.27713419004286e-80,-1.0120510025501302e-79
39.800000000000004,0.10792120506324811,-0.12337457403463116,-0.0003102796048451613,-8.859616023783952e-5,9.27713419004286e-80,-1.0120510025501302e-79
39.82,0.10791720394427297,-0.12338002456090841,0.00010785123792466189,-0.00040667975227918866,9.27713419004286e-80,-1.0120510025501302e-79
39.84,0.10792298580765985,-0.12338345849776514,0.00019713217230401614,0.00016005691829100465,9.27713419004286e-80,-1.0120510025501302e-79
39.86,0.10791794334200966,-0.12338001629528161,-0.0005570028887234234,6.322502695466112e-5,9.27713419004286e-80,-1.0120510025501302e-79
39.88,0.10791165513533217,-0.12338211356429436,0.0001509087000782612,-0.0002441789829282987,9.27713419004286e-80,-1.0120510025501302e-79
39.9,0.1079209439772283,-0.12338556341259767,0.0005084351981630711,-7.14194495444954e-6,9.27713419004286e-80,-1.0120510025501302e-79
39.92,0.10792324505558837,-0.12338254687346681,-0.000311535042191063,0.00021482924218638966,9.27713419004286e-80,-1.0120510025501302e-79
39.94,0.10791615828377721,-0.1233794902178332,-0.00014441698311573196,7.776219691517631e-5,9.27713419004286e-80,-1.0120510025501302e-79
39.96,0.10791963493575205,-0.12338039920929098,0.00036976524859838546,-0.00014570429905485678,9.27713419004286e-80,-1.0120510025501302e-79
39.980000000000004,0.10792414951620143,-0.12338276733690008,-2.7673856179236796e-5,-2.9017787209773903e-5,9.27713419004286e-80,-1.0120510025501302e-79
