t,Xo,Yo,Vx,Vy,Vx_des,Vy_des
0.0,0.0,0.0,0.0,0.0,0.0,0.0
0.02,-6.550413498076228e-7,1.0973257201030079e-6,-0.00023952827370786939,0.0005465669140686383,2.7701209189437715e-5,1.5993300582399995e-5
0.04,-2.2563818952539918e-5,6.740823540636803e-5,-0.0021446184089102902,0.0036328804692883844,0.00021626572515858733,0.00012486107463679998
0.06,-6.810983414709583e-5,1.645915951487786e-5,-0.001131803773559232,-0.006177079850897129,0.0007120963745288708,0.0004111290335232
0.08,-5.590331111675266e-5,7.347360716711759e-5,0.0011637821133976649,0.01353937318508735,0.0016462964254121098,0.0009504896843776001
0.1,-4.007713475625506e-5,0.000289754287710661,0.0006935013894247617,0.0018533950070868824,0.003135192649239914,0.0018101043200000001
0.12,-2.7838966801900378e-5,0.0002900627901070963,0.0002751690050052446,0.00811011309797154,0.0052808583825930695,0.0030489050087424
0.14,-1.3085943960664522e-5,0.000671105299021958,0.001543677543367481,0.019781941896905672,0.00817163658903093,0.004717896584396801
0.16,3.446085617951062e-5,0.0008694278006050503,0.003464795174465415,0.007482888166076935,0.011882662920920786,0.006860458636083199
0.18,0.00011853899406590335,0.0012272533870375743,0.004871231595153996,0.02138788483204095,0.01647638878126729,0.009512647498137596
0.2,0.000247061364736922,0.0014603547496383235,0.011020221177017526,0.005646652315996202,0.022003104385541823,0.012703498240000005
0.22,0.0005753615005780007,0.0017905133054847075,0.02053727006304232,0.031173166714082635,0.028501461823511834,0.016455326656102394
0.24,0.0009993658439737482,0.0024031848266438606,0.0218629431776196,0.02182009874725634,0.03599899812107036,0.0207840312557568
0.26,0.001529887715620864,0.0027720505768631413,0.03131367614699935,0.024685667857578246,0.04451265830206527,0.025699395253043208
0.28,0.002219279159385601,0.003544594812109954,0.035600381232671244,0.04458932196686772,0.054049318450128704,0.03120538855669761
0.3,0.0029648519866229944,0.004216755332513697,0.04260246216642843,0.023453760061029266,0.0646063087705065,0.037300469759999996
0.32,0.003943068144124083,0.004825971250306111,0.053897675167952255,0.04339504291747552,0.07617193665188755,0.04397788813066239
0.34,0.005085238261993652,0.0056683816677903995,0.060074789213127824,0.032269595838752115,0.08872600972823325,0.05122598560071681
0.36,0.006349947843568147,0.006395535569842256,0.06692747150533394,0.049273892860342006,0.10224035894060661,0.059028498756403175
0.38,0.007888446055659436,0.007466562952090156,0.08651044857668388,0.04723063394760725,0.11667936159900219,0.06736486082805758
0.4,0.009757704631890466,0.008257617248236844,0.09888659302407418,0.04329895786085807,0.132000464444175,0.07621050368000003
0.42,0.011840236601428796,0.0093888474117101,0.11006865199607468,0.06075341164769044,0.14815470670946976,0.0855371598004224
0.44,0.014140767690959214,0.010426678814834976,0.11907058229191739,0.052399807729368746,0.16508724318265106,0.09531316429127677
0.46,0.01663683875337227,0.01177693926937761,0.13573407072306673,0.07943259777924332,0.18273786726773208,0.1055037568581632
0.48,0.019607076827801596,0.01325296261168803,0.1586298231901886,0.06317839315862216,0.201041534046804,0.11607138380021759
0.5,0.022917115244322016,0.014615277225635137,0.17110745116798676,0.0822535316604256,0.21992888334186583,0.126976
0.52,0.026519334029919128,0.01653837624460431,0.190838260257167,0.10106454133717618,0.2393267627766533,0.13817537091338244
0.54,0.030485460503225058,0.018409719828098994,0.2037633962660246,0.09498973378292809,0.25915875083846834,0.1496253745594368
0.56,0.034686047696653635,0.020601200669136413,0.22032219240981712,0.1219249143817059,0.27934567994000903,0.16128030351032321
0.58,0.03936528075526359,0.02296024324963886,0.24570825112688416,0.11017102206437475,0.2998061594811981,0.17309316688117754
0.6,0.04443659388837673,0.02528412791722464,0.2598126174518835,0.13089944517398622,0.32045709891101337,0.18501599232000004
0.62,0.04984902482329374,0.02810827338509285,0.2817224254788562,0.14236151060964594,0.3412142307893155,0.19700012799754235
0.64,0.055647268279746476,0.030751814432172578,0.2957652671076156,0.13219290509639228,0.3619926338486795,0.20899654459719672
0.66,0.061654758802302645,0.03370027960050487,0.3060094810136067,0.1654016243246456,0.38270725605622263,0.22095613730488312
0.68,0.06799634654079374,0.03702479121593372,0.3252479109277265,0.16033325748305788,0.4032734376754342,0.23283002779893766
0.7000000000000001,0.07460623195674451,0.04031029921132858,0.33502464228037454,0.1770626713686292,0.42360743432800424,0.24456986623999993
0.72,0.0815902398002735,0.04400545428783232,0.36547279484745737,0.18756333199741113,0.44362694005565495,0.2561281332609023
0.74,0.08920263670815626,0.0476663281048628,0.3912610003325441,0.18798345757387994,0.463251610381968,0.26745844195655677
0.76,0.09719714419730048,0.05168180136413036,0.41027547848114104,0.2119545974093088,0.4824035853742143,0.27851583987384315
0.78,0.10564675823275323,0.05580784498021889,0.4307459722778445,0.20452888325258747,0.5010080127051845,0.28925711100149765
0.8,0.11436194218904412,0.06009682436836665,0.43885232313420525,0.23129075808816085,0.5189935707150174,0.29964107776000026
0.8200000000000001,0.12328701438668274,0.06473938015287166,0.45216142375551166,0.22686439138667566,0.5362929914730282,0.30962890299146245
0.84,0.13248226518788397,0.06928016600328406,0.46451912146754254,0.23828794577600526,0.552843583839542,0.3191843919495169
0.86,0.14191875010915544,0.07424419413470167,0.4803780622546427,0.2558640751662304,0.5685877565277179,0.32827429428920324
0.88,0.15175430164160222,0.07924093022607347,0.49846732082087025,0.2522421424195175,0.5834735411653823,0.3368686060568576
0.9,0.16185252438139647,0.08446648044756705,0.5120140984605912,0.27311938014396325,0.5974551153568569,0.34494087168000015
0.92,0.1723618917270862,0.08978697658304323,0.5344511890480865,0.2576385641558644,0.6104933257447867,0.35246848595722235
0.9400000000000001,0.18318882138323508,0.09495208590359765,0.5444053187356226,0.2700819270661553,0.6225562110719727,0.3594329960480768
0.96,0.19414883107493436,0.10047502159959024,0.5493044721634417,0.27843807338774756,0.6336195252431981,0.3658204034629632
0.98,0.20523422244009948,0.10583935140751571,0.5561845135715173,0.2710074282275881,0.6436672603870605,0.3716214660530182
1.0,0.2164104387969231,0.11143775486878665,0.5621065379252106,0.289211019918568,0.6526921699177957,0.3768320000000002
1.02,0.2278516182354329,0.11703152249576293,0.5797296595775357,0.27762376330813515,0.6606962915971166,0.38145318180618265
1.04,0.23951667407911167,0.12267780165540995,0.5813980982512679,0.2921531692171048,0.6676914705960336,0.385491850284237
1.06,0.2512190528850522,0.12846622421357093,0.5906048850753944,0.2884176674207192,0.6736998825566891,0.3889608085471236
1.08,0.2630750559167391,0.13427416690510988,0.588686505825808,0.3004755790802771,0.6787545566541826,0.3918791259979773
1.1,0.2749059679659057,0.14025193034258662,0.5963709039531351,0.2954621767269575,0.6828998986584079,0.3942724403199999
1.12,0.28693316014878384,0.14609620521679617,0.5999337076300585,0.29875455402232964,0.6861922139958728,0.39617325946634235
1.1400000000000001,0.29891200875292706,0.15209686107031611,0.5993730097796343,0.30176777147885037,0.6887002308115342,0.39762126364999656
1.16,0.3110567019041985,0.15799102284066754,0.6077476755480011,0.2972564423105289,0.690505623030628,0.3986636073336832
1.18,0.3231496862785471,0.16400184803874915,0.602331616130617,0.30589678901561534,0.6917035334204941,0.3993552212197375
1.2,0.33534729963244325,0.16995518122887415,0.6122867130443956,0.2974706181112501,0.6924030966524125,0.39975911424000077
1.22,0.3475507400020369,0.1759347852751427,0.605056584263519,0.3049787063471446,0.6927279623634206,0.39994667554570174
1.24,0.3597478456674492,0.18191339445581708,0.6137827225968779,0.2971100398210496,0.6928168182181629,0.3999979764973563
1.26,0.3719891674896758,0.18787135445760883,0.6050169826895387,0.3068904645861025,0.6928203059942757,0.40000002950249836
1.28,0.3840915560479384,0.19396433103185418,0.6084023954201018,0.30053263695009846,0.6928189519391066,0.40000237479484735
1.3,0.39636354878459873,0.19987469946065667,0.611438647147873,0.30027619656425036,0.6928098755775999,0.4000180955141249
1.32,0.4085265271540455,0.20590384247689614,0.6057192334973129,0.30495556795396445,0.6927809399274278,0.400068213530373
1.34,0.4207510955238143,0.21187230084454844,0.610872737724168,0.30036462561159244,0.6927154009604076,0.4001817303511275
1.36,0.432908448366498,0.21793412939775064,0.6047543369125556,0.307970564349383,0.6925935587630017,0.4003927672275406
1.3800000000000001,0.44514074569158346,0.22392902796735678,0.6136881352838398,0.2996224544382794,0.6923947940824244,0.4007370377530504
1.4000000000000001,0.45736299554403714,0.2299402733184574,0.6057657865031895,0.30653082242357454,0.6920998604212322,0.40124787783909777
1.42,0.4695668316745878,0.2359512520206985,0.6132668981149058,0.29853723609911514,0.6916932831755087,0.4019520902858922
1.44,0.4817959407833451,0.2419425666389098,0.6041730727016474,0.3089184151316973,0.6911657067898637,0.40286587939070295
1.46,0.49387861524521093,0.24807838768055326,0.6074505666156869,0.303888027385749,0.6905160291751957,0.403991154027848
1.48,0.5060994000130844,0.25407173427068896,0.6073758993068389,0.3045236573017129,0.6897531698992238,0.4053124650528566
1.5,0.5181928281566417,0.26018089187367544,0.6029812786005125,0.3080811402430612,0.6888973346473314,0.4067948151920428
1.52,0.5303578579567076,0.2662041096304201,0.606930192051138,0.30426017692625934,0.6879806624408238,0.4083825380276001
1.54,0.5424094205646879,0.2723611646806171,0.5984308613012812,0.31334439631312855,0.6870471729495978,0.40999938925473506
1.56,0.5545184220906035,0.27846997848275123,0.6068597898777014,0.3055183805911856,0.686151967439192,0.41154993068197354
1.58,0.5665928849628563,0.2846064932550574,0.5978123072261076,0.31367704675901364,0.685359676648431,0.4129222185859405
1.6,0.5786255881573283,0.29075679805589966,0.6050241638095559,0.30480035240383874,0.6847421901990842,0.4139917364891945
1.62,0.5907043691522812,0.29686265691663005,0.596978220611236,0.31367234116377385,0.6843757428830204,0.4146264418589144
1.6400000000000001,0.6026570238083461,0.303104905270534,0.6014995906021805,0.31006192218512024,0.6843374712439111,0.41469273028234055
1.6600000000000001,0.6147584094016244,0.30920698834696736,0.6014532345500716,0.30982815023006827,0.6847015872623935,0.41406206283847946
1.68,0.6267202585244758,0.3154404901758748,0.5954507059627261,0.3143252176063901,0.6855353428635618,0.41261795577616084
1.7,0.6387530121636049,0.321570343253703,0.6015936680051472,0.3082710110990974,0.6868949778881845,0.4102629988337641
1.72,0.6507239029054689,0.32777215999087356,0.5960759773748997,0.31429262815479236,0.6888218539728841,0.4069255515551749
1.74,0.6628253418991431,0.333865763937016,0.6095346873528767,0.30174072814950137,0.6913389767726722,0.4025657669770519
1.76,0.6749871921168009,0.3399152255864297,0.6025784139854591,0.30946942568319463,0.6944480989080446,0.39718060947164996
1.78,0.6871171071812214,0.34595459402887485,0.6112153144452334,0.2961914852149269,0.6981275761943486,0.3908075678664757
1.8,0.6993717705864071,0.3518436917045284,0.6081363720326722,0.3017149311286295,0.7023311208616718,0.3835268149307868
1.82,0.71157045032112,0.35777676442058703,0.6136644830583302,0.2888200874158619,0.7069875587987726,0.375461627841437
1.84,0.7240382912847191,0.36336824629292813,0.6260661804703501,0.2826814026023538,0.7120016549526401,0.36677695854890263
1.86,0.7365116637527068,0.3690022884350394,0.6209825962833103,0.2795308186421786,0.7172560238097427,0.3576761247266934
1.8800000000000001,0.7490560343511579,0.37438852834081066,0.6288668532295523,0.27175314521923627,0.722614092536053,0.3483956774622781
1.9000000000000001,0.7615914327992457,0.3798719553881408,0.623794445858541,0.2745859156049231,0.7279240351560047,0.3391985870592464
1.92,0.7741705168666586,0.3850173338956738,0.6340233209188012,0.2510977554696945,0.7330235494279917,0.3303659692462421
1.94,0.7869335092031761,0.39007969768242473,0.6383722491772181,0.25879800573624867,0.7377453060644998,0.32218764685083473
1.96,0.799803494890275,0.3950076186237047,0.6505948549637255,0.2387983000630219,0.7419228646959031,0.3149519030496464
1.98,0.8129220541742821,0.39978146233880996,0.6547151947541188,0.24744896858681972,0.7453968242455417,0.3089348286062332
2.0,0.8260532668535964,0.404519871587985,0.6581191573774111,0.2253520955780692,0.7480209585507827,0.3043896946636714
2.02,0.8392600511828462,0.40900173112332355,0.6593598545981594,0.2358675494747631,0.7496680820662655,0.3015367930485137
2.04,0.8525366023969324,0.4136574867174979,0.6682733685987892,0.22675555931049612,0.7502353957642593,0.30055417689975844
2.06,0.8660073860033044,0.4181137082678161,0.6741283693212355,0.23040755533462728,0.7496490798277936,0.30156970589100446
2.08,0.8794154781364609,0.42278714062018247,0.6640389641846105,0.234283778845706,0.7478679268209562,0.30465475339490106
2.1,0.8927352795129938,0.427254895513597,0.6668190729659967,0.22678751349483045,0.7448858456285437,0.30981986953245505
2.12,0.9060610475821402,0.4319298909736342,0.6649967576794152,0.23998172783977925,0.7407331110473714,0.31701261681739373
2.14,0.9193991118312037,0.43656567595206486,0.6655170701064408,0.23534535875906898,0.7354762845681088,0.32611770736605006
2.16,0.9326259698115708,0.4414597018655226,0.6535638156138377,0.2572132217073352,0.7292167864010286,0.336959476221317
2.18,0.9457003484746822,0.44645133043023677,0.6568047799957694,0.24626561610152928,0.7220881547712755,0.349306628392492
2.2,0.9588454609419733,0.4514436474807835,0.6517882384818514,0.26004269825831555,0.7142520834572353,0.3628791020401426
2.22,0.971737174007602,0.45680096526401204,0.6367679593142928,0.279042159057974,0.7058933800200732,0.37735680107870795
2.24,0.9844640301738118,0.46237518388791016,0.6338481787481777,0.2832697386381425,0.6972140328700601,0.39238987131905884
2.2600000000000002,0.9970352684140081,0.46812687702672434,0.6199013293151432,0.2961098070511413,0.6884266131850418,0.4076101286809414
2.2800000000000002,1.0093108011964438,0.4741319467642014,0.6058486188193054,0.3084585817117044,0.6797472660350287,0.4226431989212922
2.3000000000000003,1.0213059227578374,0.48038377866624327,0.5919103257198103,0.3212368573377082,0.6713885625978666,0.4371208979598576
2.32,1.0330507565993836,0.4868631084048276,0.5808736090625436,0.32969727151740763,0.6635524912838267,0.4506933716075079
2.34,1.0445816491145057,0.4935200908151874,0.569743414655523,0.33932652979976263,0.6564238596540735,0.46304052377868293
2.36,1.055921678914796,0.5003171711259782,0.5626109536106356,0.343955409382959,0.6501643614869934,0.4738822926339498
2.38,1.0670943202457883,0.5072065299512591,0.552260492882105,0.3490694276728812,0.6449075350077308,0.48298738318260614
2.4,1.0780745965531053,0.5142221879101236,0.5438637816070013,0.3549673468589177,0.6407548004265584,0.49018013046754483
2.42,1.0889260059782444,0.5213223316108497,0.5390218628298131,0.35915101847774644,0.6377727192341459,0.4953452466050989
2.44,1.0996752279578759,0.5285011843702747,0.535299055988226,0.3612502686173687,0.6359915662273085,0.49843029410899553
2.46,1.1103878209808833,0.5357092908633077,0.5323545907335746,0.3632406220899182,0.6354052502908427,0.4994458231002415
2.48,1.1210673377457936,0.5429331546523624,0.5348592348854063,0.3609109523260365,0.6359725639888366,0.4984632069514862
2.5,1.1317607944099592,0.5501225916599173,0.5317083708333904,0.36295870527767204,0.6376196875043194,0.49561030533632855
2.52,1.1424803389358604,0.5572754338415975,0.5402556798318899,0.3522664605123677,0.6402438218095604,0.4910651713937667
2.54,1.1532982576484392,0.5642969868557365,0.5368301006613827,0.3553229914830823,0.643717781359199,0.4850480969503536
2.56,1.164063796120313,0.5713530521062242,0.5433737449165363,0.3491891155515183,0.6478953399906022,0.47781235314916526
2.58,1.1750595753055098,0.5782044145306782,0.5489355258572066,0.3439364437548639,0.6526170966271103,0.4696340307537578
2.6,1.1860000532119603,0.5851453212894099,0.5471968061569068,0.34810364097063057,0.6577166108990974,0.46080141294075355
2.62,1.1971451927497134,0.5919051343973287,0.5639818682746163,0.33380473939176414,0.6630265535190492,0.4516043225377217
2.64,1.2084314610068874,0.5985677508520659,0.5633036202469517,0.33483203650440657,0.6683846222453593,0.4423238752733065
2.66,1.219893252081703,0.605077110223915,0.5816785443751182,0.31730384759483254,0.673638991102462,0.4332230414510972
2.68,1.2315593148382482,0.6113916946032406,0.5804129077133422,0.32109669252517997,0.6786530872563296,0.4245383721585629
2.7,1.2432311125515247,0.617745330247459,0.5903288547888791,0.312679613082223,0.6833095251934304,0.41647318506921305
2.72,1.2551696897842233,0.6238890938346192,0.5959829991965363,0.3095009581118997,0.6875130698607534,0.4091924321335242
2.74,1.2670711111353303,0.6301069805823621,0.5980524746252378,0.30969516284434523,0.6911925471470576,0.40281939052834986
2.7600000000000002,1.279209878436508,0.636090789889701,0.6099932628336607,0.2976613783800615,0.6943016692824299,0.397434233022948
2.7800000000000002,1.2913767732728922,0.642078577391606,0.6070138623450743,0.3016997141007601,0.696818792082218,0.39307444844482503
2.8000000000000003,1.3036585103291813,0.6479898733794599,0.6173251321301801,0.2944363718353373,0.6987456681669175,0.38973700116623583
2.82,1.3159565586949709,0.6539184265812207,0.6121219238910575,0.3014562923387159,0.7001053031915403,0.3873820442238391
2.84,1.3283523101369745,0.6597723691593008,0.6267872323287534,0.2859735190636581,0.7009390587927086,0.3859379371615205
2.86,1.3408962473318013,0.6654914601334008,0.6225727625953648,0.29171121836441305,0.701303174811191,0.3853072697176594
2.88,1.3533427898586725,0.6713253339534004,0.6252473262198391,0.29097767687590936,0.7012649031720817,0.38537355814108554
2.9,1.3658823044486539,0.6770895867373954,0.623075036071933,0.29328887900011746,0.7008984558560178,0.3860082635108054
2.92,1.3782653769501894,0.68302244651832,0.6176720959272184,0.29731379536909114,0.7002809694066711,0.3870777814140594
2.94,1.3907459592712943,0.6888144770703379,0.6249547740194072,0.2900809740712534,0.69948867861591,0.3884500693180264
2.96,1.4031474578860654,0.6946933422499367,0.6150067585396355,0.3006637546658519,0.6985934731055042,0.3900006107452649
2.98,1.4155578393986246,0.7005838189876791,0.6257277553851838,0.2896574982645335,0.6976599836142783,0.3916174619723998
3.0,1.4280527983367288,0.7064037391957859,0.6193796003435997,0.29705216782561633,0.6967433114077707,0.39320518480795713
3.02,1.4404401475132682,0.7123105949540507,0.6217158575804155,0.29412349693145295,0.6958874761558783,0.3946875349471433
3.04,1.4528299879904996,0.7182113822099196,0.6126723980651472,0.3021762706543415,0.6951246168799063,0.39600884597215186
3.06,1.4650695064398211,0.7242722309628828,0.6155003161100129,0.2996910288254843,0.6944749392652384,0.397134120609297
3.08,1.4774824882996935,0.7301552597059293,0.6195925915536065,0.2969488429440124,0.6939473628795934,0.39804790971410775
3.1,1.4897855521487426,0.7361370045831026,0.6126756029091645,0.30193267817129554,0.6935407856338699,0.39875212216090217
3.12,1.502120853424453,0.7420801917996388,0.615325222464773,0.2984636327284848,0.6932458519726776,0.3992629622469495
3.14,1.5143373649922676,0.7481415432489297,0.6072781922894003,0.3078584017967594,0.6930470872921004,0.39960723277245935
3.16,1.5265980879762866,0.7541517542429906,0.6164056400959464,0.29877176600606803,0.6929252450946944,0.39981826964887246
3.18,1.5388665341154983,0.7601594299952,0.6072631969271567,0.30567486746347133,0.6928597061276742,0.39993178646962696
3.2,1.5510670565108573,0.76621494930825,0.6142456900982773,0.29892429242558627,0.6928307704775022,0.399981904485875
3.22,1.5633296065808777,0.7721993279722271,0.607608398090962,0.3068746001711248,0.6928216941159955,0.3999976252051526
3.24,1.5754827221168035,0.7782992740432331,0.6109200152821584,0.3017541590778254,0.6928203400608264,0.3999999704975016
3.2600000000000002,1.587741885506465,0.7842988358397771,0.6093094056309906,0.30375215053879967,0.6928168182181638,0.3999979764973568
3.2800000000000002,1.5999218701468123,0.7903601671940299,0.6114409275671415,0.3018995744638568,0.6927279623634216,0.39994667554570235
3.3000000000000003,1.6121915579428308,0.7963227292816042,0.6100958951861345,0.30286367532522457,0.6924030966524112,0.39975911424
3.3200000000000003,1.6242975101787493,0.8024657779012178,0.6021201773479357,0.30979501400399473,0.6917035334204942,0.39935522121973754
3.34,1.6364672073032895,0.8085304412217582,0.6101765614891712,0.3028218772286472,0.6905056230306279,0.39866360733368317
3.36,1.6486124219569138,0.8146136259463679,0.6050792239215109,0.3076048181904268,0.6887002308115345,0.3976212636499968
3.38,1.6608240626912498,0.8206251148116449,0.6130198608226948,0.2981382652364187,0.6861922139958728,0.39617325946634235
3.4,1.6730263767729057,0.8266578687403209,0.6029192581691566,0.30874696827663944,0.682899898658408,0.39427244032
3.42,1.6850942627932703,0.8327517177679385,0.6073518566519016,0.30062976948344927,0.678754556654183,0.3918791259979776
3.44,1.6972495969204557,0.838746323420881,0.6035888760682282,0.30565565213723345,0.6736998825566883,0.38896080854712317
3.46,1.7093274675032464,0.8447857909327233,0.6041063888559592,0.2947998239537895,0.6676914705960332,0.38549185028423677
3.48,1.7214264845405687,0.8506777416346459,0.6022958969264068,0.3020594332621617,0.6606962915971161,0.3814531818061824
3.5,1.733430491139715,0.8566594406623234,0.5986363973976977,0.2933784656995661,0.6526921699177953,0.376832
3.52,1.7454014188479985,0.8624974551464514,0.5951563270573992,0.29797794420345364,0.6436672603870593,0.37162146605301755
3.54,1.757232362666292,0.8683968404726392,0.5874969261946182,0.2862744979677956,0.6336195252431981,0.3658204034629632
3.56,1.768926811681517,0.8739831592370974,0.5814746595374886,0.2846708014416912,0.6225562110719726,0.35943299604807677
3.58,1.7804744546148397,0.8798351052990492,0.5687715208418256,0.29617680684649755,0.6104933257447867,0.35246848595722235
3.6,1.791765390224803,0.8854507649374758,0.5598167786220992,0.2690668754570475,0.5974551153568565,0.3449408716799999
3.62,1.802904933991345,0.8908978492192483,0.5536702442734314,0.284006104683214,0.5834735411653821,0.3368686060568575
3.64,1.8139293764239959,0.8964993176065916,0.5467148995063988,0.26771264742287754,0.5685877565277176,0.32827429428920313
3.66,1.8246825092716656,0.9016218402410092,0.5282839688130858,0.2560042897486685,0.5528435838395416,0.3191843919495167
3.68,1.835128368940535,0.9068830957952242,0.5138482472297589,0.2665430130014838,0.536292991473028,0.3096289029914623
3.7,1.8452912902626466,0.9118694914637808,0.49991835649761274,0.23262867318232203,0.5189935707150167,0.2996410777599999
3.72,1.8551292567689681,0.9165053481757934,0.4848768950316281,0.24024350788226628,0.5010080127051842,0.2892571110014975
3.74,1.8646861496098543,0.9212062298510669,0.4696519905739351,0.22190778690929033,0.4824035853742141,0.27851583987384304
3.7600000000000002,1.8738617503537534,0.9254951900288927,0.4492237661137354,0.21806470106644157,0.4632516103819676,0.26745844195655655
3.7800000000000002,1.8826964546100333,0.9300314986240634,0.43130678886786156,0.22978215705478933,0.44362694005565484,0.2561281332609022
3.8000000000000003,1.8911790835834237,0.93429517139116,0.4170048612194699,0.1947570314587794,0.423607434328004,0.2445698662399998
3.8200000000000003,1.899388296667559,0.9381518424432447,0.4039453604233802,0.19977656431457538,0.40327343767543383,0.23283002779893744
3.84,1.907287824418052,0.9420727891995306,0.38600414127276117,0.1836825849552846,0.382707256056223,0.22095613730488334
3.86,1.9147695736501755,0.9454864680087914,0.36230477820037826,0.16825639254921335,0.3619926338486797,0.20899654459719683
3.88,1.9218547695289094,0.9490007033456862,0.34530152840051176,0.17684098389688976,0.3412142307893156,0.19700012799754243
3.9,1.9285959122444527,0.952204008675239,0.32532189339192763,0.1454434493190263,0.32045709891101337,0.18501599232000004
3.92,1.9348854243883644,0.9551469549064472,0.30546875352037023,0.1563406481248893,0.2998061594811981,0.17309316688117757
3.94,1.9408299704986074,0.958188084271043,0.28967688322389934,0.1383935593575976,0.27934567994000914,0.16128030351032327
3.96,1.9463944258054289,0.9606971868876086,0.26643455597390303,0.12339752340279724,0.25915875083846845,0.14962537455943686
3.98,1.9515595011425844,0.9633297833837792,0.25031234790599455,0.1317623912777074,0.2393267627766531,0.13817537091338233
4.0,1.95640607452412,0.9656482535594518,0.23063805123613504,0.10380514622976508,0.21992888334186575,0.12697599999999995
4.0200000000000005,1.9608107353489688,0.9678329717370361,0.21131994069768853,0.12095214768605292,0.20104153404680364,0.11607138380021736
4.04,1.964882905459147,0.9701815633823977,0.19746381450529604,0.10325201583670719,0.1827378672677323,0.10550375685816332
4.0600000000000005,1.9686774279371697,0.9719095169239599,0.1810554944547148,0.08036608380060847,0.16508724318265067,0.09531316429127655
4.08,1.9721733299446584,0.9736594134357105,0.16833280737182768,0.08665860928962585,0.1481547067094694,0.08553715980042219
4.1,1.9753755568270681,0.9751050215661974,0.1485571054187095,0.06320719601521978,0.132000464444175,0.07621050368000003
4.12,1.9781480176237425,0.9765408660908288,0.12993634200309084,0.08101295159473391,0.11667936159900193,0.06736486082805743
4.14,1.9806242526496238,0.9779656398349258,0.11801707637153934,0.05564941828804442,0.10224035894060693,0.05902849875640336
4.16,1.9828753175675846,0.9791008191325602,0.10790634499438106,0.06611726115450979,0.08872600972823286,0.05122598560071658
4.18,1.9849569448560518,0.9803144476906223,0.09986749792572881,0.04607134894906499,0.07617193665188797,0.04397788813066263
4.2,1.9867391150030445,0.9811315189327242,0.07936202208804104,0.046453722656830475,0.06460630877050648,0.03730046975999998
4.22,1.9881969479125432,0.9822370736005372,0.06766944065559492,0.05274773549995126,0.05404931845012851,0.031205388556697498
4.24,1.989455772177611,0.9830328979167375,0.05834430128094829,0.035887658083889586,0.04451265830206462,0.025699395253042833
4.26,1.9905562593525523,0.9839136568547272,0.05123762424954352,0.043878255234265945,0.03599899812107041,0.020784031255756827
4.28,1.991497187059997,0.9845088793577657,0.04176183294275363,0.021228135549700107,0.028501461823512084,0.01645532665610254
4.3,1.9922718996893205,0.9851016780245002,0.035568860846082746,0.03911143128619556,0.02200310438554237,0.01270349824000032
4.32,1.9929035009563778,0.9857334433245605,0.028235874458454158,0.01767087004614568,0.016476388781266303,0.009512647498137027
4.34,1.9934592195171925,0.986082355909337,0.027734315305272955,0.025379030429860703,0.011882662920920248,0.0068604586360828885
4.36,1.9938993634012145,0.9865681462828552,0.01636844517719408,0.013823457961116298,0.008171636589031094,0.004717896584396896
4.38,1.9942131758301649,0.9866262612821216,0.0168056013326143,0.0020511917722128457,0.005280858382593258,0.003048905008742508
4.4,1.9945561085159176,0.9868607118970103,0.015320879831402167,0.014134855450647682,0.0031351926492401735,0.0018101043200001497
4.42,1.994816305353405,0.9869209528066556,0.01004816501730947,-0.003997207595261066,0.0016462964254133172,0.0009504896843782972
4.44,1.9949900295719118,0.9870161670849168,0.00698262667114454,0.017629541655429414,0.0007120963745281493,0.0004111290335227835
4.46,1.9950611650271202,0.9873516450821268,0.0016467169425745446,0.008028071705242296,0.00021626572515821344,0.0001248610746365841
4.48,1.99513075338911,0.9873797673126223,0.004990086994833714,0.003701269024924836,2.7701209189698866e-5,1.599330058255077e-5
4.5,1.9952385563707784,0.9876932954220846,0.005572874816270948,0.019847915505959397,6.2979823359318385e-65,-1.0908425391005267e-64
4.5200000000000005,1.9953577276970145,0.9878444324332526,0.005869259062666737,-0.003586303314845797,6.2979823359318385e-65,-1.0908425391005267e-64
4.54,1.995457859500309,0.9878979779622389,0.004096105356522368,0.014518567273244616,6.2979823359318385e-65,-1.0908425391005267e-64
4.5600000000000005,1.9955239556102253,0.988162601115784,0.00333001887419531,0.0038413305694893303,6.2979823359318385e-65,-1.0908425391005267e-64
4.58,1.9956081462901722,0.9881775336401464,0.004651370362852602,0.0065217778652269034,6.2979823359318385e-65,-1.0908425391005267e-64
4.6000000000000005,1.9956828702865068,0.9885351092503982,0.002767344755961212,0.020641859714373968,6.2979823359318385e-65,-1.0908425391005267e-64
4.62,1.9957608884836557,0.9887252762922255,0.005973649027770925,0.0009586734259564378,6.2979823359318385e-65,-1.0908425391005267e-64
4.64,1.9958852378108631,0.9889069692395941,0.00581848598549571,0.022263080443637714,6.2979823359318385e-65,-1.0908425391005267e-64
4.66,1.9959814521633616,0.989330715023436,0.005047207237287146,0.0107882118737396,6.2979823359318385e-65,-1.0908425391005267e-64
4.68,1.9960923001033382,0.9893742376390208,0.005491874727562449,0.0033606485271515055,6.2979823359318385e-65,-1.0908425391005267e-64
4.7,1.9961902861325052,0.9896605631440666,0.004373262291474221,0.017527544769262885,6.2979823359318385e-65,-1.0908425391005267e-64
4.72,1.9962830455553568,0.989788950443874,0.004917969680802373,-0.0013126222336433907,6.2979823359318385e-65,-1.0908425391005267e-64
4.74,1.996372287263189,0.9899396280251033,0.003848046726028548,0.020832076088748794,6.2979823359318385e-65,-1.0908425391005267e-64
4.76,1.9964284093576803,0.9903401782832546,0.003213012333616188,0.009744969869659607,6.2979823359318385e-65,-1.0908425391005267e-64
4.78,1.9965214342419428,0.9903595841849125,0.005398304296322165,0.0019760702159021823,6.2979823359318385e-65,-1.0908425391005267e-64
4.8,1.9966245861439793,0.9906156496924194,0.005057851116662373,0.015979767624022374,6.2979823359318385e-65,-1.0908425391005267e-64
4.82,1.996735868228098,0.9907159373390669,0.006451416885024151,-0.002902446660691257,6.2979823359318385e-65,-1.0908425391005267e-64
4.84,1.9968678237271447,0.990830027136893,0.006491485896352782,0.0189106617760548,6.2979823359318385e-65,-1.0908425391005267e-64
4.86,1.9969747473098605,0.9911951601146478,0.0051847995142999224,0.008549762999091782,6.2979823359318385e-65,-1.0908425391005267e-64
4.88,1.9970787210542584,0.9912091946357104,0.004903257462681856,0.0022975071911032906,6.2979823359318385e-65,-1.0908425391005267e-64
4.9,1.9971616310154947,0.9914809577592435,0.0036068234222162224,0.017123547938120872,6.2979823359318385e-65,-1.0908425391005267e-64
4.92,1.997243845564502,0.9915968356892013,0.005166080279355677,-0.0028460552493603454,6.2979823359318385e-65,-1.0908425391005267e-64
4.94,1.997347044426477,0.9917065573806239,0.005121491429155164,0.018725560043459183,6.2979823359318385e-65,-1.0908425391005267e-64
4.96,1.9974430304661952,0.9920730503091446,0.0054549698007464245,0.008224746400361166,6.2979823359318385e-65,-1.0908425391005267e-64
4.98,1.997547432956039,0.9920639886326537,0.004433428762797805,0.0008475888951585803,6.2979823359318385e-65,-1.0908425391005267e-64
5.0,1.9976156925746125,0.9922975035606711,0.0028348397684432153,0.01465921657815609,6.2979823359318385e-65,-1.0908425391005267e-64
5.0200000000000005,1.9976894884147562,0.9923788327112657,0.006214727977659138,-0.0031721723882194436,8.278741569549287e-6,3.089668416029042e-5
5.04,1.9978552522636057,0.992483246631362,0.009094528900068614,0.017651888563153573,6.463284821594253e-5,0.00024121307337978475
5.0600000000000005,1.9979953666256431,0.9928188523692748,0.00621463952424183,0.0077471024517688745,0.00021281604774079908,0.0007942403028346653
5.08,1.998139087119223,0.9928432080119535,0.008354970827563172,0.002973447917662374,0.0004920096649808153,0.0018362050675233429
5.1000000000000005,1.9983076920342815,0.9931375682230729,0.007946159939370461,0.018777068835125012,0.0009369789432767105,0.0034968530219308775
5.12,1.9984499920368923,0.9933056612311396,0.007039789913935918,-0.000721744815060947,0.0015782293659420063,0.005890032179692777
5.14,1.9985980121654696,0.9934381311503016,0.007752372650959026,0.019493870643820684,0.0024421629777320337,0.009114276313259643
5.16,1.9987282858802986,0.993828233378274,0.0067454747248524675,0.011293391051112978,0.0035512347063128037,0.013253388353561312
5.18,1.9989051484649891,0.9940237471536967,0.011025911978277186,0.01789092334085687,0.004924108683729695,0.018377023789670315
5.2,1.999118494422896,0.994678133621365,0.010976781087099829,0.0374715494498992,0.0065758145678767276,0.024541274068467508
5.22,1.9993296423051328,0.995249142524479,0.011365325318676428,0.025863592192052125,0.008517903863964938,0.03178924999430438
5.24,1.9995384230110302,0.9960334631860303,0.011567485359161607,0.0504484839085032,0.010758606245991873,0.04015166512866951
5.26,1.9997751781828637,0.9968750791546996,0.013303169969035876,0.027872850214989198,0.013302985878209774,0.04964741918985011
5.28,2.000030753045021,0.9975020212656492,0.013452006473613453,0.044305136462066616,0.016153097736595252,0.060284181452599256
5.3,2.000310750409952,0.9986936709392871,0.017741642664024813,0.06282949673798469,0.019308143930317292,0.0720589741477967
5.32,2.000673337073652,0.9997905096677149,0.02012601936248262,0.05567953832144782,0.022764630023207118,0.08495875586211676
5.34,2.0010722982074616,1.0012332850778078,0.023790859039105983,0.08415612345364705,0.026516521355226003,0.0989610049376885
5.36,2.001570485398687,1.002770010829363,0.028165085612936246,0.06573092932095181,0.03055539936393531,0.11403430287176423
5.38,2.002118344322529,1.0042430870021748,0.02926859423004104,0.08845144624764009,0.03487061790596416,0.13013891771637917
5.4,2.0026998637257107,1.0063140518293867,0.03418332870280335,0.10648719247819184,0.039449459578479604,0.14722738747802047
5.42,2.00338865782684,1.0083008602276498,0.037585408756533,0.09992065160162342,0.04427729204065414,0.16524510351728616
5.44,2.0041109465928773,1.0106655110394374,0.039064455394312546,0.137861861523764,0.049337724335136036,0.18413089394855495
5.46,2.004877198526019,1.0135757176110551,0.04309126773340492,0.14164967243251073,0.0546127632095167,0.2038176070396445
5.48,2.005731991013217,1.0165522477687687,0.04771092261780577,0.16230112934042085,0.06008296943780119,0.2242326946114819
5.5,2.0066649881401877,1.0201812977048825,0.05286808311752513,0.1919853058593453,0.06572761414187542,0.2452987954377615
5.5200000000000005,2.007713037925425,1.0239690336420444,0.058057293582153675,0.19091801390167007,0.0715248351129767,0.26693431864461525
5.54,2.0088128644034895,1.0281307992560964,0.05909656875303901,0.2260268436016042,0.07745179313316095,0.2890540271102707
5.5600000000000005,2.0100110459473965,1.032862322896956,0.07050541066793783,0.23467682551720975,0.08348482829677335,0.3115696208647218
5.58,2.011411935511822,1.0376263698866062,0.07664551537828966,0.2467617044919147,0.08959961633191543,0.3343903204893863
5.6000000000000005,2.0128781330035235,1.0428817360790879,0.08058394479677604,0.270536950457916,0.09577132492191567,0.35742345051677643
5.62,2.014509698681749,1.048280053474714,0.09076264748538208,0.2723509999453277,0.10197477002679672,0.38057502283015693
5.64,2.0162717869813567,1.054059847616533,0.09538809545467018,0.30419855574279636,0.10818457220474574,0.4037503200632145
5.66,2.018093778856015,1.060410867541611,0.0985617440248992,0.31902379958610066,0.11437531293358282,0.42685447899972045
5.68,2.020034536851259,1.0668680021086332,0.10507321469925578,0.3299825756282016,0.1205216909322288,0.44979307397319074
5.7,2.022033076805115,1.0738204868791221,0.10761485907277894,0.36051385979551637,0.12659867848217615,0.47247270026655774
5.72,2.024153912347223,1.081084333988738,0.11701708290330028,0.3602237489769553,0.13258167774895593,0.4948015575118272
5.74,2.026418591964557,1.0884847021169117,0.1215044762536553,0.3792942995645471,0.13844667710360817,0.516690033089748
5.76,2.0287289444915624,1.0963924086677839,0.12235396923885485,0.40742442842903326,0.14417040744414938,0.5380512855294713
5.78,2.0310680298000365,1.1047288815528002,0.1284475997647559,0.4177437788388617,0.1497304985170431,0.5588018279082207
5.8,2.033552420602561,1.1132735736376878,0.13424377215683006,0.43450796451709417,0.15510563523866686,0.5788621112509499
5.82,2.036111841598656,1.1221703448801696,0.13688288513346103,0.45024683576835384,0.16027571401678292,0.5981571079300126
5.84,2.038695407997031,1.1314561712462023,0.1380372057104431,0.4745228993613106,0.16522199907200552,0.616616895064822
5.86,2.04129663345915,1.1411084198015236,0.14434824596581913,0.4802420103024504,0.1699272787592711,0.6341772379215189
5.88,2.0440996530463122,1.150848207201948,0.1529556462926816,0.4892273272794289,0.1743760218893064,0.6507801733126336
5.9,2.0469526911334492,1.160832618794336,0.1523383928683682,0.5059727413952677,0.17855453405009758,0.6663745929967507
5.92,2.049766671738912,1.1712127272982733,0.1509668744065564,0.5219888099764606,0.18245111392835925,0.6809168270781738
5.94,2.052608028523669,1.1817474131881307,0.15708469923160745,0.5261828201722819,0.18605620963100278,0.6943712274065876
5.96,2.0555039837956777,1.1924502062955862,0.15531841070649685,0.5383426080437054,0.1893625750066062,0.7067107509767262
5.98,2.0583365751450486,1.2034396753358823,0.15567099685001382,0.5507688926284644,0.1923654259668819,0.7179175433280319
6.0,2.0612411769737156,1.2145146965572169,0.16128033261000937,0.5509967077602372,0.1950625968081465,0.7279835219443248
6.0200000000000005,2.0641678249054003,1.225724929097998,0.15865779920584852,0.5624871831213679,0.19745469653278924,0.736910959653463
6.04,2.067021367705886,1.2371252587445303,0.15929485229422374,0.5673723517175531,0.19954526517074042,0.7447130680270069
6.0600000000000005,2.069928437105527,1.2485619746407146,0.16090081536109355,0.5691713768651802,0.20134093010094184,0.7514145807798882
6.08,2.072770734783446,1.2601326468566993,0.15719948552428742,0.579394245440599,0.202851562372814,0.7570523371700683
6.1000000000000005,2.0755892427359877,1.2717947236541913,0.1603496584510613,0.5760648747964128,0.20409043302772636,0.7616758653982073
6.12,2.0784591636978322,1.2834464064374054,0.15999787770007812,0.5811196481434375,0.20507436942046403,0.7653479660073204
6.140000000000001,2.081237665597053,1.2952153924071972,0.1575461903869882,0.5858464599696682,0.2058239115406997,0.7681452952824528
6.16,2.0840577385425347,1.3069948909389413,0.16108218386494133,0.5813787705620117,0.20636346833446056,0.7701589486503373
6.18,2.0868655923506942,1.3187840906059685,0.15881602450335983,0.5890843673865325,0.2067214740255968,0.7714950440790566
6.2,2.089604118539305,1.330659731233427,0.15819019624141428,0.5871414359259023,0.20693054443725284,0.7722753054777162
6.22,2.092396487680785,1.3425123878241796,0.15985080196247667,0.586979062854944,0.20702763331333315,0.7726376460960978
6.24,2.0951292084837125,1.354396428358156,0.1582783288755759,0.592251059331509,0.20705418863997316,0.7727367519243299
6.26,2.097892661010382,1.3662958335789428,0.16248772137936107,0.584679727419414,0.20705520317625556,0.7727406698483268
6.28,2.1007328117399893,1.3781273405106418,0.1637130687888873,0.5879307851723831,0.20705258734253962,0.7727413707588585
6.3,2.1035031146040017,1.3900014511484284,0.16140007716699056,0.5895204091330652,0.20703505315856338,0.7727460690292949
6.32,2.1062878509042546,1.4019121347836,0.16243783662269887,0.5865142112308069,0.2069791537749601,0.7727610472239888
6.34,2.109066664042041,1.4137917018626942,0.16320000049142402,0.5908805299322786,0.2068525422132139,0.7727949726897111
6.36,2.1118148055733674,1.4257004278178564,0.16182753402796066,0.5886950331686988,0.2066171611628013,0.7728580428520827
6.38,2.1145833884945695,1.4376303171619558,0.16280576661434795,0.5885121822742839,0.20623317728615412,0.7729609310217369
6.4,2.117323997058678,1.4495285308546602,0.16344347362926817,0.5907269527827034,0.20566340920537887,0.7731135999188536
6.42,2.12005349129572,1.4614644779146968,0.16113996924401938,0.5895194385751338,0.20487796228132737,0.7733240597878508
6.44,2.1227616188193936,1.4734250513884244,0.16183323602950403,0.5917308229736328,0.2038587629688578,0.7735971534205534
6.46,2.1254462556675224,1.4853581909860463,0.16154885974765262,0.5909974339642773,0.20260368219531846,0.773933451300259
6.48,2.1281067500283797,1.497351145386766,0.15863575709922975,0.5922525886094437,0.2011299512423475,0.7743283363189684
6.5,2.1307314179037626,1.5093387515038597,0.16046248933267682,0.5931625174086109,0.19947660449664453,0.7747713492442881
6.5200000000000005,2.133351956217709,1.5213113225676056,0.1583766629190001,0.5927830974433829,0.1977057297796305,0.7752458536946087
6.54,2.135921568073941,1.533356707597265,0.15641359226637538,0.594818674633101,0.1959023665633414,0.7757290634120734
6.5600000000000005,2.1384735825472765,1.5453600020711844,0.1582643063297023,0.5933684143174537,0.19417296231866685,0.7761924558828208
6.58,2.140999068310116,1.5573958525653666,0.15405504974305836,0.5960024481862503,0.19264237404521278,0.7766025757746374
6.6000000000000005,2.1434641269439276,1.569475746409976,0.15480018314721633,0.5959104991578197,0.19144948182759752,0.7769222102810048
6.62,2.145940942540316,1.5815059302452121,0.154082115203573,0.5955563605685587,0.19074155997447673,0.7771118973698529
6.640000000000001,2.1483492003047844,1.5936144057046508,0.15044940477305846,0.5987291163336467,0.19066762484521663,0.7771317082280303
6.66,2.150738474561645,1.605691569757536,0.15322974070861958,0.5951930005494684,0.19137104297725188,0.7769432279076102
6.68,2.1531215129778967,1.6177744706052155,0.14955468763959742,0.5989012927696293,0.19298173511321512,0.7765116442505237
6.7,2.155450439532198,1.6299027674908688,0.15250126865441602,0.5964153023539756,0.19560834828243578,0.775807845373002
6.72,2.157870530932557,1.6419149617103959,0.15456024362574947,0.5926023185313634,0.19933078703097595,0.7748104209164564
6.74,2.1602413555419373,1.6539977950613818,0.15078211447389753,0.5980694698664887,0.20419349487148883,0.7735074622775624
6.76,2.162622626936389,1.6660359636828375,0.1585807366779358,0.5899497220465073,0.210199857606775,0.7718980622331941
6.78,2.1651058151736597,1.677995086653285,0.15682185230138274,0.5910274710477463,0.21730806188294535,0.7699934246377588
6.8,2.1675425761783282,1.6900243363448233,0.16226248540965454,0.5900518239763411,0.2254286865951994,0.7678175098040741
6.82,2.1702448397330443,1.7017954546818166,0.1757542006756376,0.5743550547098156,0.23442423391911532,0.7654071601631549
6.84,2.1730495629140925,1.7135320095068476,0.1729129976122954,0.5796859685013233,0.24411072386014987,0.7628116730059625
6.86,2.175798663320362,1.7253412156936232,0.18102255443116547,0.5773825255334826,0.2542613850199988,0.7600918115455391
6.88,2.1788648270850457,1.7368917406091764,0.19341680254809182,0.5612449630511821,0.2646123789435483,0.7573182710828644
6.9,2.182019464612955,1.7484226290040594,0.19162036693090426,0.5690728341958008,0.27487040036899735,0.7545696425259742
6.92,2.1851038666074647,1.7600412694580596,0.19834261681760224,0.5668231454119554,0.2847219054426813,0.7519299396972495
6.94,2.1885317822338832,1.7714252860785733,0.21227886228411036,0.5495591573156647,0.2938436388039912,0.7494857786095145
6.96,2.192061005909861,1.7827413849711846,0.21193588263267987,0.5578151366334035,0.30191406234980944,0.7473233151378353
6.98,2.1954730789917645,1.7941985715442847,0.20949419515780723,0.561674634417046,0.3086252368467685,0.7455250613511109
7.0,2.19914343276457,1.805527566738825,0.22855700297609108,0.5426528573401346,0.3136946750409352,0.7441667094809044
7.0200000000000005,2.203032332288413,1.816647631524643,0.23280840053267232,0.5446375064892239,0.31687667332632097,0.743314095610018
7.04,2.2068711302581745,1.827867445698682,0.22646027131772034,0.550587701908417,0.3179726392313207,0.7430204324308414
7.0600000000000005,2.2107659056796156,1.8391417983878702,0.24058119705928677,0.5411693245245933,0.3168399638205264,0.7433239318924503
7.08,2.214869190924831,1.8502260101780659,0.24461066002040951,0.5396923569672928,0.31339904044077294,0.7442459245332725
7.1000000000000005,2.2189495325599755,1.8613508701033166,0.2384430179120586,0.5429700806526325,0.30763810196108854,0.7457895633465493
7.12,2.222881127636177,1.8726519767028857,0.23207793783845063,0.554701402060981,0.29961563479773257,0.7479391769442758
7.140000000000001,2.226720427747139,1.884021990730204,0.23442866514119676,0.5524847488851433,0.28946022587645226,0.7506603105635407
7.16,2.230616167992159,1.8953473070170739,0.23158828973127543,0.5504278265228494,0.27736780399806915,0.7539004652403899
7.18,2.2343764202581338,1.9067670238028924,0.22443964949001816,0.5616167975755292,0.26359634520351,0.7575905165029905
7.2,2.2379551234211745,1.9183085066414194,0.21747416816131387,0.5644014407275922,0.24845821788576106,0.7616467654927008
7.22,2.2414247774514435,1.9299199671061884,0.21047821454350735,0.5680110145137645,0.2323104428372693,0.7659735487765037
7.24,2.2447055846111397,1.9416380975551957,0.2031993778091534,0.5763271909826606,0.21554323170221673,0.7704663094594632
7.26,2.247830268344828,1.9534280589702153,0.1949087729747611,0.578198273943216,0.1985672404618169,0.7750150126030461
7.28,2.2507845242308875,1.965325418961096,0.18700883361698595,0.5843492595809344,0.18180002932676437,0.7795077732860055
7.3,2.25356088022623,1.9772796650388398,0.17933765348423206,0.588945777400947,0.16565225427827257,0.7838345565698084
7.32,2.256167304596117,1.9893272515362417,0.17073359085237474,0.5920680066443729,0.15051412696052363,0.7878908055595187
7.34,2.2586051500050504,2.0014406408639744,0.16359760252718866,0.5974301170668549,0.13674266816596448,0.7915808568221193
7.36,2.2608667513975313,2.013611970380666,0.15493697968044096,0.5995147005568723,0.12465024628758078,0.7948210114989687
7.38,2.262964225413352,2.025844836339884,0.14733039044772098,0.6029752250209318,0.114494837366301,0.7975421451182334
7.4,2.2648796609934494,2.0381060111691203,0.13929870868930838,0.6055703744487696,0.10647237020294471,0.7996917587159599
7.42,2.2666396949299004,2.0504243445991785,0.13095830338043005,0.6076913942436525,0.10071143172326062,0.8012353975292367
7.44,2.268222423659651,2.062764460831426,0.12452064904733563,0.6111892740033262,0.09727050834350705,0.8021573901700589
7.46,2.2696515317501986,2.0751473693525426,0.11526348802133787,0.6116564194011792,0.09613783293271286,0.8024608896316678
7.48,2.2709342262593673,2.087571203550489,0.11043521535888826,0.6158633746342187,0.0972337988377127,0.8021672264524912
7.5,2.272063174580088,2.100025084650666,0.10344567052726161,0.6179923186335212,0.10041579712309838,0.8013146125816049
7.5200000000000005,2.2730849731503238,2.1125443521161906,0.09716559285196283,0.6201119794876482,0.10548523531726534,0.7999562607113982
7.54,2.273976070537555,2.1250949847467573,0.09488897204540511,0.6239760539551612,0.11219640981422407,0.7981580069246739
7.5600000000000005,2.274792913717556,2.1376819805918377,0.08943859534285571,0.6252249077500172,0.12026683336004271,0.7959955434529946
7.58,2.2755777353454203,2.150307018718992,0.09345497904230529,0.6221274248770876,0.1293885667213523,0.7935513823652597
7.6000000000000005,2.276450422280263,2.1628061654281057,0.09709454726859264,0.6212729555385001,0.13924007179503667,0.7909116795365349
7.62,2.2773460502490197,2.1753387668314925,0.09913555520550926,0.6153079673846382,0.14949809322048527,0.7881630509796448
7.640000000000001,2.2784073834071923,2.1877111752388414,0.10898333191315307,0.611546539820388,0.15984908714403523,0.78538951051697
7.66,2.2794992744474634,2.2000791123147105,0.10935656131574255,0.6107822296612709,0.1699997483038837,0.7826696490565467
7.68,2.2808079376024875,2.212316531781021,0.12430308377996512,0.5963632349967343,0.17968623824491828,0.7800741618993543
7.7,2.2822449971501553,2.2244489930535707,0.12439405468109113,0.6028416125389506,0.18868178556883414,0.7776638122584351
7.72,2.2836645930350272,2.2366541854248307,0.12870271814062384,0.5959997372199862,0.19680241028108822,0.7754878974247504
7.74,2.285306496405875,2.2486950637812453,0.13873387994125455,0.5913694827203764,0.2039106145572586,0.7735832598293151
7.76,2.2869673781445865,2.2607632873100694,0.13876126816881587,0.594830246864734,0.2099169772925447,0.7719738597849468
7.78,2.288852638557073,2.272714717324312,0.15595773752322475,0.5775850732864031,0.21477968513305756,0.7706709011460529
7.8,2.290932241932064,2.2845237560622915,0.15766827643822626,0.5820267971907651,0.2185021238815978,0.7696734766895073
7.82,2.292956717507992,2.2964543346878075,0.15846966298608892,0.5834422686728075,0.22112873705081845,0.7689696778119856
7.84,2.295180630462857,2.3082586717693583,0.17027117170675113,0.5735252877162041,0.22273942918678166,0.768538094154899
7.86,2.297453349078631,2.3200442550296145,0.16615623673107024,0.5805855035604676,0.22344284731881695,0.7683496138344788
7.88,2.2996319769196885,2.331971766752301,0.1667977266549481,0.5817354132540904,0.22336891218955687,0.7683694246926563
7.9,2.3019400047190643,2.3437833809245006,0.1743155392609752,0.5757064959289312,0.222660990336436,0.7685591117815044
7.92,2.3042437123256905,2.355641439342903,0.1686436831146523,0.582782881332597,0.22146809811882082,0.7688787462878718
7.94,2.3064778779247783,2.3675916026577646,0.17254689327287592,0.581303669564463,0.21993750984536664,0.7692888661796884
7.96,2.3088024143612924,2.3794419320245,0.17361032810434798,0.5793819090164041,0.21820810560069218,0.7697522586504358
7.98,2.3110466170954993,2.391404958721346,0.1675895257345063,0.5867358361550055,0.21640474238440302,0.7702354683679006
8.0,2.3132278956618424,2.4033972518058357,0.17059058787747552,0.584649837385884,0.21463386766738904,0.7707099728182211
8.02,2.315414286370595,2.41537443531674,0.16575600287060424,0.5870540113541106,0.21298052092168607,0.7711529857435409
8.040000000000001,2.3174918165877103,2.4274724577084594,0.16443133552187317,0.5911718973523321,0.21150678996871505,0.7715478707622502
8.06,2.319622735706808,2.4394729988934563,0.16972718122986608,0.5850618881003931,0.21025170919517575,0.7718841686419559
8.08,2.321750349469958,2.4515049864957725,0.1635655396831665,0.5892741557137915,0.2092325098827062,0.7721572622746584
8.1,2.323791488657195,2.463606740178882,0.16624940142241754,0.5905368323560372,0.2084470629586547,0.7723677221436556
8.120000000000001,2.3258793744696296,2.4756231668201267,0.1657074537009805,0.5876446187726132,0.20787729487787943,0.7725203910407723
8.14,2.327893187285194,2.4877407904492816,0.16030485903803682,0.5927276307516198,0.20749331100123225,0.7726232792104265
8.16,2.329849717726704,2.499854154224096,0.16324050465781773,0.5922663068070231,0.20725792995081968,0.7726863493727981
8.18,2.3317950765836137,2.5119621873071862,0.15819467966243903,0.5929395602373447,0.20713131838907348,0.7727202748385205
8.2,2.333672470974286,2.5241526139837998,0.1595981151542108,0.59403369684805,0.2070754190054702,0.7727352530332143
8.22,2.3356340759348178,2.536216929625208,0.16525439273178466,0.588761930395456,0.20705788482149395,0.7727399513036507
8.24,2.3375966285074585,2.5483094210687165,0.15995439244774706,0.5909662764816158,0.207055268987778,0.7727406522141824
8.26,2.339503059236126,2.560443645433538,0.16264909686907392,0.5925440674463363,0.20705418863997305,0.7727367519243294
8.28,2.341428889172762,2.572518977364951,0.16136732029019626,0.5907794999522731,0.20702763331333293,0.7726376460960969
8.3,2.343297136451607,2.5846737180697805,0.1579987961655221,0.5931490069167255,0.20693054443725278,0.7722753054777161
8.32,2.34514723129759,2.596807774765173,0.1615658858376097,0.5928880262901312,0.206721474025597,0.7714950440790573
8.34,2.347001906778409,2.6089257016431397,0.15862192028982336,0.5921662326346263,0.20636346833446054,0.7701589486503372
8.36,2.3488298576521407,2.6210862238411905,0.16046761898720485,0.5924105690467392,0.20582391154069982,0.7681452952824532
8.38,2.350719980950769,2.6331685648554735,0.16412254928728087,0.5892814815737409,0.205074369420464,0.7653479660073202
8.4,2.35260640732875,2.6452668807872723,0.16157878693016453,0.5899059475205657,0.20409043302772614,0.7616758653982066
8.42,2.3544929367021146,2.6573681397344338,0.16555894504655383,0.589314171241484,0.20285156237281413,0.7570523371700688
8.44,2.3564560743443868,2.6694018301903726,0.16782115228308989,0.5854142837097452,0.20134093010094184,0.7514145807798882
8.46,2.358433559904697,2.681438953857661,0.1690334176610995,0.5851103554084317,0.1995452651707402,0.7447130680270061
8.48,2.3604672497616255,2.693431514939466,0.1740484143285193,0.5824529847204334,0.19745469653278888,0.7369109596534618
8.5,2.36258435143412,2.7053711761709,0.17566190140746546,0.5781165720191921,0.1950625968081464,0.7279835219443244
8.52,2.3647391679577874,2.7172506841662583,0.1790533591311933,0.5756967971862365,0.19236542596688191,0.717917543328032
8.540000000000001,2.3669242078462283,2.72902866973981,0.17881121256240728,0.5677794293197532,0.18936257500660605,0.7067107509767256
8.56,2.3691291908846956,2.740710574594664,0.17773403855325,0.5641905151926369,0.18605620963100278,0.6943712274065876
8.58,2.371297281092025,2.752198595280016,0.17642973809839793,0.5527202411083384,0.18245111392835925,0.6809168270781738
8.6,2.373471014690299,2.7635925188798565,0.17392104428972438,0.548898727171057,0.17855453405009775,0.6663745929967513
8.620000000000001,2.3755909263051795,2.774695121295272,0.16977488390819198,0.5324482218347565,0.17437602188930618,0.6507801733126328
8.64,2.3776724518337247,2.785649258089335,0.1665536108832715,0.5270362821457678,0.1699272787592709,0.6341772379215183
8.66,2.3797153677862815,2.7962720122949096,0.16382291493150686,0.5063649354972476,0.1652219990720054,0.6166168950648215
8.68,2.381714905059403,2.8066913347977764,0.15759295932092715,0.502507423647009,0.16027571401678287,0.5981571079300124
8.700000000000001,2.383616880576871,2.8167581114297966,0.1533969291108974,0.47139467897732495,0.15510563523866658,0.5788621112509488
8.72,2.3855272869214055,2.826417335309785,0.15095149630390586,0.46940974071690517,0.1497304985170429,0.55880182790822
8.74,2.387389954427765,2.8360348536548634,0.14934636085787656,0.45408103600958355,0.1441704074441494,0.5380512855294715
8.76,2.3893018371790777,2.845009565280021,0.14677805366208377,0.42326240327683695,0.13844667710360822,0.5166900330897481
8.78,2.391169619414822,2.8538075652954165,0.14199028853446738,0.42533805238530875,0.13258167774895618,0.4948015575118282
8.8,2.3929483422186517,2.862239902461405,0.13510208461470247,0.3865430333647893,0.12659867848217593,0.4724727002665569
8.82,2.394670013990489,2.8701106580444344,0.12982481566482898,0.3828820646012741,0.12052169093222881,0.4497930739731908
8.84,2.3962883379170257,2.877908464220211,0.12274941497911226,0.36188653185590675,0.11437531293358284,0.42685447899972057
8.86,2.3978520615548033,2.8849686602120657,0.11553936211157115,0.3305635186385337,0.10818457220474599,0.4037503200632155
8.88,2.399304221801164,2.891854697873595,0.10979430528347238,0.330236800609921,0.10197477002679639,0.38057502283015565
8.9,2.4006913492485364,2.898278449613939,0.10261294938855667,0.2920571984072198,0.09577132492191542,0.3574234505167755
8.92,2.4019670656475616,2.904307009458747,0.09554223351359808,0.2974701315503781,0.08959961633191538,0.3343903204893861
8.94,2.403124199540502,2.910307932934359,0.09080160066335172,0.27478537777235296,0.08348482829677335,0.3115696208647218
8.96,2.4042894398410217,2.915587319583642,0.08679542222474705,0.2463471813176519,0.0774517931331607,0.28905402711026973
8.98,2.405392923000139,2.920757260049451,0.08348514445392952,0.24561586276874528,0.07152483511297643,0.26693431864461425
9.0,2.4064647933344587,2.925439063356345,0.07545943505639173,0.2112669696058247,0.06572761414187539,0.2452987954377614
9.02,2.407372816307193,2.9298768005835814,0.06790648441367954,0.2221946414476421,0.0600829694378012,0.22423269461148193
9.040000000000001,2.4081905216882107,2.934259410805229,0.06455239215859755,0.194883404685903,0.05461276320951647,0.20381760703964363
9.06,2.408986855510218,2.9379918325234007,0.058273688862913064,0.17807125502778517,0.0493377243351358,0.18413089394855406
9.08,2.4096657039823195,2.94180530335287,0.05400731636036657,0.18370751215392775,0.04427729204065403,0.16524510351728577
9.1,2.4103318860170817,2.945178406862721,0.05177911359082718,0.14132418972741162,0.03944945957847954,0.14722738747802022
9.120000000000001,2.4110054052529,2.948008222665648,0.04852729595505512,0.14059170535268523,0.034870617905963866,0.1301389177163781
9.14,2.411639158201342,2.9507384904369958,0.04562810085357726,0.11512965381724909,0.03055539936393506,0.1140343028717633
9.16,2.4121866617862255,2.952981043732737,0.03617736938577287,0.11123347808584738,0.026516521355225912,0.09896100493768817
9.18,2.4126207380936195,2.955267642350582,0.033939770378388655,0.1004115504234351,0.02276463002320719,0.08495875586211703
9.200000000000001,2.4130710750771347,2.9569924639696374,0.03092267720164773,0.07607930153258634,0.01930814393031736,0.07205897414779695
9.22,2.413470500204103,2.958703515253951,0.029012108055736438,0.08007628513431998,0.016153097736595116,0.06028418145259876
9.24,2.4138688901905216,2.960053776483679,0.024808731898784603,0.057575437449434615,0.013302985878209614,0.049647419189849516
9.26,2.4141575605854353,2.961366989075775,0.020251073345761192,0.06157256373532379,0.010758606245991864,0.040151665128669474
9.28,2.4144264808604547,2.9623624920512177,0.017582103987427794,0.04229142336291122,0.008517903863964763,0.03178924999430373
9.3,2.4146365765347504,2.963375247892391,0.015658679237771856,0.04729546350138998,0.006575814567876603,0.02454127406846704
9.32,2.4148622231526997,2.9640842573802986,0.014529547414084758,0.030161296970563283,0.004924108683729422,0.018377023789669295
9.34,2.4150389824473657,2.964904909764207,0.012796047058303221,0.039869655227673696,0.0035512347063126337,0.013253388353560677
9.36,2.4152276486332513,2.965461026960382,0.01285054119318132,0.02082316074572843,0.0024421629777321005,0.009114276313259891
9.38,2.415395160751186,2.966079447665988,0.010084164292456215,0.03331296532362492,0.001578229365941875,0.005890032179692287
9.4,2.4155102522362997,2.9665087913691215,0.006752853998269433,0.007832877640743115,0.0009369789432767737,0.0034968530219311135
9.42,2.4156042414846874,2.96679906635762,0.005903587757135344,0.02613828747242244,0.0004920096649811749,0.0018362050675246849
9.44,2.4156459067832063,2.96727251598436,0.0039168401036234505,0.012528271268683536,0.00021281604774076222,0.0007942403028345277
9.46,2.41572239852968,2.967551120127754,0.006598053805379305,0.022844469182971453,6.463284821619841e-5,0.00024121307338073974
9.48,2.4157983227303057,2.9680214669421248,0.005664081328143548,0.014178683012359633,8.278741569626767e-6,3.0896684160579586e-5
9.5,2.41587953384953,2.968182074650223,0.004255616265080695,0.011354675806435763,1.8464749919509676e-64,-1.4168500939522114e-64
9.52,2.415897730972412,2.9686724158767053,0.0032494682008207504,0.027487954919091145,1.8464749919509676e-64,-1.4168500939522114e-64
9.540000000000001,2.4159295441045883,2.968999771593907,0.004182526065928006,0.009859030210656492,1.8464749919509676e-64,-1.4168500939522114e-64
9.56,2.415972459411823,2.969441558997538,0.005192538572532428,0.03478024019913364,1.8464749919509676e-64,-1.4168500939522114e-64
9.58,2.4160343472573973,2.970025623405236,0.007293800323957136,0.016137029306581435,1.8464749919509676e-64,-1.4168500939522114e-64
9.6,2.416141815393612,2.9704368371699035,0.008066386210912288,0.031361785159997026,1.8464749919509676e-64,-1.4168500939522114e-64
9.620000000000001,2.416235099078898,2.971013554489244,0.0073682119929442845,0.016626028104210905,1.8464749919509676e-64,-1.4168500939522114e-64
9.64,2.4163416917855924,2.971373352262833,0.007143975908206984,0.026245598018913182,1.8464749919509676e-64,-1.4168500939522114e-64
9.66,2.416417157466762,2.9718887015623006,0.006204206812356338,0.01585629598156873,1.8464749919509676e-64,-1.4168500939522114e-64
9.68,2.4165161784411473,2.9721509279743246,0.006666906282994929,0.01938724185740013,1.8464749919509676e-64,-1.4168500939522114e-64
9.700000000000001,2.41657005412995,2.9728116143621657,0.0064109569014140855,0.03511170220202104,1.8464749919509676e-64,-1.4168500939522114e-64
9.72,2.4166462894350995,2.9732879104806758,0.006695447107806434,0.01681255458768184,1.8464749919509676e-64,-1.4168500939522114e-64
9.74,2.41671324055744,2.9738463763254637,0.006441707001580481,0.037832900259288184,1.8464749919509676e-64,-1.4168500939522114e-64
9.76,2.416777282474659,2.974440496403995,0.006384374770461132,0.014902626060280979,1.8464749919509676e-64,-1.4168500939522114e-64
9.78,2.4168641878258708,2.974796057669323,0.006382056266739286,0.027420390922516663,1.8464749919509676e-64,-1.4168500939522114e-64
9.8,2.416921332563656,2.97527798941757,0.004378295358020919,0.0122040258146083,1.8464749919509676e-64,-1.4168500939522114e-64
9.82,2.4170237824758156,2.9755557911651485,0.008898753828009363,0.022680747416986287,1.8464749919509676e-64,-1.4168500939522114e-64
9.84,2.4171191597861,2.976025775498018,0.0053505664148185555,0.014075362401695773,1.8464749919509676e-64,-1.4168500939522114e-64
9.86,2.4172222263799665,2.976188762212043,0.008058340690783964,0.010983677325857028,1.8464749919509676e-64,-1.4168500939522114e-64
9.88,2.4173619033354403,2.97666623909873,0.010038644436178072,0.025859044864190436,1.8464749919509676e-64,-1.4168500939522114e-64
9.9,2.4175183111182945,2.9769850637969832,0.009754823541540239,0.009449103402035374,1.8464749919509676e-64,-1.4168500939522114e-64
9.92,2.4176689435323397,2.977417003185226,0.009017212086867099,0.031882089147829716,1.8464749919509676e-64,-1.4168500939522114e-64
9.94,2.417745126117517,2.977925228521814,0.0042804963626804395,0.012249827567982341,1.8464749919509676e-64,-1.4168500939522114e-64
9.96,2.417790852437593,2.978226147253073,0.0038341073564447646,0.024980811237202836,1.8464749919509676e-64,-1.4168500939522114e-64
9.98,2.4178080310165733,2.978668102800255,0.002662490991686682,0.011184866951286747,1.8464749919509676e-64,-1.4168500939522114e-64
10.0,2.417885976746852,2.978922701038178,0.007863029553110459,0.02170538307025363,1.8464749919509676e-64,-1.4168500939522114e-64
10.02,2.4179718679998685,2.979381369661031,0.004955153278886546,0.01386063720219247,-1.5993300582398985e-5,2.770120918943597e-5
10.040000000000001,2.418063652623889,2.979517047300525,0.007161950754744589,0.008666402145011961,-0.0001248610746368084,0.00021626572515860197
10.06,2.418192256262847,2.9799357858059907,0.008882754213580302,0.0227853234103853,-0.00041112903352320986,0.000712096374528888
10.08,2.4183314899011434,2.9802075884963877,0.008891444014300831,0.009555767029295253,-0.0009504896843776021,0.001646296425412114
10.1,2.418455975256778,2.9806283426854887,0.006882971397030436,0.02625286213703041,-0.0018101043199999804,0.0031351926492398812
10.120000000000001,2.418511456141216,2.980950581171412,0.0030262585437750614,0.0036681805692944133,-0.003048905008742471,0.005280858382593194
10.14,2.4185720650133056,2.9811278586363192,0.004931474323300335,0.01977565331642509,-0.004717896584396852,0.00817163658903102
10.16,2.418605658344646,2.981504991803241,0.002119563909385182,0.010210644095683327,-0.006860458636083215,0.011882662920920817
10.18,2.418620381076013,2.981793119291425,0.0023213239446766877,0.02668900466918381,-0.009512647498137555,0.01647638878126722
10.200000000000001,2.4185777683041554,2.9823629077695024,-0.00015502332601170533,0.021267335407931028,-0.012703498240000182,0.022003104385542135
10.22,2.418494971907611,2.982780354692224,-0.003425054006500244,0.03104398211478705,-0.016455326656102522,0.02850146182351206
10.24,2.4182898563954494,2.9836983112661963,-0.006669960507011194,0.052141691615414654,-0.020784031255756837,0.035998998121070436
10.26,2.4180367259018425,2.984550517141531,-0.009849683188976286,0.043492329450652054,-0.025699395253043135,0.044512658302065154
10.28,2.4176711814802676,2.985635121034133,-0.014580271762795577,0.06243865474674893,-0.031205388556697394,0.05404931845012835
10.3,2.4172208669743567,2.986701589583335,-0.01908352490150027,0.05361194726304363,-0.03730046976000022,0.0646063087705069
10.32,2.416648029040582,2.9880047212274254,-0.024042616185496225,0.0847743486841886,-0.04397788813066248,0.07617193665188773
10.34,2.4159372827122096,2.9896105956442947,-0.02855350181219429,0.07462783673717321,-0.05122598560071674,0.08872600972823315
10.36,2.4151593133560114,2.9911423134601343,-0.03255980898914367,0.09433762081319073,-0.05902849875640293,0.10224035894060622
10.38,2.4141714714217706,2.993088323108208,-0.04383286213928135,0.09821828870654989,-0.06736486082805791,0.11667936159900279
10.4,2.4130458396467556,2.99476925523213,-0.04971220104918214,0.09183998199918827,-0.07621050368000014,0.13200046444417518
10.42,2.411758651363178,2.996823165857263,-0.057820053749089016,0.12614758384306937,-0.08553715980042237,0.14815470670946976
10.44,2.4102487097594465,2.9991447526746158,-0.06605050560601605,0.11384577135056037,-0.09531316429127651,0.16508724318265064
10.46,2.4086239945634222,3.001371190736677,-0.07094697810869045,0.1338393315659941,-0.10550375685816356,0.18273786726773275
10.48,2.406853456984408,3.0042463509728465,-0.07505324539596912,0.16292159709573323,-0.11607138380021775,0.20104153404680436
10.5,2.4049660689753596,3.0072185329868932,-0.08133322751787736,0.15925344208936126,-0.12697599999999998,0.21992888334186583
10.52,2.4029162361048435,3.010527852840942,-0.08798924550689002,0.19373751355495594,-0.13817537091338208,0.2393267627766527
10.540000000000001,2.4005830103985906,3.0142926128484806,-0.10188277266003644,0.19569467859342707,-0.14962537455943728,0.2591587508384692
10.56,2.3980479588587875,3.0180619642834703,-0.10952606282840188,0.21342487549221173,-0.16128030351032338,0.2793456799400094
10.58,2.3953090834749204,3.022365049393303,-0.11974202413395311,0.23807929649122533,-0.1730931668811776,0.29980615948119826
10.6,2.3922595372653155,3.0268208631158404,-0.1344770718603558,0.2425355774488411,-0.1850159923199997,0.32045709891101287
10.620000000000001,2.3889449323927416,3.0316421450332482,-0.145201068622067,0.27166432862578876,-0.19700012799754288,0.3412142307893165
10.64,2.38526569223985,3.036792420029738,-0.16627564573067025,0.2739746275501534,-0.208996544597197,0.3619926338486801
10.66,2.3812498023075466,3.0420364674315934,-0.17602710581836234,0.2959173269106177,-0.2209561373048832,0.3827072560562229
10.68,2.377025009245858,3.047864211387268,-0.18449487433081294,0.3231787905822235,-0.23283002779893733,0.4032734376754338
10.700000000000001,2.3725409098443637,3.0538511490150437,-0.19671548465778185,0.3238392777471224,-0.24456986624000052,0.4236074343280054
10.72,2.3678681051013992,3.060156808423964,-0.2011222209800588,0.35341774190256586,-0.2561281332609027,0.4436269400556558
10.74,2.3630030600138316,3.066879119480103,-0.21374642177974476,0.36116391686383825,-0.26745844195655677,0.46325161038196805
10.76,2.3578823724827274,3.073736944477925,-0.22251421301544266,0.3779843003480862,-0.27851583987384293,0.48240358537421396
10.78,2.35256495550171,3.0809599066042535,-0.2328191581211679,0.39361854428075016,-0.2892571110014971,0.5010080127051837
10.8,2.346949316531628,3.0884262729378547,-0.24554170946220677,0.4090627004918161,-0.2996410777600003,0.5189935707150175
10.82,2.3411291426099927,3.096221145548794,-0.25359308695559984,0.42583920461799113,-0.30962890299146256,0.5362929914730286
10.84,2.3350372119735825,3.104255143608908,-0.26716741638172725,0.43722977344438657,-0.3191843919495168,0.552843583839542
10.86,2.3287443496345688,3.1125562808784206,-0.27362888509481553,0.4532090685657635,-0.3282742942892028,0.5685877565277173
10.88,2.322234436146628,3.1210621057718706,-0.285203083147598,0.45976684129638185,-0.3368686060568581,0.5834735411653834
10.9,2.315565490019475,3.1297567937231596,-0.2878856468781547,0.4742805141666131,-0.34494087167999976,0.5974551153568564
10.92,2.308804284121272,3.1386869974001876,-0.2934169345395928,0.48230881423556066,-0.35246848595722224,0.6104933257447867
10.94,2.301949457866826,3.147766233923938,-0.2948912511048009,0.4911017114056538,-0.3594329960480767,0.6225562110719727
10.96,2.2950582991465818,3.156997805668173,-0.29673253033197594,0.49730018225298955,-0.3658204034629631,0.6336195252431981
10.98,2.2881156814289625,3.166335447267158,-0.2983371995461246,0.5021030713195029,-0.3716214660530175,0.6436672603870593
11.0,2.2811529318339914,3.175781612843793,-0.2986759537393065,0.5082362209271089,-0.3768320000000001,0.6526921699177957
11.02,2.2741641916140924,3.185314070876355,-0.29878207005009727,0.5116511904584476,-0.3814531818061818,0.6606962915971153
11.040000000000001,2.2671770017920663,3.194926584192811,-0.2993091224077656,0.5137716506582098,-0.3854918502842369,0.6676914705960336
11.06,2.260159895936779,3.204512555781784,-0.300793845076586,0.5124819466506401,-0.3889608085471231,0.6736998825566884
11.08,2.2531594582825756,3.2141365050018944,-0.2977019442525032,0.5163991048851121,-0.3918791259979772,0.6787545566541826
11.1,2.24618692825894,3.2238455719170127,-0.2985922199070365,0.5186169539722641,-0.3942724403199993,0.6828998986584072
11.120000000000001,2.2392030712499458,3.2335757292811342,-0.29751481133996105,0.5211185902053325,-0.3961732594663421,0.6861922139958725
11.14,2.2322002473092137,3.2433199792848417,-0.30127395963001097,0.5172556957492885,-0.39762126364999645,0.6887002308115342
11.16,2.225150218308889,3.2529777895453456,-0.30188375906252174,0.5156837769176503,-0.3986636073336831,0.690505623030628
11.18,2.218132003606638,3.2626513791746707,-0.29883570979518376,0.5186629461426252,-0.39935522121973704,0.6917035334204935
11.200000000000001,2.2111375829137203,3.2723996151535055,-0.29923399007392615,0.5198040936119587,-0.3997591142399996,0.6924030966524107
11.22,2.2041164493675476,3.2821336059570014,-0.30068771107174325,0.5207045216320455,-0.3999466755457034,0.6927279623634237
11.24,2.1970723174299827,3.291852352646646,-0.30365226004053397,0.5159752611902682,-0.3999979764973569,0.6928168182181642
11.26,2.1899810998078033,3.301508189975048,-0.3030687234066614,0.5162075266786941,-0.40000002950249824,0.6928203059942757
11.28,2.182928149000369,3.311177898880985,-0.30173391325280796,0.518307108505361,-0.40000237479484724,0.6928189519391066
11.3,2.1759066356189605,3.3209020044065163,-0.2999795434543977,0.5190457449645565,-0.4000180955141248,0.6928098755775999
11.32,2.168861649449454,3.3306299933536128,-0.30232317855875834,0.5186265868807277,-0.40006821353037286,0.6927809399274278
11.34,2.161801756502172,3.340320989400891,-0.3032836797823088,0.5180371946059603,-0.40018173035112736,0.6927154009604076
11.36,2.1547301165927197,3.3500168821300043,-0.30277714895948127,0.5169361543971451,-0.40039276722754047,0.6925935587630017
11.38,2.1476616905301107,3.3597199911500537,-0.30214170266737544,0.5184484462149384,-0.40073703775305036,0.6923947940824244
11.4,2.140619377749998,3.3694144020036156,-0.3020034116817348,0.5185388529060588,-0.40124787783909766,0.6920998604212322
11.42,2.1335677681524006,3.379121545979109,-0.3024529188905366,0.5160974234217316,-0.40195209028589207,0.6916932831755087
11.44,2.1264909495403166,3.3887953030626674,-0.30337589134943405,0.5182412244091635,-0.40286587939070284,0.6911657067898637
11.46,2.119411461421919,3.3984752019634517,-0.3051845635295832,0.5167919787125164,-0.40399115402784797,0.6905160291751956
11.48,2.112314772092826,3.4081731203201624,-0.3034173561651539,0.5171091842581594,-0.40531246505285656,0.6897531698992238
11.5,2.105195968803548,3.4178171760205402,-0.30792818871627115,0.5141660311758834,-0.4067948151920427,0.6888973346473314
11.52,2.098065407819019,3.4274105801802524,-0.3064628999038789,0.5131959224153407,-0.40838253802759994,0.6879806624408238
11.540000000000001,2.0909309663344122,3.4370345324116283,-0.30767422709125253,0.5127893576362149,-0.409999389254735,0.6870471729495978
11.56,2.0837558546138726,3.4466229882692776,-0.30914256602442736,0.5155398988082709,-0.41154993068197343,0.686151967439192
11.58,2.076603882871811,3.4562651156247752,-0.30958827870910155,0.513519815110392,-0.4129222185859404,0.6853596766484311
11.6,2.0693640557698427,3.4658361313532065,-0.3129370720270765,0.510156389280941,-0.41399173648919435,0.6847421901990842
11.620000000000001,2.0621254063205687,3.4753476433445956,-0.31388134894168235,0.5095125809649612,-0.4146264418589143,0.6843757428830204
11.64,2.0548917512977107,3.484855324801725,-0.3116457148424213,0.5093752796228536,-0.41469273028234044,0.6843374712439111
11.66,2.0476675925415018,3.494426735032924,-0.3118174483473403,0.5121466836596137,-0.41406206283847935,0.6847015872623935
11.68,2.0404379318151955,3.5039904030644196,-0.31268665775007354,0.5141181087807695,-0.4126179557761608,0.6855353428635618
11.700000000000001,2.033219592345682,3.5136014248146528,-0.31220680058144573,0.5115579267166884,-0.4102629988337638,0.6868949778881847
11.72,2.0259546475774077,3.523155494559193,-0.3141224788257868,0.5101163224914096,-0.4069255515551747,0.6888218539728842
11.74,2.0187363390341004,3.5326881370319536,-0.3107801334478183,0.5128431027960377,-0.4025657669770517,0.6913389767726723
11.76,2.011596620427966,3.5423353163787112,-0.3036614834599871,0.5171308140375124,-0.3971806094716499,0.6944480989080446
11.78,2.004533758469293,3.5520946054388025,-0.3026291294853529,0.5216059314406527,-0.3908075678664758,0.6981275761943485
11.8,1.997499115781465,3.5618455277763967,-0.3011954963081382,0.5215006764623549,-0.38352681493078644,0.7023311208616719
11.82,1.9905189437662159,3.5716716470791696,-0.2947477351639776,0.5239886067011277,-0.3754616278414368,0.7069875587987726
11.84,1.983635612371612,3.5815731905415062,-0.29136491756982935,0.5290024765215435,-0.36677695854890263,0.7120016549526401
11.86,1.976860893066632,3.5915344457282203,-0.2845633708198959,0.5322974386825189,-0.3576761247266936,0.7172560238097425
11.88,1.970201618119123,3.601649238395099,-0.2747292115568088,0.5392539762850379,-0.34839567746227773,0.7226140925360531
11.9,1.9636792440845696,3.6118983781026763,-0.27238719117048743,0.5449126994702946,-0.3391985870592461,0.7279240351560048
11.92,1.9572198944987593,3.622147462367783,-0.2673221220366529,0.5427320291477102,-0.330365969246242,0.7330235494279917
11.94,1.9508457367317165,3.6324837007117012,-0.259352952513507,0.5482651865225101,-0.3221876468508348,0.7377453060644997
11.96,1.944640942659346,3.6429604079143085,-0.2521739888535386,0.558018074005631,-0.31495190304964593,0.7419228646959032
11.98,1.9385498794505427,3.6535403528144648,-0.24649550249721242,0.5571561222365686,-0.308934828606233,0.7453968242455417
12.0,1.9324974063651004,3.6641427115155043,-0.24318724740957928,0.5579197205394005,-0.3043896946636713,0.7480209585507827
12.02,1.9265728510340356,3.674809181678093,-0.23590895611482704,0.5675604011722065,-0.30153679304851366,0.7496680820662653
12.040000000000001,1.9207664604325523,3.685621039544067,-0.23003806732678708,0.5662309625238634,-0.30055417689975833,0.7502353957642593
12.06,1.9149705986618983,3.696412598388736,-0.23000094834138618,0.566890009306947,-0.3015697058910044,0.7496490798277936
12.08,1.9092471631455254,3.707205330726242,-0.22643366396698172,0.5700023029729517,-0.30465475339490095,0.7478679268209562
12.1,1.9035480422615687,3.7180618621304364,-0.22569559319052698,0.5665036224295057,-0.3098198695324548,0.7448858456285438
12.120000000000001,1.8977861755564036,3.7288283895518126,-0.23056927217117373,0.5650152155922542,-0.317012616817394,0.7407331110473712
12.14,1.8919964962002618,3.7394793919149723,-0.2319759386281109,0.5604538170160606,-0.3261177073660502,0.7354762845681085
12.16,1.886187556457816,3.7501738585331386,-0.23028672244034884,0.5615785073943605,-0.3369594762213169,0.7292167864010286
12.18,1.8802879076740147,3.760758951033852,-0.24371384282128292,0.5540714471059207,-0.3493066283924916,0.7220881547712756
12.200000000000001,1.874201505725268,3.7711055988164546,-0.2515811933994905,0.5416725838999351,-0.3628791020401432,0.7142520834572349
12.22,1.8679760643576608,3.7813319024653778,-0.2567232966686806,0.5391759591519071,-0.37735680107870817,0.7058933800200731
12.24,1.8615970349463387,3.791403072926651,-0.2729467138413153,0.5305327293331814,-0.3923898713190587,0.6972140328700601
12.26,1.8549559539585805,3.8012599309610025,-0.28257878778481926,0.5205863961853764,-0.40761012868094093,0.6884266131850421
12.280000000000001,1.8480885958743436,3.810936316345984,-0.2972465885961447,0.511074230607625,-0.42264319892129276,0.6797472660350283
12.3,1.8409825282831431,3.820325657167116,-0.30855584817284537,0.5031115548729371,-0.43712089795985776,0.6713885625978665
12.32,1.8337555954643852,3.8296566249766926,-0.3123001604330382,0.4992881870581425,-0.45069337160750805,0.6635524912838264
12.34,1.8262972308277832,3.838807583934197,-0.3311189681186279,0.48911539330687054,-0.4630405237786828,0.6564238596540735
12.36,1.8186464170766208,3.847802929600723,-0.3365633135839455,0.48829967503897,-0.47388229263394943,0.6501643614869935
12.38,1.8107462549200402,3.856642789369841,-0.35606787268361506,0.4708535139432934,-0.4829873831826065,0.6449075350077305
12.4,1.8025917449963178,3.8652554383730053,-0.3612627912199497,0.47358298724830783,-0.49018013046754494,0.6407548004265583
12.42,1.794353153231539,3.873820297182737,-0.3720459516110859,0.46394629867868603,-0.49534524660509877,0.6377727192341459
12.44,1.7859299885347866,3.88224193231413,-0.3731870436665189,0.46269563288194765,-0.4984302941089953,0.6359915662273085
12.46,1.7774987898490242,3.8906807479352516,-0.37809522951476054,0.4636807132858731,-0.49944582310024144,0.6354052502908427
12.48,1.7689970734304008,3.8990563490527532,-0.37855079694617233,0.4622051839692915,-0.49846320695148605,0.6359725639888367
12.5,1.760509423865064,3.9075014513282627,-0.37625987228137536,0.4637705690911559,-0.49561030533632844,0.6376196875043194
12.52,1.752024155442115,3.9159424847499644,-0.37760007246264676,0.4668478913407086,-0.4910651713937667,0.6402438218095603
12.540000000000001,1.7436042318625204,3.924477075141902,-0.37182229585950316,0.4713514161925786,-0.4850480969503532,0.6437177813591992
12.56,1.7352157622220534,3.9331091269625436,-0.3713319070332249,0.4719486746770904,-0.477812353149165,0.6478953399906023
12.58,1.7268578260646004,3.9417704745775026,-0.3688605704072803,0.4782949344454687,-0.4696340307537577,0.6526170966271103
12.6,1.71859645217062,3.950541079413857,-0.3633427988982135,0.4804109702504746,-0.4608014129407536,0.6577166108990973
12.620000000000001,1.7104012998341154,3.9593945961242127,-0.3570014172076423,0.4843890510861266,-0.4516043225377212,0.6630265535190494
12.64,1.7023411766002832,3.9683617268599396,-0.35164498722494525,0.4921752611718121,-0.44232387527330613,0.6683846222453595
12.66,1.694384951099694,3.977430338324614,-0.3449152561117919,0.49457020916449856,-0.4332230414510971,0.673638991102462
12.68,1.6865305890923579,3.986605651722405,-0.3384400411413774,0.4979545373615236,-0.4245383721585629,0.6786530872563294
12.700000000000001,1.6787977582018505,3.995822002583829,-0.33370925909957094,0.501651652604363,-0.4164731850692126,0.6833095251934306
12.72,1.6711950327457563,4.00514425626852,-0.32404209204555295,0.5072742775042985,-0.4091924321335239,0.6875130698607536
12.74,1.6637421045306748,4.014659129675186,-0.31636283164706436,0.5146747084441234,-0.40281939052834975,0.6911925471470576
12.76,1.6563553670148736,4.02420064563605,-0.3159844626978842,0.5150348791075087,-0.397434233022948,0.6943016692824298
12.780000000000001,1.6490477238283812,4.033793757356108,-0.3086730549907755,0.5172899532798433,-0.3930744484448247,0.6968187920822181
12.8,1.6418346464983442,4.043468048144828,-0.3043038028656731,0.5201832795682888,-0.3897370011662356,0.6987456681669176
12.82,1.6347151529866026,4.053186286547673,-0.3001240987156121,0.5238632758763795,-0.38738204422383893,0.7001053031915403
12.84,1.6276708299806801,4.062976101341477,-0.2955532402293971,0.5249829055635561,-0.38593793716152036,0.7009390587927086
12.86,1.6206692477419697,4.072820756409572,-0.29386692160396544,0.5281578295088872,-0.3853072697176593,0.701303174811191
12.88,1.613702236740869,4.082679386830227,-0.29318501794470087,0.5281494299884909,-0.3853735581410854,0.7012649031720817
12.9,1.6067429749480493,4.092517820832157,-0.29282711275237094,0.5235458842354173,-0.38600826351080536,0.7008984558560178
12.92,1.599798868395937,4.102319320821559,-0.29052756839319854,0.5267739556867703,-0.3870777814140593,0.7002809694066711
12.94,1.5929149558138753,4.112195003564186,-0.2897859696507271,0.5283679041215211,-0.3884500693180263,0.69948867861591
12.96,1.5859950126910305,4.122060028815347,-0.290629066766322,0.5268603106604502,-0.3900006107452648,0.6985934731055041
12.98,1.5790577155933383,4.131895155699744,-0.29400780352120415,0.5241352309403253,-0.3916174619723997,0.6976599836142783
13.0,1.572070638345302,4.141631568058253,-0.2949437838414779,0.5209984971646898,-0.393205184807957,0.6967433114077707
13.02,1.5651072608326826,4.151393484698231,-0.29196180170359604,0.524114458093155,-0.39468753494714315,0.6958874761558783
13.040000000000001,1.5581559045929376,4.161185920216409,-0.29488954599887285,0.5234011769938217,-0.3960088459721518,0.6951246168799063
13.06,1.5511570290529246,4.170943904830694,-0.2959355793601644,0.5224152369469789,-0.39713412060929687,0.6944749392652384
13.08,1.5441145209953033,4.180657015343243,-0.29949525412595435,0.5187618336557294,-0.39804790971410764,0.6939473628795934
13.1,1.5370562562698504,4.190338636056276,-0.2983787537505881,0.5199717553495828,-0.39875212216090206,0.6935407856338699
13.120000000000001,1.5300138954211888,4.200032237016156,-0.29765151590937944,0.519677587273729,-0.3992629622469494,0.6932458519726776
13.14,1.5229809070248022,4.209747651416729,-0.2981033906076368,0.5208338662281132,-0.39960723277245924,0.6930470872921004
13.16,1.5159128348593942,4.219430595859789,-0.30088555983348364,0.5180465459853317,-0.39981826964887235,0.6929252450946944
13.18,1.5088332963848816,4.229108131302897,-0.2999810987358728,0.5193607661516751,-0.39993178646962685,0.6928597061276742
13.200000000000001,1.5017367774922132,4.23878590261077,-0.30080610549478104,0.5197804619905325,-0.3999819044858749,0.6928307704775022
13.22,1.4946602623707383,4.248480342036405,-0.30020489761860714,0.5188221045216197,-0.3999976252051525,0.6928216941159955
13.24,1.4875756231118664,4.258146876902268,-0.3004915551471828,0.5181301324262763,-0.39999997049750147,0.6928203400608264
13.26,1.480499724820797,4.267814315928473,-0.30009075188424134,0.5190135582288458,-0.3999979764973567,0.6928168182181638
13.280000000000001,1.4734182648062115,4.277499078982901,-0.30065411502564743,0.519440677682903,-0.39994667554570223,0.6927279623634216
13.3,1.4663401756010932,4.287213655634422,-0.2996595711564052,0.5215034426588903,-0.3997591142399998,0.6924030966524111
13.32,1.4592482892212075,4.296910665093475,-0.3023599961313139,0.5181996719126702,-0.39935522121973743,0.6917035334204942
13.34,1.452129154675695,4.306547083572889,-0.3024489697717149,0.5159017258581292,-0.39866360733368306,0.6905056230306279
13.36,1.4450324938540593,4.316186347474308,-0.30091603008354717,0.5186089844708912,-0.39762126364999667,0.6887002308115345
13.38,1.4379327760538207,4.325850444822838,-0.30261458778584566,0.517796115489547,-0.3961732594663422,0.6861922139958727
13.4,1.4308271342925551,4.335545277655392,-0.3016900162218842,0.5200274602042325,-0.3942724403199998,0.6828998986584079
13.42,1.4236537076006355,4.345165752854149,-0.3086351513717735,0.514112182070149,-0.3918791259979775,0.678754556654183
13.44,1.4164331821899268,4.354708604578525,-0.30851610920102107,0.5109578003070553,-0.3889608085471231,0.6736998825566884
13.46,1.4092085904965495,4.364223963201797,-0.30844003258915176,0.511916015497503,-0.3854918502842365,0.6676914705960328
13.48,1.401987395154837,4.3737627170740385,-0.30964003348425173,0.5132716222143512,-0.3814531818061822,0.660696291597116
13.5,1.3947141634752387,4.383283091535635,-0.314169576634355,0.5089298199401683,-0.3768319999999999,0.6526921699177953
13.52,1.3873622296646202,4.392745139510898,-0.31616713555339854,0.5093366849063744,-0.37162146605301755,0.6436672603870595
13.540000000000001,1.379946576991466,4.402130331520284,-0.3228015892011638,0.5027242333229283,-0.3658204034629628,0.6336195252431975
13.56,1.3724661183513227,4.411433700784043,-0.32240939351958753,0.5010126617756161,-0.3594329960480765,0.6225562110719723
13.58,1.3649962236486184,4.420688061825816,-0.3216019902852094,0.4965956548211518,-0.35246848595722224,0.6104933257447867
13.6,1.357635568879383,4.429852704794701,-0.31467438542539805,0.4943165730387117,-0.34494087168000004,0.5974551153568569
13.620000000000001,1.350386364836455,4.438918594021901,-0.31142567923870235,0.4778554592812296,-0.33686860605685703,0.5834735411653815
13.64,1.343237178017314,4.4477253315579075,-0.3077208331476139,0.47806836219419924,-0.3282742942892028,0.5685877565277173
13.66,1.336172973451467,4.456485611612707,-0.3013383369518491,0.45981509953234145,-0.3191843919495166,0.5528435838395416
13.68,1.3293568388088695,4.46484923123772,-0.2913315241091332,0.45032219339275426,-0.30962890299146245,0.5362929914730283
13.700000000000001,1.3226611431799242,4.4732657323949665,-0.2848059782895923,0.45218372412185387,-0.2996410777599993,0.5189935707150158
13.72,1.3162157630657847,4.4813581071180515,-0.2721425482889406,0.4173697804506282,-0.2892571110014972,0.5010080127051838
13.74,1.3100167823976676,4.489043167596286,-0.2653615402504893,0.4184030835995491,-0.278515839873843,0.4824035853742141
13.76,1.303975504160691,4.496723145787479,-0.2561705423519256,0.39759092275461344,-0.2674584419565569,0.46325161038196827
13.780000000000001,1.29817560537211,4.503753872249994,-0.24732664623752013,0.372230709509495,-0.2561281332609016,0.4436269400556539
13.8,1.2925363182084948,4.510712791986965,-0.2408587134946127,0.37196066206526085,-0.24456986623999943,0.4236074343280035
13.82,1.287131370506788,4.517283502310763,-0.22563696422827945,0.34065270721742075,-0.23283002779893736,0.40327343767543383
13.84,1.2820467322093616,4.523646113516162,-0.21573436069371463,0.34929079264848584,-0.22095613730488325,0.382707256056223
13.86,1.2771603049145979,4.53006307883116,-0.20325623885967992,0.33022540781076604,-0.20899654459719705,0.3619926338486802
13.88,1.2725493854834253,4.53583050565163,-0.19623841283620616,0.3009278615530288,-0.1970001279975418,0.3412142307893146
13.9,1.2680694308619251,4.5414797353512855,-0.18992957361099283,0.30080007402851067,-0.18501599231999977,0.320457098911013
13.92,1.2638113722802358,4.546694371890189,-0.17653644544306132,0.2631058449368889,-0.1730931668811775,0.2998061594811981
13.94,1.2599123900612241,4.551575872157778,-0.1628266776618432,0.26897465054365294,-0.16128030351032338,0.2793456799400094
13.96,1.2562658417214063,4.556498048785,-0.15065348777498788,0.24756413533251465,-0.14962537455943628,0.25915875083846746
13.98,1.2528841369818065,4.5607164485543725,-0.14223100285120538,0.21697878926066114,-0.13817537091338208,0.2393267627766527
14.0,1.2496682423041445,4.564825729084774,-0.13439393203700198,0.21759017225870098,-0.12697599999999992,0.21992888334186575
14.02,1.246712583974059,4.568526873465142,-0.11907896801031367,0.1833859155343978,-0.11607138380021777,0.2010415340468044
14.040000000000001,1.2440879052757936,4.572010016432843,-0.10748828490326398,0.19592739728839542,-0.10550375685816273,0.1827378672677313
14.06,1.241671065483515,4.575594482111257,-0.09685501874822659,0.17544265552605334,-0.09531316429127652,0.16508724318265067
14.08,1.2394966736929283,4.578512507735314,-0.08964598992898842,0.1474748971774157,-0.08553715980042216,0.1481547067094694
14.1,1.2374540036650739,4.581359100858516,-0.08396726299059545,0.14828519527244918,-0.07621050368000001,0.132000464444175
14.120000000000001,1.2356042899436634,4.583807221891588,-0.07252143100905087,0.12056005018752423,-0.06736486082805697,0.11667936159900116
14.14,1.2340019137049014,4.586173429299793,-0.06321793779877116,0.1282901535242856,-0.059028498756402814,0.10224035894060601
14.16,1.2325837244634887,4.588297160784271,-0.05622537794672165,0.09323053943127914,-0.05122598560071657,0.08872600972823286
14.18,1.2313346323236614,4.589999030969225,-0.051011923334623864,0.0975188613140589,-0.04397788813066262,0.07617193665188797
14.200000000000001,1.2301980909212293,4.591708263767728,-0.04428093650992075,0.07619812977064072,-0.037300469760000066,0.06460630877050663
14.22,1.229264372971673,4.593082121273302,-0.035240831444108035,0.07851401355949332,-0.031205388556697397,0.05404931845012836
14.24,1.2284767536481018,4.594499924200203,-0.029084978383038033,0.06158830133843061,-0.025699395253042826,0.04451265830206462
14.26,1.2278506214211524,4.595483800221837,-0.023961729949520397,0.054422640884242854,-0.02078403125575682,0.03599899812107041
14.280000000000001,1.2272775723718987,4.596748041533421,-0.020056805361306912,0.06736334762706533,-0.016455326656102182,0.028501461823511473
14.3,1.2268146441937988,4.597729335643821,-0.015379391940860862,0.03702625251391074,-0.012703498239999785,0.02200310438554145
14.32,1.2264571854159596,4.598578024010643,-0.011846044142449037,0.056600676033457836,-0.009512647498137025,0.016476388781266303
14.34,1.2261521275994942,4.599603329197951,-0.008321180191721194,0.03937830358489008,-0.006860458636082886,0.011882662920920248
14.36,1.2259435064326472,4.600271261134777,-0.006087025244110661,0.04036380409700688,-0.0047178965843968955,0.008171636589031094
14.38,1.2257378704418347,4.601289527402459,-0.0037149107370256095,0.05225094194456001,-0.003048905008742152,0.005280858382592642
14.4,1.2256043267084,4.602069870626535,-0.002129529370143903,0.033284561977929006,-0.001810104320000149,0.0031351926492401735
14.42,1.2254881218797542,4.602885378787468,-0.0006994551769894867,0.04513290641738224,-0.0009504896843782969,0.0016462964254133172
14.44,1.2254320929391513,4.603516325646304,0.0012406622946272306,0.015397394456621244,-0.0004111290335231386,0.0007120963745287646
14.46,1.225416584478167,4.603879719810719,0.0010057911158704057,0.02834651809332728,-0.00012486107463729462,0.00021626572515944412
14.48,1.2253984590088411,4.6043662023463305,0.0017833614938833227,0.01292024188678919,-1.5993300582550767e-5,2.7701209189698866e-5
14.5,1.2254023947066106,4.6047051020619545,0.0019537632875559967,0.028839945872508262,2.937317531051494e-64,-7.870518603590277e-65
14.52,1.2253921258722429,4.605218806783957,0.001880254272813867,0.014157546045768136,2.937317531051494e-64,-7.870518603590277e-65
14.540000000000001,1.2253951382136206,4.605573076857832,0.001855224478150105,0.029268824355597103,2.937317531051494e-64,-7.870518603590277e-65
14.56,1.225379416657003,4.606090416665473,0.0015532655779241955,0.01421039283104699,2.937317531051494e-64,-7.870518603590277e-65
14.58,1.2253744012642644,4.606447224192688,0.0014482579940774008,0.029592885354269946,2.937317531051494e-64,-7.870518603590277e-65
14.6,1.2253522517111926,4.606970903189892,0.001390457259400971,0.014479076481051087,2.937317531051494e-64,-7.870518603590277e-65
14.620000000000001,1.2253439906581378,4.607331189750894,0.0012830742060936857,0.02972346219095877,2.937317531051494e-64,-7.870518603590277e-65
14.64,1.2253202237792435,4.607856648884664,0.0014199685043874374,0.014563545357798956,2.937317531051494e-64,-7.870518603590277e-65
14.66,1.2253127277664524,4.608218601839981,0.0013110700702927637,0.02978727463593379,2.937317531051494e-64,-7.870518603590277e-65
14.68,1.225289180099082,4.608745136753237,0.0013860297159272636,0.014568359383710873,2.937317531051494e-64,-7.870518603590277e-65
14.700000000000001,1.2252791353002594,4.609104615778844,0.0011052006852833856,0.02960545710051071,2.937317531051494e-64,-7.870518603590277e-65
14.72,1.2252527891087215,4.609627789668764,0.0012995877233133348,0.014474376553650907,2.937317531051494e-64,-7.870518603590277e-65
14.74,1.2252420649545073,4.609986553016216,0.0010953942000111714,0.02961796913657737,2.937317531051494e-64,-7.870518603590277e-65
14.76,1.2252152566385752,4.610509856775891,0.001285691212388706,0.014499107958100313,2.937317531051494e-64,-7.870518603590277e-65
14.780000000000001,1.2252071948447978,4.610871758147663,0.0013475001202044755,0.029832143941688295,2.937317531051494e-64,-7.870518603590277e-65
14.8,1.225183577178005,4.611398872132402,0.0013078375969665795,0.01458511251949977,2.937317531051494e-64,-7.870518603590277e-65
14.82,1.225173987854593,4.61175935784987,0.0012099911765296454,0.029673400167990784,2.937317531051494e-64,-7.870518603590277e-65
14.84,1.2251486257101754,4.612283019993763,0.0012735418933115467,0.01447398229998397,2.937317531051494e-64,-7.870518603590277e-65
14.86,1.2251418015727096,4.612644949856008,0.0014771770490928015,0.02987217763185019,2.937317531051494e-64,-7.870518603590277e-65
14.88,1.225120209080299,4.6131735010275525,0.0013167333828184487,0.014642728551072863,2.937317531051494e-64,-7.870518603590277e-65
14.9,1.2251103252963178,4.61353411442318,0.0011663693643063665,0.029665428608146204,2.937317531051494e-64,-7.870518603590277e-65
14.92,1.2250832165816306,4.614058340233876,0.0011345290352370197,0.014580377802724916,2.937317531051494e-64,-7.870518603590277e-65
14.94,1.2250729907818623,4.614423121707744,0.0012664661439281868,0.030060150403867898,2.937317531051494e-64,-7.870518603590277e-65
14.96,1.2250465060422073,4.614954662208386,0.001107600963939436,0.01483057779619505,2.937317531051494e-64,-7.870518603590277e-65
14.98,1.225034955789229,4.615322615046398,0.0012118565348727445,0.030189722319212974,2.937317531051494e-64,-7.870518603590277e-65
15.0,1.2250073575977152,4.61585598569548,0.0010272791426915579,0.014865702670029464,2.937317531051494e-64,-7.870518603590277e-65
15.02,1.2249924753789148,4.616222103963729,0.000954923415360694,0.030042451070401214,-3.0896684160286363e-5,8.278741569548201e-6
15.040000000000001,1.2249605573578706,4.616751615560706,0.000873062315619596,0.014714778210752757,-0.00024121307337980047,6.463284821594674e-5
15.06,1.224945256785303,4.617116966161138,0.0010107480277753086,0.03010276675265364,-0.0007942403028346653,0.00021281604774079914
15.08,1.2249145769882697,4.617648185071834,0.0008858024855165232,0.014754876920245373,-0.0018362050675233429,0.0004920096649808154
15.1,1.2248976376424243,4.618011811030885,0.0008260081229282785,0.02995045926610951,-0.0034968530219307878,0.0009369789432766866
15.120000000000001,1.2248566065762656,4.6185448596694485,-3.5280788879528493e-6,0.015350262490832588,-0.005890032179692902,0.0015782293659420403
15.14,1.224809635799881,4.618926253123107,-0.001127376526872653,0.03125244311963835,-0.009114276313259808,0.0024421629777320784
15.16,1.224722287159593,4.61948018881039,-0.0022110958369346125,0.016436533921615638,-0.013253388353561312,0.0035512347063128046
15.18,1.2246229142597866,4.619877698984462,-0.004104097108458228,0.032368661897359985,-0.018377023789670315,0.004924108683729697
15.200000000000001,1.2244443788518216,4.620469712664348,-0.008116168181674557,0.020132302916033296,-0.02454127406846781,0.006575814567876809
15.22,1.2241687808593416,4.620913706767808,-0.015324187905394856,0.034743329247202116,-0.03178924999430473,0.008517903863965033
15.24,1.2237439413455815,4.621561111828317,-0.020356973032630572,0.02578073617234446,-0.04015166512866951,0.010758606245991877
15.26,1.2231517136793748,4.622014528573765,-0.03365237453246948,0.03464371002824259,-0.04964741918985011,0.013302985878209777
15.280000000000001,1.2223410452069605,4.622880168940684,-0.036307115825063935,0.04886937311856457,-0.06028418145259977,0.01615309773659539
15.3,1.221519720179504,4.623587335142794,-0.04352015659018837,0.034660116937595145,-0.07205897414779724,0.019308143930317444
15.32,1.2204103036079947,4.624403075161,-0.057723219614530016,0.05916194597008079,-0.08495875586211676,0.022764630023207125
15.34,1.2191223004911895,4.625391861814515,-0.06122075324828243,0.04469957039016721,-0.0989610049376885,0.02651652135522601
15.36,1.217721552484506,4.626214324243496,-0.07151241711991192,0.05802342486829088,-0.11403430287176353,0.030555399363935126
15.38,1.2160082499098925,4.627245977249944,-0.08875301551290814,0.05050842996353925,-0.1301389177163799,0.03487061790596436
15.4,1.2139518472476023,4.627919818085733,-0.10846466339767867,0.04670214604108872,-0.14722738747802047,0.03944945957847961
15.42,1.2115421192587759,4.628889826821338,-0.12234208459408019,0.06319011222873053,-0.16524510351728616,0.04427729204065415
15.44,1.2088958382688644,4.629706257586254,-0.1337982458691034,0.051474516973484,-0.18413089394855403,0.0493377243351358
15.46,1.2059487703580483,4.6307239436061245,-0.15443527549052785,0.07372301589891807,-0.20381760703964524,0.05461276320951691
15.48,1.2025460449190915,4.63167260726476,-0.17372235940532346,0.04848974460080812,-0.2242326946114819,0.0600829694378012
15.5,1.198832492837333,4.632353858448529,-0.18873467374157762,0.06340956790397599,-0.2452987954377615,0.06572761414187543
15.52,1.1947211229669226,4.633469026315321,-0.21032258719116229,0.07608282955461605,-0.26693431864461425,0.07152483511297644
15.540000000000001,1.1902610031341772,4.634375501395906,-0.22448810140272796,0.06502905925406853,-0.28905402711027167,0.07745179313316122
15.56,1.1854796531190799,4.63550953442444,-0.24632210387217104,0.08975323908156078,-0.3115696208647218,0.08348482829677338
15.58,1.18015448245145,4.636669746311102,-0.2699663237359813,0.06901842278742595,-0.3343903204893863,0.08959961633191545
15.6,1.174482306831303,4.637569738901877,-0.28483492152965334,0.08327435321176727,-0.3574234505167754,0.09577132492191542
15.620000000000001,1.1684442657806942,4.6389570006561724,-0.3057728244196132,0.10191226102890107,-0.38057502283015776,0.10197477002679697
15.64,1.1620118127164063,4.640238680318342,-0.322590233218698,0.09260378027525674,-0.4037503200632154,0.10818457220474599
15.66,1.1551929863617594,4.641711014952745,-0.3472478563567953,0.11442432195145215,-0.42685447899972045,0.11437531293358284
15.68,1.1477696333513314,4.643201905040702,-0.3748894990902677,0.09670539073390588,-0.44979307397319074,0.12052169093222882
15.700000000000001,1.139934610687585,4.644480947738157,-0.39217440014876553,0.11219138543733632,-0.47247270026655896,0.1265986784821765
15.72,1.1316761324911657,4.646203291775567,-0.4154093246795847,0.12585377763903827,-0.4948015575118283,0.13258167774895624
15.74,1.1230190788679726,4.647744149888057,-0.4310454421790687,0.11622088342517813,-0.516690033089748,0.1384466771036082
15.76,1.1140373244710784,4.6495102260378935,-0.45165859460587116,0.137565019279837,-0.5380512855294713,0.1441704074441494
15.780000000000001,1.1045478716797628,4.651225550419704,-0.47577337331086034,0.11894759456320707,-0.5588018279082217,0.14973049851704337
15.8,1.0946827782582063,4.652859019802457,-0.49047832080019793,0.13993060294927268,-0.5788621112509507,0.1551056352386671
15.82,1.0844921340243692,4.654731839615404,-0.506368717327412,0.1314352679639079,-0.5981571079300126,0.16027571401678298
15.84,1.0740248062063116,4.656475013743407,-0.5200893825616847,0.1454116511508145,-0.616616895064822,0.16522199907200555
15.860000000000001,1.0631186602787315,4.658522387016089,-0.5481029981526518,0.15061236804024744,-0.6341772379215203,0.1699272787592715
15.88,1.0517744043173318,4.660292091331314,-0.563608118563772,0.1384859476077639,-0.6507801733126348,0.17437602188930676
15.9,1.0401435396688126,4.662268333905613,-0.5794172824064506,0.1642355019120017,-0.6663745929967507,0.17855453405009764
15.92,1.0281330928351762,4.664344229907053,-0.5949143075203559,0.14581186195935145,-0.6809168270781738,0.18245111392835928
15.94,1.015912482511158,4.666223988637394,-0.6047852939286139,0.16169298040548372,-0.6943712274065881,0.18605620963100294
15.96,1.0033940859596866,4.668441792227297,-0.6210302523596896,0.16251113518175803,-0.7067107509767262,0.18936257500660625
15.98,0.9906442969972438,4.670291678277735,-0.6309811405525043,0.1479323487601223,-0.7179175433280319,0.19236542596688191
16.0,0.9777154185074769,4.67236172375063,-0.6399320040606384,0.17642328844917887,-0.7279835219443248,0.19506259680814655
16.02,0.9645213722049032,4.674604745091044,-0.6514740896947679,0.15924328979807134,-0.736910959653461,0.19745469653278874
16.04,0.9511737303735734,4.676661080252406,-0.6587292169728097,0.17504440391596143,-0.7447130680270061,0.19954526517074025
16.06,0.9376436659179617,4.679015678742911,-0.6672256208265909,0.17097352776129254,-0.7514145807798873,0.20134093010094162
16.080000000000002,0.9239883702261238,4.681018084168458,-0.6741134448933732,0.16205453981899295,-0.7570523371700694,0.20285156237281432
16.1,0.910199960216927,4.6832681055180325,-0.6790546923469629,0.1793382005363733,-0.761675865398208,0.20409043302772656
16.12,0.8963289111730206,4.685416424449075,-0.683416630176803,0.16683273375942356,-0.7653479660073201,0.20507436942046398
16.14,0.8823387953279547,4.6877364241547115,-0.6883051120064894,0.18903661119806656,-0.7681452952824528,0.20582391154069976
16.16,0.8682868485896046,4.690111280143292,-0.6904373108448589,0.16819411709717721,-0.7701589486503373,0.2063634683344606
16.18,0.8542054056785461,4.69224745342942,-0.6929151391973337,0.17947294223218832,-0.7714950440790566,0.20672147402559685
16.2,0.8400413201602576,4.694752110811096,-0.6940570639186945,0.18516793566757375,-0.7722753054777162,0.20693054443725287
16.22,0.8258962261642075,4.696961276610266,-0.6956752333601728,0.17084271953976876,-0.7726376460960971,0.20702763331333304
16.240000000000002,0.8117052277953477,4.699320052029478,-0.6962239176892222,0.1865495508727221,-0.7727367519243291,0.207054188639973
16.26,0.7975365486799744,4.70159722368904,-0.694976476666934,0.165540672867382,-0.7727406698483268,0.2070552031762556
16.28,0.7833790050466813,4.703805124388563,-0.6957413000471973,0.1847867796502046,-0.7727413707588585,0.20705258734253965
16.3,0.7692389557693728,4.706187438756849,-0.6918370667648226,0.17085095355466084,-0.7727460690292949,0.2070350531585634
16.32,0.7551550759792992,4.708451758534833,-0.6907455850064995,0.1860892132114518,-0.7727610472239888,0.20697915377496012
16.34,0.7410573282527478,4.71089361361237,-0.6921905920738042,0.1738677028044785,-0.7727949726897111,0.20685254221321392
16.36,0.7269497951985437,4.713198745584367,-0.6926733778209659,0.188650250329365,-0.7728580428520827,0.20661716116280135
16.38,0.7127970370117337,4.71569137333029,-0.694628328298109,0.17573941499622064,-0.7729609310217369,0.20623317728615417
16.4,0.6986198005139248,4.7179902548341985,-0.6969251658541723,0.1872793698320928,-0.7731135999188536,0.20566340920537896
16.42,0.6844251878113886,4.720518096407912,-0.6950173238016858,0.18023539518282913,-0.7733240597878508,0.20487796228132732
16.44,0.670251201668318,4.722680779296413,-0.6976053730691684,0.1707429382264919,-0.7735971534205534,0.20385876296885777
16.46,0.6560347893381161,4.725067352483586,-0.6963801917533694,0.18398694213199146,-0.773933451300259,0.20260368219531844
16.48,0.6418751152563607,4.727269596798027,-0.6954133947817722,0.170112242060596,-0.7743283363189684,0.20112995124234753
16.5,0.6276893701902221,4.729627147415105,-0.6957905360160235,0.18294048711444075,-0.7747713492442881,0.19947660449664456
16.52,0.6135145362808804,4.731858896125753,-0.6973149402608966,0.17157877825767828,-0.7752458536946086,0.1977057297796306
16.54,0.5992847106049826,4.734195838603286,-0.6994273458466562,0.18120990899486095,-0.7757290634120734,0.1959023665633415
16.56,0.5850513023976126,4.736387788440439,-0.6982438959949914,0.16959594669999295,-0.7761924558828208,0.19417296231866704
16.580000000000002,0.5708193005045108,4.738719686480589,-0.6996248449237034,0.181635651056282,-0.7766025757746374,0.19264237404521267
16.6,0.5565757089747195,4.740878457593274,-0.7000949035836884,0.16621346778770915,-0.7769222102810048,0.19144948182759752
16.62,0.5423179461025599,4.7431569846828685,-0.6996372424901541,0.18342140956250885,-0.7771118973698529,0.19074155997447673
16.64,0.5280762049952713,4.745350954868071,-0.6997623604568679,0.15558473636085615,-0.7771317082280303,0.19066762484521665
16.66,0.513865814016137,4.747243012561015,-0.6993424578041354,0.1678520993954208,-0.7769432279076102,0.19137104297725194
16.68,0.499612771224272,4.7495695060915155,-0.6997915978079633,0.17645236312263615,-0.7765116442505237,0.19298173511321515
16.7,0.48536769562885407,4.751635219646273,-0.7013639893555085,0.16360616148883325,-0.7758078453730021,0.19560834828243565
16.72,0.47109955465436326,4.753910011185245,-0.6998850455031332,0.1826271444041507,-0.7748104209164564,0.19933078703097581
16.740000000000002,0.45687274967375235,4.756109121161288,-0.6985419030095512,0.16054169097497958,-0.7735074622775623,0.20419349487148933
16.76,0.44265720909300654,4.758275057026497,-0.6978640557555571,0.1832841442807094,-0.7718980622331939,0.21019985760677562
16.78,0.4285001378627004,4.760671431977644,-0.6932855595212604,0.17013471452556306,-0.7699934246377588,0.2173080618829457
16.8,0.41439312858941185,4.762929064522283,-0.6919796380856308,0.18522420899084432,-0.767817509804074,0.22542868659519985
16.82,0.40032637930401355,4.765674394445182,-0.6838575250812001,0.1992824908252188,-0.7654071601631549,0.23442423391911538
16.84,0.38643734342453506,4.7682635605925965,-0.6791030305185746,0.187942886883732,-0.7628116730059625,0.24411072386014993
16.86,0.37258178602870506,4.7711000238976675,-0.6750327810510757,0.2137492198362142,-0.7600918115455392,0.2542613850199984
16.88,0.35884016015358294,4.774150747780907,-0.6707894521925752,0.2031070764222512,-0.7573182710828645,0.26461237894354783
16.9,0.3450921250866953,4.777149088001825,-0.6723512705413576,0.21997885358567199,-0.7545696425259745,0.27487040036899646
16.92,0.33137575354226834,4.780512445988213,-0.6661513363938987,0.22479710989685872,-0.7519299396972493,0.28472190544268217
16.94,0.3176242501849187,4.783875515874845,-0.6722886399928445,0.2328757569117071,-0.7494857786095144,0.29384363880399167
16.96,0.30390837063092935,4.787545119855706,-0.6659073506064604,0.24535712631395823,-0.7473233151378352,0.30191406234980983
16.98,0.2901656432167024,4.791218911258519,-0.6695493396853686,0.24315798809946365,-0.7455250613511109,0.30862523684676857
17.0,0.2764841779013271,4.795117663896926,-0.6597474158622384,0.25655834458871357,-0.7441667094809044,0.31369467504093523
17.02,0.2629338402077531,4.799049155364417,-0.6591998659772436,0.25394761442240815,-0.743314095610018,0.31687667332632086
17.04,0.2494063263687062,4.803107792645776,-0.6558997533132169,0.26285960004525755,-0.7430204324308414,0.3179726392313207
17.06,0.23580164681733268,4.8071612235847985,-0.6630079945374548,0.25689864948132246,-0.7433239318924502,0.31683996382052665
17.080000000000002,0.2222099823105269,4.811280152810497,-0.6552329986353528,0.2666723733874633,-0.7442459245332727,0.3133990404407726
17.1,0.2087032223975492,4.81532175605831,-0.6623800198546408,0.25067743682820204,-0.7457895633465494,0.3076381019610883
17.12,0.19505119213728095,4.8192468462015,-0.6595931568878479,0.25743056681833315,-0.7479391769442759,0.29961563479773223
17.14,0.18152090349788902,4.8231749404813975,-0.6586241979650914,0.2405235784331112,-0.7506603105635407,0.28946022587645226
17.16,0.16790678361088807,4.82681153483086,-0.6668266071541509,0.24304743401307086,-0.7539004652403899,0.27736780399806915
17.18,0.15416164425293846,4.830451724586369,-0.6734839551846056,0.22785302114855766,-0.7575905165029905,0.26359634520351005
17.2,0.1402628051687254,4.833751249835237,-0.6815047785070298,0.22457386963781448,-0.7616467654927007,0.24845821788576178
17.22,0.12627194990012228,4.837100111431052,-0.684881025123508,0.2161716613150384,-0.7659735487765035,0.23231044283727
17.240000000000002,0.11227233885597214,4.839920205349832,-0.6868335132589294,0.19273125691217588,-0.7704663094594635,0.2155432317022152
17.26,0.09822962141784114,4.842747459931525,-0.6881806508396674,0.19693019717491525,-0.7750150126030465,0.1985672404618155
17.28,0.08415716240717407,4.845190731751222,-0.6965184726434505,0.16888750804100527,-0.7795077732860057,0.18180002932676367
17.3,0.06991495770737462,4.847480902748692,-0.70233196434839,0.17862138248169557,-0.7838345565698085,0.16565225427827193
17.32,0.05562106709152312,4.849613433773421,-0.704458899361291,0.14703489418447577,-0.7878908055595187,0.15051412696052366
17.34,0.04130381892923487,4.851359053635949,-0.7077347012664794,0.15404768378578082,-0.7915808568221193,0.13674266816596448
17.36,0.02694868159837413,4.853117148973292,-0.7091582316536577,0.13150847711550726,-0.7948210114989686,0.1246502462875814
17.38,0.012514593060913237,4.8544258951348755,-0.7173518506868253,0.12803508771718672,-0.7975421451182333,0.11449483736630142
17.400000000000002,-0.002028673345434601,4.855916942272736,-0.7190980752104618,0.1296648444252909,-0.7996917587159601,0.10647237020294413
17.42,-0.016563374167087096,4.857021024624888,-0.7206361798198815,0.1104668975917633,-0.8012353975292368,0.10071143172326023
17.44,-0.031142373938966114,4.858217014196545,-0.7218038423480111,0.11891528056265796,-0.802157390170059,0.09727050834350698
17.46,-0.04571224347886621,4.859145554682071,-0.7236139131562531,0.1025985344806479,-0.8024608896316678,0.09613783293271287
17.48,-0.06033823796846969,4.860185950571173,-0.7250370456637064,0.11188191929818642,-0.8021672264524912,0.09723379883771273
17.5,-0.07495875752630086,4.860997505749214,-0.7256913845752856,0.09746754249888813,-0.8013146125816049,0.10041579712309841
17.52,-0.08960077289153194,4.861995558578775,-0.7249577488773655,0.11525727873924094,-0.7999562607113984,0.10548523531726509
17.54,-0.10419447219717906,4.862913253161807,-0.7224732359887559,0.09781859199365105,-0.798158006924674,0.11219640981422378
17.56,-0.11877262806855758,4.863924477462383,-0.7222259993867677,0.12550701795560013,-0.7959955434529948,0.12026683336004201
17.580000000000002,-0.13334876511685695,4.865260114153445,-0.7204636181828318,0.11729012350954413,-0.7935513823652595,0.12938856672135313
17.6,-0.1479073008803597,4.866544681518427,-0.719796592848068,0.13580890081399336,-0.7909116795365347,0.13924007179503714
17.62,-0.1624407121235007,4.868147970701123,-0.7154338910437884,0.13220119493547894,-0.7881630509796447,0.14949809322048574
17.64,-0.17689329850481458,4.8696689141159535,-0.7135196110203734,0.14521639261194724,-0.78538951051697,0.15984908714403526
17.66,-0.19134460714993917,4.8717031973602385,-0.7087189590797136,0.16350970118667096,-0.7826696490565467,0.1699997483038837
17.68,-0.2056860446556828,4.873674649323606,-0.7059579288234308,0.15692177267256727,-0.7800741618993543,0.1796862382449183
17.7,-0.22001468039447303,4.875918499742852,-0.7047024901690168,0.17639856057998723,-0.7776638122584352,0.1886817855688337
17.72,-0.23431299949916945,4.878145979917063,-0.7024094270871285,0.16374890024826527,-0.7754878974247505,0.19680241028108783
17.740000000000002,-0.2485859023216975,4.88053258317927,-0.6996034778372566,0.19044107804547813,-0.773583259829315,0.20391061455725917
17.76,-0.26271033885825834,4.883172988451072,-0.6891657419942863,0.17896808690291494,-0.7719738597849466,0.20991697729254524
17.78,-0.27670675297142017,4.8857281467622835,-0.6857859237086802,0.19469222250083695,-0.7706709011460529,0.21477968513305784
17.8,-0.29075524583978307,4.888588711740859,-0.692026677634773,0.19003645587814055,-0.7696734766895071,0.21850212388159798
17.82,-0.30486657906753073,4.8910186348537135,-0.695349667270299,0.17680492832705746,-0.7689696778119856,0.22112873705081848
17.84,-0.3190367001286331,4.893644737691053,-0.6943335742104186,0.19282670473959576,-0.768538094154899,0.2227394291867817
17.86,-0.3331793337044692,4.89624554943183,-0.6952522233074238,0.1835141982828612,-0.7683496138344789,0.22344284731881697
17.88,-0.3473388381300808,4.899001196580725,-0.6937127610634772,0.2052755140617847,-0.7683694246926563,0.2233689121895569
17.900000000000002,-0.3614370411906492,4.90183513370315,-0.6894576633139451,0.18337560886646734,-0.7685591117815045,0.22266099033643594
17.92,-0.3754763069182524,4.904444054967759,-0.6893443510870939,0.1957076778984145,-0.7688787462878718,0.22146809811882073
17.94,-0.3895655645384239,4.9072537854424665,-0.693317659081558,0.18814313019988285,-0.7692888661796884,0.2199375098453666
17.96,-0.40369852957331304,4.909826711380722,-0.6946152269193926,0.18976620390828747,-0.7697522586504358,0.21820810560069215
17.98,-0.4178220047192409,4.912719807862477,-0.688119764689857,0.2001292198780021,-0.7702354683679005,0.21640474238440305
18.0,-0.4317858474162934,4.9154037855071735,-0.6841267344809646,0.18789846733928808,-0.7707099728182211,0.21463386766738907
18.02,-0.44572611579981114,4.918247960813795,-0.6833852303362254,0.1992974172960855,-0.7711529857435409,0.2129805209216861
18.04,-0.4597030139825215,4.920909584921891,-0.6905158790668582,0.1828174753849493,-0.7715478707622502,0.2115067899687152
18.06,-0.4738270316599571,4.923661958420996,-0.694057195104459,0.20345862017703054,-0.7718841686419559,0.21025170919517586
18.080000000000002,-0.4879557505086103,4.92641214035588,-0.6929992157025604,0.17866423382962626,-0.7721572622746584,0.20923250988270614
18.1,-0.502077135983342,4.9289083771509175,-0.6942312137953732,0.18967273297069526,-0.7723677221436556,0.20844706295865467
18.12,-0.516250438032474,4.931581427236882,-0.6976078607410588,0.18055996465066826,-0.7725203910407723,0.20787729487787945
18.14,-0.5304425706220205,4.934003743702292,-0.697871056629894,0.18346097012173612,-0.7726232792104265,0.20749331100123228
18.16,-0.5446151403673284,4.936782330098358,-0.6904628898232971,0.19551597161256845,-0.7726863493727981,0.2072579299508197
18.18,-0.5586313291616095,4.9393749644581595,-0.6880672700083147,0.18292361141984267,-0.7727202748385205,0.2071313183890735
18.2,-0.5726641745323563,4.942111876195224,-0.6904391666746454,0.1954050594185489,-0.7727352530332143,0.20707541900547022
18.22,-0.5867803762303155,4.944687484985424,-0.6960591814097181,0.177187329713161,-0.7727399513036507,0.20705788482149398
18.240000000000002,-0.6009839752994534,4.947315139657534,-0.6967434239509653,0.1993300147190033,-0.7727406522141824,0.20705526898777804
18.26,-0.6150866593048155,4.950080815851343,-0.6890115580454537,0.1824540524656736,-0.7727367519243293,0.20705418863997307
18.28,-0.6291004542422841,4.952687286015006,-0.6869496907181359,0.19544311278375875,-0.7726376460960969,0.207027633313333
18.3,-0.6431210595325678,4.9554789282229095,-0.6898524136374813,0.18422766289477255,-0.7722753054777161,0.2069305444372528
18.32,-0.6572508011625202,4.957948653947789,-0.6981147616391871,0.1849005664725198,-0.7714950440790573,0.20672147402559704
18.34,-0.6714548602237868,4.9607007645876005,-0.6937654232747126,0.19203458392876513,-0.7701589486503372,0.20636346833446056
18.36,-0.6855542852805308,4.963202460762534,-0.6923608425159316,0.17915163125138328,-0.7681452952824532,0.20582391154069987
18.38,-0.6996407644886611,4.9658680030862525,-0.691366788979117,0.1919255259372849,-0.7653479660073206,0.20507436942046414
18.400000000000002,-0.7137150247388578,4.968366286149228,-0.6911963722403541,0.1765829269235828,-0.7616758653982062,0.2040904330277261
18.42,-0.7277994086987158,4.971001369818067,-0.6904533508680478,0.19644926802713222,-0.7570523371700684,0.20285156237281407
18.44,-0.7418261424791801,4.9735843232572945,-0.6880861743011951,0.16955474313735067,-0.7514145807798877,0.20134093010094176
18.46,-0.7558098778162369,4.9758844484108415,-0.6863488601036081,0.17964297041913557,-0.7447130680270061,0.19954526517074025
18.48,-0.7696797916620502,4.978454774365925,-0.6759962663794348,0.1759268835572732,-0.7369109596534618,0.19745469653278894
18.5,-0.7833498387664888,4.980580555550185,-0.6701232232461889,0.15586852780867802,-0.7279835219443244,0.19506259680814642
18.52,-0.7969238976178683,4.982858295579704,-0.6623435639084154,0.17811503732438502,-0.717917543328032,0.19236542596688194
18.54,-0.810304551338936,4.985214120964226,-0.6542400882852462,0.15690201442947235,-0.7067107509767266,0.1893625750066064
18.56,-0.8235462303807977,4.987337844493058,-0.6489979081100642,0.16857568729015954,-0.6943712274065889,0.18605620963100314
18.580000000000002,-0.8366010283503285,4.989734165866139,-0.6335509509686819,0.16222993427546334,-0.6809168270781726,0.18245111392835897
18.6,-0.8493545879934209,4.991684750448413,-0.6233498303394666,0.1435789908433346,-0.6663745929967498,0.1785545340500974
18.62,-0.8619180871328459,4.993770601946637,-0.6093830415480804,0.15976591363961204,-0.6507801733126328,0.1743760218893062
18.64,-0.874139799178827,4.995823424470551,-0.5944503489632558,0.1365544275545077,-0.6341772379215183,0.16992727875927097
18.66,-0.886112942256092,4.9976629810456625,-0.58523391582489,0.14876227123322286,-0.6166168950648215,0.16522199907200544
18.68,-0.8978374553934377,4.999737161114645,-0.5665099380440244,0.14022821727519144,-0.5981571079300124,0.1602757140167829
18.7,-0.9091488170051487,5.001498357986937,-0.5494303475279355,0.1344773607493696,-0.5788621112509506,0.15510563523866708
18.72,-0.920218717063305,5.003568152220981,-0.537233082073509,0.14856258061841057,-0.5588018279082217,0.14973049851704337
18.740000000000002,-0.9309795810460707,5.005450749521873,-0.5182385107910937,0.12835557747038498,-0.5380512855294695,0.1441704074441489
18.76,-0.9413490958942776,5.007418541093219,-0.49915217702182946,0.1495558262403986,-0.5166900330897461,0.1384466771036077
18.78,-0.951295771049321,5.0095365514725145,-0.4781480031743851,0.13205225744239427,-0.49480155751182614,0.13258167774895568
18.8,-0.9608736942106003,5.01142819690011,-0.4624699789430349,0.13794890001510773,-0.4724727002665569,0.12659867848217596
18.82,-0.970097432779512,5.013401332390745,-0.44149379720637066,0.122704065838284,-0.4497930739731908,0.12052169093222884
18.84,-0.9788369360152125,5.015092213762583,-0.419189436186943,0.12370350893533054,-0.42685447899972057,0.11437531293358287
18.86,-0.9871949560711915,5.017096317173266,-0.3980197885704185,0.13074209231488002,-0.4037503200632155,0.10818457220474602
18.88,-0.9951321154577037,5.018844051093725,-0.37914040586538805,0.11140262785134504,-0.3805750228301578,0.10197477002679699
18.900000000000002,-1.002682905335672,5.020623615338511,-0.35801861604515034,0.11850794758207904,-0.3574234505167732,0.09577132492191483
18.92,-1.00974553436537,5.022179385235172,-0.3336057702088386,0.09153107524241844,-0.33439032048938416,0.08959961633191489
18.94,-1.0163690973672665,5.023633542632256,-0.31682292598084644,0.11011096618047199,-0.31156962086472006,0.08348482829677291
18.96,-1.0226810853025652,5.02530644267652,-0.3007636095145541,0.09450116091337771,-0.28905402711026973,0.07745179313316071
18.98,-1.0285494169914653,5.026525140490826,-0.2751434547992634,0.08155315211591796,-0.26693431864461425,0.07152483511297644
19.0,-1.0340047397558454,5.02794131845912,-0.25820312732729367,0.0923925089393242,-0.2452987954377614,0.0657276141418754
19.02,-1.03907820273306,5.0291171361368106,-0.23522511194171014,0.06761484380096344,-0.22423269461148193,0.060082969437801205
19.04,-1.0436861455008628,5.030305279021002,-0.21671069763832457,0.09005447334980897,-0.20381760703964508,0.05461276320951687
19.06,-1.0479531416384433,5.031749652408295,-0.19949241626331354,0.07580528921483225,-0.18413089394855575,0.04933772433513627
19.080000000000002,-1.0518402979743315,5.032688384273367,-0.18085173209535582,0.05794728453517486,-0.16524510351728441,0.04427729204065368
19.1,-1.055409160093826,5.033756341966274,-0.16660890748736662,0.06695800643697326,-0.14722738747801886,0.03944945957847918
19.12,-1.0586559005526337,5.034586909082674,-0.14904560932351657,0.047359296864829384,-0.1301389177163781,0.03487061790596387
19.14,-1.061523175455013,5.035515806381195,-0.12836464770597425,0.0642899056894802,-0.1140343028717633,0.030555399363935067
19.16,-1.063990305704955,5.036389674725468,-0.11210990593023396,0.0362276111380868,-0.09896100493768817,0.02651652135522592
19.18,-1.0661453336169293,5.036954501163984,-0.09933790870195545,0.045599848924277736,-0.08495875586211703,0.022764630023207194
19.2,-1.0680436604676729,5.037748780198108,-0.08531484726506643,0.037314160122238364,-0.07205897414779713,0.01930814393031741
19.22,-1.0696642118294895,5.0381090756732405,-0.07409481698766374,0.021849861720276687,-0.06028418145259911,0.016153097736595214
19.240000000000002,-1.0711006148016033,5.038640555097357,-0.0644588190612445,0.03297790485259286,-0.049647419189849,0.013302985878209479
19.26,-1.0723204499192842,5.038995505264327,-0.05540389593498953,0.02088414450491803,-0.0401516651286681,0.010758606245991498
19.28,-1.0734201063444544,5.039555715656384,-0.049458988608553474,0.033881548957929025,-0.031789249994304075,0.008517903863964858
19.3,-1.074366039183289,5.0399386725356585,-0.0419698462387127,0.01953510784373598,-0.02454127406846704,0.0065758145678766035
19.32,-1.0751677459398223,5.040462250911557,-0.03168789701617006,0.03231503319729041,-0.018377023789669295,0.004924108683729423
19.34,-1.0757023911515617,5.040881725908754,-0.022190340067878015,0.01659286660493886,-0.013253388353560677,0.003551234706312634
19.36,-1.0762119598215663,5.041355102184593,-0.023555243082970058,0.03820164739538941,-0.009114276313259891,0.002442162977732101
19.38,-1.0766528907321211,5.042036665929508,-0.01601109853394372,0.025307455088272448,-0.005890032179692973,0.0015782293659420592
19.400000000000002,-1.0769907731238604,5.042499314580921,-0.013625123396291072,0.033042741544456605,-0.003496853021929741,0.0009369789432764061
19.42,-1.0772412859519218,5.043254964219885,-0.006316713179432397,0.03286383003201748,-0.001836205067522626,0.0004920096649806233
19.44,-1.0773474821876325,5.04362792387699,-0.0019134550021765234,0.015301416437565524,-0.0007942403028359004,0.0002128160477411301
19.46,-1.0774169609003184,5.044147081630765,-0.0025422162085429784,0.030468478062306906,-0.00024121307338073974,6.463284821619842e-5
19.48,-1.0775038202916034,5.044529358718143,-0.002853679317468207,0.011363769266634951,-3.0896684160579586e-5,8.278741569626768e-6
19.5,-1.0775985324103157,5.044971746751244,-0.0033929796483898327,0.038371838618103345,3.263325085903179e-64,4.2962489799875584e-65
19.52,-1.0777183040563043,5.045705878117824,-0.003196002931954507,0.02573245070210588,3.263325085903179e-64,4.2962489799875584e-65
19.54,-1.0778132688618927,5.046114970856731,-0.0034026394430634065,0.027079689624875603,3.263325085903179e-64,4.2962489799875584e-65
19.56,-1.0779392170945594,5.046926271453833,-0.003273955281874475,0.04464707569506992,3.263325085903179e-64,4.2962489799875584e-65
19.580000000000002,-1.0780472249242894,5.047541076114896,-0.0032569137625352105,0.020870062960293468,3.263325085903179e-64,4.2962489799875584e-65
19.6,-1.0781606913802846,5.048148558887869,-0.0035836517374067847,0.045455440136128004,3.263325085903179e-64,4.2962489799875584e-65
19.62,-1.0782924820243789,5.049003000402034,-0.003380997879716959,0.03120016060412927,3.263325085903179e-64,4.2962489799875584e-65
19.64,-1.0783964619091628,5.049527067461614,-0.0033166027634117965,0.03295090558572973,3.263325085903179e-64,4.2962489799875584e-65
19.66,-1.078531401646161,5.050447189336104,-0.0035624357119066175,0.04964134694742819,3.263325085903179e-64,4.2962489799875584e-65
19.68,-1.0786504040639406,5.051148907523942,-0.0032127885622055923,0.02401885997195607,3.263325085903179e-64,4.2962489799875584e-65
19.7,-1.0787622370242345,5.0517989997287485,-0.0032195588200715393,0.04680924884969719,3.263325085903179e-64,4.2962489799875584e-65
19.72,-1.0788851602958645,5.052671255002755,-0.002876288618655988,0.032031454912717895,3.263325085903179e-64,4.2962489799875584e-65
19.740000000000002,-1.078991093224524,5.053240895779773,-0.003609714437814899,0.03622495343064148,3.263325085903179e-64,4.2962489799875584e-65
19.76,-1.0791305678089937,5.054166282067873,-0.0033710288653145677,0.04572236631216345,3.263325085903179e-64,4.2962489799875584e-65
19.78,-1.079244290452777,5.054842369085651,-0.0034196913891748376,0.03251653131422717,3.263325085903179e-64,4.2962489799875584e-65
19.8,-1.079379481490511,5.055701659187704,-0.0036685183399941443,0.04454841739019968,3.263325085903179e-64,4.2962489799875584e-65
19.82,-1.0794962296124246,5.056337875102945,-0.003725111557064671,0.02803105042670191,3.263325085903179e-64,4.2962489799875584e-65
19.84,-1.0796238609226687,5.057062182455321,-0.00342549564133287,0.037629905636429255,3.263325085903179e-64,4.2962489799875584e-65
19.86,-1.0797235892795203,5.057600813828024,-0.0032566993081672097,0.024840510632833244,3.263325085903179e-64,4.2962489799875584e-65
19.88,-1.0798428139045853,5.058274252642061,-0.003346926190055168,0.0342105918594284,3.263325085903179e-64,4.2962489799875584e-65
19.900000000000002,-1.07993040444383,5.058715223918417,-0.0026589376240028694,0.020190973014184477,3.263325085903179e-64,4.2962489799875584e-65
19.92,-1.080028213617945,5.059333350154637,-0.002373305318926905,0.03245533249926982,3.263325085903179e-64,4.2962489799875584e-65
19.94,-1.0800965673210505,5.0597446328895215,-0.00201642839285137,0.01883474775106599,3.263325085903179e-64,4.2962489799875584e-65
19.96,-1.080183985380764,5.060338870872847,-0.0021308296258566693,0.03134179103103373,3.263325085903179e-64,4.2962489799875584e-65
19.98,-1.0802485783251352,5.060731334744722,-0.0019936574268014985,0.018006808851504953,3.263325085903179e-64,4.2962489799875584e-65
20.0,-1.0803344065785119,5.061311623892774,-0.0020784532782945737,0.030792123898479087,3.263325085903179e-64,4.2962489799875584e-65
20.02,-1.0803970393777385,5.061695431287835,-0.0019869473653760347,0.01759802271987867,-2.7701209189435974e-5,-1.5993300582398982e-5
20.04,-1.0804831707922717,5.062267930601955,-0.002150344712917862,0.03044732146026582,-0.00021626572515857383,-0.00012486107463679212
20.06,-1.0805486155750614,5.062643836453396,-0.0024695903702527506,0.016979093057434568,-0.0007120963745288263,-0.00041112903352317413
20.080000000000002,-1.0806480772150768,5.063199662596637,-0.0029576708004487168,0.02966303892739205,-0.0016462964254122193,-0.0009504896843776627
20.1,-1.0807260953718025,5.063562218325367,-0.003172268397887954,0.01640463616935009,-0.0031351926492400426,-0.0018101043200000732
20.12,-1.0808416683875668,5.064104286305733,-0.003949490664427099,0.02894703852894466,-0.005280858382593195,-0.0030489050087424705
20.14,-1.0809417428486472,5.064446652879803,-0.00527646659627032,0.014561964817861574,-0.00817163658903102,-0.004717896584396851
20.16,-1.0811186208326369,5.06493027982078,-0.007718645842057119,0.02664889095637412,-0.01188266292092082,-0.006860458636083215
20.18,-1.0812983900186397,5.065242208040617,-0.010837429295257748,0.012095086973667537,-0.016476388781267223,-0.009512647498137553
20.2,-1.0816132510548326,5.0656352357723895,-0.015361825200604235,0.024730507185157187,-0.022003104385541598,-0.012703498239999868
20.22,-1.0819157097950782,5.065882879911115,-0.015530784760230194,0.00042997301076344585,-0.028501461823511452,-0.016455326656102165
20.240000000000002,-1.0823292125297435,5.065944304103584,-0.024606281224104607,0.014972230088377206,-0.035998998121071164,-0.020784031255757254
20.26,-1.0828518538194758,5.066138672048436,-0.026590520592488887,-0.000521784337254699,-0.04451265830206596,-0.025699395253043593
20.28,-1.0835111266634705,5.066051970995721,-0.039691158587389454,0.005783521718306645,-0.05404931845012927,-0.031205388556697918
20.3,-1.084399117048577,5.066146401714403,-0.047069184973063026,-0.0009578285196820132,-0.0646063087705069,-0.03730046976000021
20.32,-1.0853781047964126,5.06574466074456,-0.053700584334895184,-0.022244001071656676,-0.07617193665188775,-0.043977888130662474
20.34,-1.086521292187399,5.065418122831456,-0.06463465378968311,-0.009019144046837855,-0.08872600972823316,-0.051225985600716735
20.36,-1.0878945633760584,5.064856307895159,-0.07667122054919313,-0.03800696641665678,-0.10224035894060624,-0.059028498756402925
20.38,-1.089511964101237,5.064078286141345,-0.0888923117183545,-0.021828761069693357,-0.11667936159900151,-0.06736486082805715
20.400000000000002,-1.0913281701018933,5.063428096881305,-0.09709914711605086,-0.039213423780096984,-0.1320004644441766,-0.07621050368000093
20.42,-1.0934135766261852,5.062414905421562,-0.116872407988174,-0.037074288509811586,-0.14815470670947117,-0.08553715980042317
20.44,-1.0958399997733563,5.061630554836186,-0.1292347173753042,-0.03588868829827501,-0.1650872431826522,-0.09531316429127738
20.46,-1.0984523041569902,5.060451609368232,-0.13981990042164963,-0.05437593476178933,-0.18273786726773278,-0.10550375685816354
20.48,-1.1012661399145882,5.059343524937872,-0.14766949317299155,-0.04627644777367778,-0.2010415340468044,-0.11607138380021774
20.5,-1.104238430747282,5.057908815870192,-0.16491115918998062,-0.07292817891253602,-0.21992888334186586,-0.12697599999999995
20.52,-1.1077417522901825,5.056300344441364,-0.1933428534393719,-0.059213051318007484,-0.23932676277665274,-0.13817537091338206
20.54,-1.1116878512244426,5.05470666317646,-0.21007317082599034,-0.08055769114606927,-0.2591587508384675,-0.14962537455943625
20.56,-1.1159720436453853,5.0526286900570625,-0.2309808022323369,-0.08705056882578924,-0.27934567994000764,-0.16128030351032233
20.580000000000002,-1.1206368937299054,5.050723703867391,-0.24592619263026114,-0.08127779419130794,-0.29980615948120004,-0.1730931668811786
20.6,-1.1255366575772177,5.048451924855415,-0.2619948900564549,-0.11025759143736863,-0.3204570989110148,-0.1850159923200008
20.62,-1.1308728357683062,5.045922107110105,-0.285480281128367,-0.09973441363569646,-0.34121423078931656,-0.19700012799754285
20.64,-1.1365635798231548,5.0434318228887705,-0.297580591417079,-0.11859131218550067,-0.36199263384868013,-0.20899654459719696
20.66,-1.1424671725770643,5.0403576271736155,-0.3157580164936369,-0.14021773849181773,-0.38270725605622297,-0.2209561373048832
20.68,-1.1487624150626696,5.037208303229807,-0.33105296393504846,-0.13843989570804838,-0.40327343767543383,-0.2328300277989373
20.7,-1.1552936556704392,5.033705368343523,-0.3494675407585125,-0.1624211626648729,-0.4236074343280038,-0.24456986623999952
20.72,-1.1623762255690762,5.030025849969434,-0.3802858114083628,-0.15824224871079795,-0.44362694005565395,-0.25612813326090156
20.740000000000002,-1.169891977943424,5.026100879794569,-0.3944654342154498,-0.18594115723398214,-0.4632516103819699,-0.2674584419565577
20.76,-1.177684862488815,5.021786101177643,-0.4128469333614604,-0.18421774462863846,-0.48240358537421596,-0.278515839873844
20.78,-1.185815839430699,5.017447181112887,-0.4266332509938362,-0.20007656438379587,-0.5010080127051855,-0.28925711100149804
20.8,-1.1942348515718981,5.012720445383016,-0.44744960473912765,-0.2060918886627843,-0.5189935707150176,-0.29964107776000026
20.82,-1.2030990802130566,5.008095684079613,-0.46557698760903027,-0.20298242422419957,-0.5362929914730286,-0.3096289029914625
20.84,-1.2121961610113987,5.003175116809348,-0.478846917332762,-0.22184233543035772,-0.552843583839542,-0.3191843919495168
20.86,-1.2216738489896384,4.998126373077501,-0.4979569039384012,-0.21981222859562627,-0.5685877565277174,-0.3282742942892028
20.88,-1.2313627117172494,4.992837242767773,-0.5061750601538427,-0.24398491455543087,-0.5834735411653816,-0.33686860605685703
20.900000000000002,-1.2413089439304703,4.987271694546927,-0.5216869330746278,-0.23466866505043016,-0.5974551153568581,-0.3449408716800007
20.92,-1.2514571889149033,4.981785870319425,-0.5285018700775606,-0.2510617472800078,-0.6104933257447874,-0.35246848595722263
20.94,-1.2618339052142484,4.975939367633366,-0.5484768709122809,-0.25253651277017664,-0.6225562110719731,-0.3594329960480769
20.96,-1.2726182090010454,4.970238181372553,-0.5628746738690262,-0.25039807280280096,-0.6336195252431981,-0.365820403462963
20.98,-1.2835444259792972,4.964276065624794,-0.5701699420046575,-0.26510139572976626,-0.6436672603870595,-0.37162146605301744
21.0,-1.2946576593553174,4.958348795798307,-0.5771184111423866,-0.25673965516652436,-0.6526921699177958,-0.37683200000000006
21.02,-1.305840370049828,4.952200772335952,-0.581419553344112,-0.2769933058163675,-0.6606962915971154,-0.38145318180618176
21.04,-1.3171625655466002,4.946066411912933,-0.5923458242344262,-0.2572973036212841,-0.667691470596033,-0.38549185028423644
21.06,-1.3287119810658885,4.940029446055318,-0.5979897495540555,-0.2700645647437409,-0.6736998825566877,-0.38896080854712256
21.080000000000002,-1.3403331638797338,4.933763866570285,-0.6051976122190775,-0.26793111602178793,-0.6787545566541836,-0.3918791259979777
21.1,-1.352097990810393,4.927605936427025,-0.6088103838789033,-0.27351067862206124,-0.6828998986584093,-0.3942724403200005
21.12,-1.3637693224397767,4.921189934404009,-0.5979524909524857,-0.2795432093217758,-0.6861922139958726,-0.396173259466342
21.14,-1.3753790602986737,4.914899051916736,-0.6030525608236111,-0.27615229761082793,-0.6887002308115342,-0.3976212636499964
21.16,-1.3869748734441976,4.908396260857702,-0.6003718998263866,-0.29020569100864163,-0.690505623030628,-0.39866360733368306
21.18,-1.3986939643087661,4.901990043585742,-0.6147128927895467,-0.270722258827531,-0.6917035334204936,-0.399355221219737
21.2,-1.4106450977129694,4.895659800218031,-0.6162888635675049,-0.2813910943998352,-0.6924030966524114,-0.3997591142399999
21.22,-1.4226021832159261,4.889264787022644,-0.6242989214711013,-0.2719835290761508,-0.6927279623634219,-0.3999466755457023
21.240000000000002,-1.4347041181696856,4.882941578406105,-0.6218481865516103,-0.28104697319834765,-0.6928168182181635,-0.39999797649735647
21.26,-1.4467012101117491,4.8764613410058235,-0.6211174348213996,-0.2753610865956301,-0.6928203059942758,-0.4000000295024982
21.28,-1.4587914722252238,4.870182537682891,-0.6253940378808783,-0.2772383701358957,-0.6928189519391067,-0.4000023747948472
21.3,-1.4707551445002878,4.86371486018481,-0.6126076976890107,-0.2818066545307711,-0.6928098755776,-0.40001809551412476
21.32,-1.4826812082607599,4.8573357240000625,-0.618013443551,-0.27938561547823676,-0.692780939927428,-0.4000682135303728
21.34,-1.4945512134683243,4.850772742054466,-0.6129981723446948,-0.2905525509005753,-0.6927154009604077,-0.4001817303511273
21.36,-1.5064581169059101,4.844359267986686,-0.6193120858436407,-0.27493339389487553,-0.6925935587630018,-0.4003927672275404
21.38,-1.5184093738722184,4.8378966282025395,-0.612788342208675,-0.2876429557138332,-0.6923947940824245,-0.40073703775305025
21.400000000000002,-1.5302404419364213,4.831399653483105,-0.6175021246967632,-0.2788824801399289,-0.6920998604212322,-0.40124787783909766
21.42,-1.5421861393899807,4.824934251778997,-0.6149455145158785,-0.2893152812082087,-0.6916932831755087,-0.4019520902858921
21.44,-1.5540732604231409,4.818377555706287,-0.616932012301714,-0.2774775072464233,-0.6911657067898638,-0.40286587939070284
21.46,-1.5660109658088397,4.811954558721057,-0.6151053845356167,-0.28736289328142123,-0.6905160291751957,-0.4039911540278479
21.48,-1.5778896387775814,4.805414559578745,-0.6166955593238094,-0.2805481758884488,-0.6897531698992239,-0.4053124650528565
21.5,-1.5897993981672682,4.7989414299165665,-0.6124425257157865,-0.2896965701986478,-0.6888973346473315,-0.40679481519204264
21.52,-1.6016330833553687,4.792334487222328,-0.6146159827383667,-0.28300598210926364,-0.6879806624408239,-0.40838253802759994
21.54,-1.6135465604563153,4.785846497249389,-0.6150881262074831,-0.2903552935788362,-0.687047172949598,-0.40999938925473484
21.56,-1.6253408699197618,4.779206655660117,-0.6092198958886764,-0.2881556917438256,-0.6861519674391923,-0.41154993068197326
21.580000000000002,-1.6371994828056993,4.772656426661142,-0.6129300513809731,-0.2906470592052154,-0.6853596766484311,-0.41292221858594047
21.6,-1.6489570300524405,4.765929545198165,-0.6086475316221663,-0.2975949253036406,-0.6847421901990843,-0.4139917364891944
21.62,-1.660780833878049,4.7593415660951965,-0.6129215227468503,-0.2890172196383339,-0.6843757428830205,-0.41462644185891423
21.64,-1.6725647821547707,4.752643043463439,-0.6079346566438228,-0.29593715306730395,-0.6843374712439112,-0.4146927302823404
21.66,-1.684361696175193,4.746053575149772,-0.6110127316383286,-0.28974929651367926,-0.6847015872623936,-0.4140620628384793
21.68,-1.6960875536440905,4.739350997349922,-0.6059058587013909,-0.29841902470671894,-0.6855353428635619,-0.4126179557761607
21.7,-1.7078890384298042,4.7327680743401475,-0.6142005110003929,-0.2853751692961681,-0.6868949778881845,-0.410262998833764
21.72,-1.7197350510917326,4.7261465712987745,-0.6082129187282369,-0.2959017538690419,-0.6888218539728841,-0.40692555155517496
21.740000000000002,-1.7314997818732305,4.7195989063253645,-0.6147100776290871,-0.28134899650370787,-0.6913389767726726,-0.40256576697705126
21.76,-1.7434263968184711,4.713134389933027,-0.613112265669262,-0.2886988907204511,-0.6944480989080449,-0.39718060947164935
21.78,-1.755307298411751,4.706630257480439,-0.6169307821839352,-0.27523541862693873,-0.698127576194349,-0.3908075678664752
21.8,-1.7673629392408128,4.7003803217888604,-0.6241911873571154,-0.2773865559167952,-0.702331120861672,-0.38352681493078633
21.82,-1.7794383743535103,4.6940538975865165,-0.6242484329502415,-0.26921293911309013,-0.7069875587987727,-0.3754616278414367
21.84,-1.7917211482647342,4.6880143334708535,-0.6368494287526818,-0.26099430359850373,-0.7120016549526402,-0.3667769585489026
21.86,-1.8040323408483174,4.681894641890826,-0.63126607076161,-0.2630097524638966,-0.7172560238097426,-0.3576761247266935
21.88,-1.8163130519483281,4.676121474395871,-0.6321224441353743,-0.2436948671948688,-0.7226140925360528,-0.34839567746227845
21.900000000000002,-1.8286488177692584,4.670298151143537,-0.63807493508912,-0.2528276801248152,-0.7279240351560053,-0.33919858705924527
21.92,-1.8412441634572592,4.6646702158193705,-0.6556434650470326,-0.22985453442310302,-0.7330235494279923,-0.3303659692462412
21.94,-1.8540913973784539,4.65916813364093,-0.6584351888887132,-0.24089108644808252,-0.7377453060645002,-0.322187646850834
21.96,-1.8669108649859636,4.65371726219688,-0.6558949464032814,-0.21525477748685898,-0.7419228646959033,-0.3149519030496459
21.98,-1.8797205457410564,4.648569652016353,-0.655471163311535,-0.22531471379685614,-0.7453968242455418,-0.30893482860623295
22.0,-1.8926128409567695,4.643229617412473,-0.6666748400215218,-0.2160012036655375,-0.7480209585507828,-0.30438969466367116
22.02,-1.905782902300319,4.638300499890975,-0.6772048100962036,-0.20291059187755245,-0.7496680820662655,-0.3015367930485136
22.04,-1.9190544995788674,4.633239849051184,-0.6785138544785595,-0.20981616690848004,-0.7502353957642595,-0.3005541768997583
22.06,-1.9323631277641136,4.6284065815261215,-0.68046912648555,-0.19773646732946557,-0.7496490798277938,-0.3015697058910041
22.080000000000002,-1.9456741553696966,4.6233844169515885,-0.6794035506681972,-0.21568967360869304,-0.747867926820956,-0.3046547533949012
22.1,-1.9589885273663707,4.618377827242794,-0.6801134699902934,-0.20027304828957537,-0.7448858456285435,-0.30981986953245527
22.12,-1.972269343487677,4.613359499893716,-0.6759543088238944,-0.22052261958597758,-0.7407331110473713,-0.3170126168173939
22.14,-1.9853951945438606,4.608194066503174,-0.6681050875597538,-0.20529862879297842,-0.7354762845681087,-0.32611770736605017
22.16,-1.9984372491267888,4.603175386833664,-0.6641502829849004,-0.2208446065772858,-0.7292167864010287,-0.33695947622131683
22.18,-2.0112696742393044,4.597708515634162,-0.65011588478097,-0.23536117253381025,-0.7220881547712757,-0.34930662839249155
22.2,-2.023908718811088,4.592329370340029,-0.6464436311648302,-0.2306644572551638,-0.7142520834572358,-0.36287910204014184
22.22,-2.036438437701415,4.586648370818668,-0.6363273377661324,-0.2558065675249774,-0.7058933800200738,-0.37735680107870684
22.240000000000002,-2.0487517350297835,4.580693286368105,-0.6365718400409001,-0.25889755507059053,-0.6972140328700593,-0.39238987131906006
22.26,-2.061089095209139,4.5746105641623025,-0.6295518026443436,-0.27399673500609456,-0.6884266131850414,-0.40761012868094215
22.28,-2.073166708310985,4.5681743265689025,-0.6164566611978445,-0.2895340551954792,-0.6797472660350284,-0.4226431989212927
22.3,-2.0850320845164907,4.5615160660280605,-0.6082802642916773,-0.30195478629960454,-0.6713885625978666,-0.4371208979598577
22.32,-2.0966462176344636,4.554607621871276,-0.5960857578164118,-0.31499518734657767,-0.6635524912838265,-0.450693371607508
22.34,-2.108099452989093,4.547544132192142,-0.5896031268791196,-0.3181300672648756,-0.6564238596540736,-0.46304052377868277
22.36,-2.1193497920204276,4.54033613564277,-0.5767463645823936,-0.3309456873548131,-0.6501643614869936,-0.4738822926339494
22.38,-2.1303359909431405,4.532952957473365,-0.5686810957531842,-0.3369770770064292,-0.6449075350077311,-0.48298738318260565
22.400000000000002,-2.1411780659662667,4.5254747676386105,-0.5589317673690785,-0.343291370375144,-0.6407548004265582,-0.4901801304675454
22.42,-2.151875067511072,4.517871308456357,-0.5577888025159771,-0.34452221519503134,-0.6377727192341458,-0.4953452466050991
22.44,-2.1625832339651545,4.5103147332957745,-0.5551499096864129,-0.34788734986749525,-0.6359915662273085,-0.4984302941089955
22.46,-2.1731039756636648,4.502616532167178,-0.5466760756356742,-0.35274814179420444,-0.6354052502908428,-0.4994458231002414
22.48,-2.183689427284976,4.494995858294721,-0.5523355228774909,-0.34465089918382164,-0.6359725639888368,-0.49846320695148605
22.5,-2.194208364136068,4.487352777861129,-0.5455440449719076,-0.35279733590233575,-0.6376196875043195,-0.49561030533632844
22.52,-2.2047291024553775,4.479745861234974,-0.5553746932655967,-0.3406067954009153,-0.6402438218095605,-0.49106517139376665
22.54,-2.2153974508344825,4.472249227908902,-0.5507096349091962,-0.34474789271799156,-0.643717781359199,-0.4850480969503537
22.56,-2.226015467969497,4.464690710288749,-0.5612939971006866,-0.3378911997415053,-0.6478953399906021,-0.4778123531491656
22.580000000000002,-2.2369650629073075,4.457411586688045,-0.5714646906083647,-0.3292896150570154,-0.6526170966271108,-0.469634030753757
22.6,-2.24791589262243,4.450095404304007,-0.5693711039128644,-0.3298792531746478,-0.6577166108990978,-0.4608014129407527
22.62,-2.259050569722304,4.4429315746901565,-0.5809134813075506,-0.3203833246074249,-0.6630265535190495,-0.45160432253772115
22.64,-2.2702121632833143,4.435795436222316,-0.5809258998606303,-0.3225655786963561,-0.6683846222453597,-0.4423238752733061
22.66,-2.281611869037712,4.428825002654408,-0.5979310555905348,-0.30597846507521775,-0.6736389911024621,-0.433223041451097
22.68,-2.2931597722256787,4.421930610839984,-0.5922156620185078,-0.31225598958219086,-0.6786530872563296,-0.4245383721585628
22.7,-2.3046469704967434,4.415089654930238,-0.6013671959542323,-0.29895715713187726,-0.6833095251934302,-0.4164731850692133
22.72,-2.3163200801010455,4.4083996918378245,-0.6011797640029863,-0.3023893202497619,-0.6875130698607533,-0.4091924321335245
22.740000000000002,-2.3280003053881972,4.401705926333478,-0.6069636820307344,-0.2881656038023258,-0.6911925471470579,-0.4028193905283492
22.76,-2.3398776147152014,4.395250988281603,-0.6142074574406837,-0.28998885013037284,-0.6943016692824302,-0.3974342330229475
22.78,-2.351784899141041,4.388759404731225,-0.6173067316040519,-0.28059987470500336,-0.6968187920822182,-0.39307444844482464
22.8,-2.363881161529516,4.382474519125331,-0.6232667390914797,-0.2795053963825492,-0.6987456681669177,-0.38973700116623555
22.82,-2.3759125478670806,4.37605788923257,-0.6172546059187031,-0.28178959803322867,-0.7001053031915404,-0.3873820442238389
22.84,-2.3879549148088643,4.36986741146511,-0.6218394293009734,-0.27296814627847393,-0.7009390587927087,-0.3859379371615203
22.86,-2.399993853722294,4.363535201791648,-0.619919456405461,-0.2810541901230118,-0.7013031748111911,-0.3853072697176592
22.88,-2.412124067392095,4.357358140880925,-0.6255403180140277,-0.2689973123145224,-0.7012649031720818,-0.3853735581410853
22.900000000000002,-2.42423911495875,4.351094075640164,-0.621053218691712,-0.28258728413783957,-0.7008984558560178,-0.38600826351080536
22.92,-2.436358351545623,4.344898807655009,-0.6300328510259088,-0.264179459391781,-0.7002809694066711,-0.3870777814140593
22.94,-2.4486763056172243,4.338799033935176,-0.6311624133369498,-0.2733258003926287,-0.69948867861591,-0.38845006931802634
22.96,-2.460982669600664,4.332602104134133,-0.6362712939391595,-0.26951727256914537,-0.6985934731055042,-0.39000061074526476
22.98,-2.4733059741380945,4.326391928193475,-0.6282335575397597,-0.2819782760339635,-0.6976599836142784,-0.39161746197239966
23.0,-2.485470043179554,4.3200093275570035,-0.6263565108484398,-0.27385993465913827,-0.6967433114077708,-0.39320518480795696
23.02,-2.4977067428284334,4.313814809021094,-0.6288309412379239,-0.27817526411151716,-0.6958874761558784,-0.3946875349471431
23.04,-2.5098147399618127,4.3074463166629595,-0.6200405041450553,-0.2832946483141186,-0.6951246168799066,-0.3960088459721517
23.06,-2.5219515338534424,4.301110979272863,-0.6250512522126458,-0.28181887590694044,-0.6944749392652385,-0.39713412060929676
23.080000000000002,-2.5340094798464587,4.29460706562132,-0.6187106132342448,-0.29080429473829117,-0.6939473628795935,-0.39804790971410764
23.1,-2.546064044785166,4.288265324419825,-0.62121515894619,-0.2793735135212666,-0.69354078563387,-0.398752122160902
23.12,-2.5580852321546126,4.281852129479008,-0.616926113143776,-0.28765311602204935,-0.6932458519726777,-0.39926296224694935
23.14,-2.5701404067234646,4.275456432110232,-0.6227842316709602,-0.2825099360740769,-0.6930470872921005,-0.3996072327724592
23.16,-2.5821767298065916,4.268971858119678,-0.6166507942168089,-0.29315125162705746,-0.6929252450946946,-0.3998182696488723
23.18,-2.5942221869752755,4.262570871454875,-0.6265886678740916,-0.2770885022496819,-0.6928597061276743,-0.3999317864696268
23.2,-2.6064192250083766,4.2562470437255895,-0.6235359803781255,-0.2846966298798266,-0.6928307704775023,-0.39998190448587484
23.22,-2.61854398753867,4.249807508514691,-0.6282971706404175,-0.28301672377829756,-0.6928216941159956,-0.3999976252051524
23.240000000000002,-2.630761375802399,4.2434234665282835,-0.6255617411470727,-0.28849746775087987,-0.6928203400608265,-0.3999999704975014
23.26,-2.642816619185771,4.2369062792784895,-0.6186868123180241,-0.2842474916822821,-0.6928168182181638,-0.3999979764973566
23.28,-2.654971364334921,4.230597969122214,-0.6272037463670064,-0.2808922938854155,-0.6927279623634217,-0.3999466755457022
23.3,-2.6670646764259995,4.224146070223562,-0.6202510737110494,-0.29046471542122043,-0.6924030966524112,-0.39975911423999977
23.32,-2.6791910478795002,4.217791809894182,-0.6265914312117344,-0.2786762204054505,-0.6917035334204943,-0.3993552212197374
23.34,-2.6913247970629857,4.211377579358399,-0.6185462384368271,-0.2893811713281561,-0.6905056230306279,-0.398663607333683
23.36,-2.703335170658453,4.2050063484021925,-0.6229143204908005,-0.2783488506214863,-0.6887002308115346,-0.3976212636499966
23.38,-2.7154218994015205,4.198644600878341,-0.616453254382147,-0.29017452572756725,-0.686192213995873,-0.3961732594663423
23.400000000000002,-2.727329703309061,4.1921896527774205,-0.6119148973120839,-0.27727708516814387,-0.6828998986584077,-0.39427244031999953
23.42,-2.739254671501016,4.185945483998669,-0.6134525253996091,-0.2836514264231186,-0.6787545566541827,-0.3918791259979772
23.44,-2.7511485345263873,4.179583891024115,-0.6122190221176197,-0.27794184278359696,-0.673699882556688,-0.3889608085471228
23.46,-2.763086068256789,4.173340876160566,-0.6125214533219557,-0.2826744780236713,-0.667691470596033,-0.38549185028423644
23.48,-2.774929632529692,4.166916792519781,-0.607517295669791,-0.28033620885911037,-0.6606962915971161,-0.38145318180618215
23.5,-2.7867323551850434,4.160945915935681,-0.6051068166018265,-0.2591793779578406,-0.6526921699177954,-0.37683199999999983
23.52,-2.798481775376612,4.154918595864218,-0.600042957842309,-0.27513436759504734,-0.6436672603870596,-0.3716214660530175
23.54,-2.810063686730034,4.148859253968229,-0.5915266606060905,-0.25716643710777476,-0.6336195252431986,-0.3658204034629633
23.56,-2.8215191401384687,4.14303628756799,-0.5855858380891911,-0.2681113176713707,-0.6225562110719735,-0.35943299604807705
23.580000000000002,-2.8328041017074144,4.137053438984859,-0.5748367064458471,-0.25428831494892784,-0.6104933257447857,-0.3524684859572216
23.6,-2.843899699916449,4.131524829421547,-0.5652662560013814,-0.24503538913251205,-0.5974551153568557,-0.3449408716799993
23.62,-2.854821845854742,4.125811877272887,-0.556346519109847,-0.25875820832591867,-0.5834735411653816,-0.33686860605685703
23.64,-2.865577156334429,4.120329298371438,-0.5463663405335009,-0.22644181594800633,-0.5685877565277174,-0.3282742942892028
23.66,-2.876090862039954,4.115178328335084,-0.534146247017638,-0.23633609739333708,-0.5528435838395417,-0.3191843919495166
23.68,-2.8863528277940165,4.109955249150839,-0.5191713709989254,-0.21917753624559252,-0.5362929914730284,-0.3096289029914624
23.7,-2.8962917134982185,4.1050808225436715,-0.5015523997955306,-0.22106495830424738,-0.5189935707150175,-0.2996410777600002
23.72,-2.9058399556016714,4.10003626710629,-0.47968093725939176,-0.22145788831184207,-0.5010080127051855,-0.28925711100149804
23.740000000000002,-2.915053782067708,4.0953619506121415,-0.46667519240274064,-0.2033328384389204,-0.4824035853742124,-0.27851583987384193
23.76,-2.9240253019043805,4.090640298719302,-0.4556085505887687,-0.21133635551652097,-0.4632516103819665,-0.26745844195655577
23.78,-2.9327802881495795,4.086251764682311,-0.4382468797522927,-0.18127146159419302,-0.44362694005565395,-0.25612813326090156
23.8,-2.941125527674367,4.082109973655162,-0.42047276821794516,-0.1930207606610927,-0.4236074343280036,-0.2445698662399994
23.82,-2.949142513585526,4.077835354650121,-0.4049049609639113,-0.1783973364114187,-0.4032734376754339,-0.23283002779893733
23.84,-2.9569221177848624,4.074188261634913,-0.3907609226203749,-0.15369934225298781,-0.382707256056223,-0.22095613730488325
23.86,-2.964395825636591,4.070526500812111,-0.3724028258371782,-0.16616426979098645,-0.36199263384868025,-0.20899654459719702
23.88,-2.9714976737888783,4.0671293127872925,-0.3558841810312809,-0.13132975064678679,-0.3412142307893166,-0.19700012799754288
23.900000000000002,-2.9782886601111054,4.064174286144211,-0.33924729261377584,-0.1362404668743237,-0.32045709891101093,-0.18501599231999855
23.92,-2.9846559591993302,4.061097460303066,-0.3140986818453099,-0.12645741821940118,-0.29980615948119643,-0.1730931668811765
23.94,-2.990635091715563,4.058584701789606,-0.29604220502275364,-0.10168562214055553,-0.2793456799400079,-0.1612803035103225
23.96,-2.9962367957837377,4.0560743981473495,-0.273232335357124,-0.11558378076495522,-0.2591587508384675,-0.14962537455943625
23.98,-3.0013690280793988,4.053765253169849,-0.2530515489582544,-0.08327164018211176,-0.23932676277665274,-0.13817537091338206
24.0,-3.00615814300529,4.0518824476886355,-0.23562095359909957,-0.08853887716758906,-0.21992888334186578,-0.1269759999999999
24.02,-3.010560583400212,4.049925276456519,-0.2161177517223367,-0.07365121651298567,-0.20104153404680442,-0.11607138380021775
24.04,-3.0146287633484286,4.048508305029816,-0.19750769678714625,-0.05776138795905938,-0.18273786726773264,-0.10550375685816346
24.060000000000002,-3.018367565330303,4.0469733265225525,-0.18446707695336365,-0.06694765926649007,-0.16508724318264886,-0.09531316429127545
24.080000000000002,-3.0218553671638917,4.04574508585615,-0.1665835112175745,-0.043574593053962184,-0.14815470670946818,-0.08553715980042145
24.1,-3.024934063351023,4.044526087838012,-0.14767679410663737,-0.06253463387492499,-0.13200046444417377,-0.07621050367999929
24.12,-3.027696631968997,4.043329015671074,-0.13488253803634465,-0.03714548083477272,-0.11667936159900118,-0.06736486082805695
24.14,-3.0302334832009863,4.042435817699776,-0.12387341478926286,-0.04777854551701524,-0.10224035894060603,-0.05902849875640281
24.16,-3.0325845695713394,4.041461636333937,-0.11537999756784642,-0.028383905000053333,-0.08872600972823287,-0.05122598560071656
24.18,-3.034635336360148,4.040906608180758,-0.09317133375981416,-0.02749076276431428,-0.07617193665188798,-0.04397788813066261
24.2,-3.0363210820704243,4.0400688274746575,-0.0807848319029685,-0.036647013330235914,-0.0646063087705068,-0.03730046976000015
24.22,-3.037806239625118,4.039527098320876,-0.06934905703746828,-0.016565820437668934,-0.054049318450128676,-0.031205388556697574
24.240000000000002,-3.0390702249340813,4.039014366828315,-0.060294265394848896,-0.022390584934214947,-0.04451265830206416,-0.025699395253042556
24.26,-3.0401873768102554,4.03877219152785,-0.051289452040652106,2.3127631346468517e-5,-0.03599899812106918,-0.02078403125575611
24.28,-3.0411135849560305,4.038538583688578,-0.04270947213078567,-0.022227122030138307,-0.028501461823511477,-0.01645532665610218
24.3,-3.041893879015663,4.038159686239937,-0.03724755660149192,-0.004187937412796466,-0.022003104385541452,-0.012703498239999783
24.32,-3.042549905103538,4.0380857238578445,-0.029152251230768016,-0.008168694225439265,-0.016476388781266303,-0.009512647498137024
24.34,-3.0430885365479297,4.037930209093038,-0.02597408709033431,0.0044266006763372485,-0.011882662920920248,-0.006860458636082886
24.36,-3.0435766068000283,4.038185460301101,-0.02087258247623124,0.012098294105149706,-0.008171636589031096,-0.004717896584396895
24.38,-3.043953832715789,4.038181738231838,-0.01792312993273901,-0.001136940554985164,-0.005280858382593258,-0.003048905008742507
24.400000000000002,-3.0443106603372265,4.038365497408696,-0.014399315714616511,0.015561918615684647,-0.003135192649238943,-0.0018101043199994383
24.42,-3.044532077899047,4.0384982605913065,-0.00991008961862476,0.00036761349258895637,-0.0016462964254114715,-0.000950489684377231
24.44,-3.044809580078317,4.038656393657223,-0.016621855789166678,0.021702383417568846,-0.0007120963745299955,-0.00041112903352384916
24.46,-3.045133837705418,4.039070896475157,-0.01270442934282047,0.012224966837785995,-0.00021626572515944415,-0.0001248610746372946
24.48,-3.045389380124399,4.039189365158785,-0.01401045125387848,0.010786937617215246,-2.770120918969887e-5,-1.5993300582550763e-5
24.5,-3.045703442783729,4.0396469999560205,-0.013012180034817739,0.028127077353845533,2.6335268523099955e-64,1.5204674370992827e-64
24.52,-3.045927589003945,4.039963659053678,-0.009956327850085156,0.0059223501837129214,2.6335268523099955e-64,1.5204674370992827e-64
24.54,-3.046180751028925,4.040223208909787,-0.01340503295346453,0.026794474415094978,2.6335268523099955e-64,1.5204674370992827e-64
24.560000000000002,-3.0464401862696646,4.0407196051347025,-0.009563054661497527,0.015690901807606468,2.6335268523099955e-64,1.5204674370992827e-64
24.580000000000002,-3.046658691847186,4.040962485996701,-0.011700845987826726,0.019721964825553828,2.6335268523099955e-64,1.5204674370992827e-64
24.6,-3.0469272147782496,4.041586283633082,-0.011083580451870889,0.033261623540537744,2.6335268523099955e-64,1.5204674370992827e-64
24.62,-3.047147631152883,4.042037742814916,-0.009935318615333776,0.020281892709595076,2.6335268523099955e-64,1.5204674370992827e-64
24.64,-3.0473726376911268,4.042603449788698,-0.008481919626951254,0.029337340943011263,2.6335268523099955e-64,1.5204674370992827e-64
24.66,-3.047516035126711,4.042968189607355,-0.005228266196774626,0.01668651340821262,2.6335268523099955e-64,1.5204674370992827e-64
24.68,-3.047648577323893,4.0435059474982475,-0.004802452379110205,0.028318834184512524,2.6335268523099955e-64,1.5204674370992827e-64
24.7,-3.0477428155282156,4.043837712049114,-0.0041962779332203205,0.014217101192272328,2.6335268523099955e-64,1.5204674370992827e-64
24.72,-3.0478684862982846,4.044326371375685,-0.005193931872193036,0.02647140539160594,2.6335268523099955e-64,1.5204674370992827e-64
24.740000000000002,-3.047976682889516,4.044645798545262,-0.005208054463497976,0.014507460704941945,2.6335268523099955e-64,1.5204674370992827e-64
24.76,-3.0481289854386455,4.045137148011668,-0.006530934069000702,0.026427066199332855,2.6335268523099955e-64,1.5204674370992827e-64
24.78,-3.0482615354754037,4.045441839234696,-0.007076105051849841,0.012840687287349564,2.6335268523099955e-64,1.5204674370992827e-64
24.8,-3.048452045984374,4.045900938965911,-0.007778239109975233,0.02623441090822018,2.6335268523099955e-64,1.5204674370992827e-64
24.82,-3.048603098932356,4.046206841620428,-0.008051035016352352,0.010553523548891093,2.6335268523099955e-64,1.5204674370992827e-64
24.84,-3.0488002794856595,4.046646440072351,-0.008018082231231188,0.03362932657697894,2.6335268523099955e-64,1.5204674370992827e-64
24.86,-3.0489563260347485,4.047142760648939,-0.005330112340202131,0.01136355405326728,2.6335268523099955e-64,1.5204674370992827e-64
24.88,-3.049074845703882,4.047413625060496,-0.005330338674092434,0.024270288417573414,2.6335268523099955e-64,1.5204674370992827e-64
24.900000000000002,-3.0491866649461543,4.047849794499857,-0.0037203575625812837,0.012036577791514125,2.6335268523099955e-64,1.5204674370992827e-64
24.92,-3.0493215283674284,4.04809135767676,-0.00825704486812782,0.022204074503057954,2.6335268523099955e-64,1.5204674370992827e-64
24.94,-3.049494482785597,4.048609519520643,-0.005576701638167225,0.02007049238386729,2.6335268523099955e-64,1.5204674370992827e-64
24.96,-3.0495850818671584,4.04874552881723,-0.004379905995133042,0.0027510203354451594,2.6335268523099955e-64,1.5204674370992827e-64
24.98,-3.049708534653111,4.0490464775612125,-0.006322543085931446,0.02560015840005505,2.6335268523099955e-64,1.5204674370992827e-64
25.0,-3.0498256664985472,4.049393421701102,-0.0036636306659921774,0.004916864934783846,2.6335268523099955e-64,1.5204674370992827e-64
25.02,-3.049939110893152,4.049510675407951,-0.006903833771062039,0.016586665935246703,-8.278741569548189e-6,-3.089668416028637e-5
25.04,-3.050081361231808,4.049935748426245,-0.004014011979138858,0.016550397492089818,-6.463284821593823e-5,-0.00024121307337976908
25.060000000000002,-3.0501383562440414,4.050021625133776,-0.0034185398698858196,5.443989152576636e-5,-0.00021281604774081727,-0.0007942403028347343
25.080000000000002,-3.0502486522687926,4.050274164099755,-0.0060591736981652124,0.024630062375945217,-0.0004920096649808461,-0.0018362050675234602
25.1,-3.050361490762242,4.0506301469055055,-0.0035575957887521658,0.006249441817139328,-0.0009369789432767333,-0.0034968530219309677
25.12,-3.050480816308215,4.050782829714189,-0.007419511178513477,0.017630439277127822,-0.001578229365942038,-0.005890032179692903
25.14,-3.050620509847494,4.051106018829949,-0.005003355278555857,0.007273547421261334,-0.002442162977732075,-0.009114276313259808
25.16,-3.0508021699773047,4.051128148660162,-0.014473020920483538,0.004781167683678465,-0.003551234706312799,-0.013253388353561314
25.18,-3.0511665213949977,4.051443927069298,-0.0177447491735713,0.02059342880626237,-0.004924108683729689,-0.018377023789670318
25.2,-3.0515050345561954,4.051549580223872,-0.015249453137019878,-0.010645797985226113,-0.006575814567876638,-0.02454127406846721
25.22,-3.051772982736295,4.0513711291215095,-0.012944724874059744,0.001187427038577408,-0.008517903863964837,-0.03178924999430405
25.240000000000002,-3.052053584380009,4.051311345826001,-0.01593559628626831,-0.014020863363826103,-0.010758606245992076,-0.040151665128670314
25.26,-3.052322367237524,4.050849163941551,-0.011488728893291793,-0.02090377575017775,-0.013302985878209996,-0.04964741918985101
25.28,-3.0525191039267185,4.0506392885936995,-0.011493204864171278,-0.0069352934832384635,-0.016153097736595366,-0.060284181452599776
25.3,-3.0527613107868894,4.050183941845163,-0.014384051197644842,-0.04104944669117868,-0.019308143930317413,-0.07205897414779726
25.32,-3.0530358472862074,4.049318745455851,-0.016971105322965103,-0.035419982180550154,-0.02276463002320709,-0.08495875586211678
25.34,-3.053354397074597,4.048452948805315,-0.01949126186024442,-0.05760912291198214,-0.026516521355225968,-0.09896100493768852
25.36,-3.053800389258631,4.047158983046682,-0.030208318773147388,-0.05963283310201258,-0.03055539936393508,-0.11403430287176354
25.38,-3.054362737798736,4.045924243554728,-0.031541225552035576,-0.07050227077002405,-0.03487061790596392,-0.13013891771637848
25.400000000000002,-3.0549316742622445,4.0441497060189135,-0.03424934503242528,-0.09471892122503704,-0.03944945957847997,-0.14722738747802203
25.42,-3.0555545605510575,4.042361170426653,-0.03595982937610193,-0.08976153752899667,-0.0442772920406545,-0.16524510351728774
25.44,-3.056189807361503,4.040175180095974,-0.03948963246979724,-0.12617957043670014,-0.04933772433513619,-0.18413089394855575
25.46,-3.056977357100779,4.0375960400770845,-0.04997745181158665,-0.12024250303387149,-0.05461276320951683,-0.20381760703964527
25.48,-3.0579012018888267,4.035009818999663,-0.054110587683866694,-0.14220815147089574,-0.06008296943780111,-0.22423269461148193
25.5,-3.0588739963599667,4.0317362179448235,-0.0591156938247778,-0.1723460232858583,-0.06572761414187533,-0.24529879543776154
25.52,-3.0599487995132892,4.0283179392509405,-0.06315741930386778,-0.17103656050852376,-0.07152483511297633,-0.26693431864461425
25.54,-3.0610356176610773,4.024512879244842,-0.06290302070074821,-0.20582044878812292,-0.07745179313316058,-0.2890540271102698
25.560000000000002,-3.062178496670095,4.02020178504663,-0.07247929227469067,-0.21098925753129166,-0.08348482829677381,-0.31156962086472395
25.580000000000002,-3.0634681516294773,4.015758231446312,-0.07631223423123168,-0.23410533032579373,-0.08959961633191584,-0.3343903204893882
25.6,-3.064810525297905,4.010669475810351,-0.0834139950142952,-0.25941482774838637,-0.09577132492191585,-0.3574234505167776
25.62,-3.066329390417392,4.005513328323715,-0.09024807941116621,-0.2548892591701133,-0.10197477002679682,-0.3805750228301578
25.64,-3.0678999573234482,4.000053357044048,-0.09242512564045594,-0.2857028403655877,-0.10818457220474582,-0.40375032006321543
25.66,-3.0695307851460196,3.994029062706474,-0.09999236158780977,-0.29896900288819284,-0.11437531293358266,-0.4268544789997205
25.68,-3.0713431844614694,3.9879589629855254,-0.10686084523850604,-0.3052811651347643,-0.12052169093222864,-0.4497930739731908
25.7,-3.0731793117013133,3.981459037272906,-0.10750278584959473,-0.33717739235975,-0.12659867848217582,-0.47247270026655713
25.72,-3.075099534786639,3.9744101829659275,-0.11866751833686207,-0.34838650172120944,-0.13258167774895546,-0.4948015575118262
25.740000000000002,-3.0772104854741196,3.9673043367998737,-0.12356002859301284,-0.35713268355071953,-0.1384466771036085,-0.5166900330897499
25.76,-3.0793683786304,3.9597801937109076,-0.12751795200645621,-0.38482149106903935,-0.14417040744414977,-0.5380512855294735
25.78,-3.0815799474010426,3.9517994754590653,-0.12967720528641186,-0.39822386881328947,-0.14973049851704315,-0.5588018279082219
25.8,-3.0838344828547237,3.9435577182520065,-0.13349411636854466,-0.4178930238298333,-0.15510563523866688,-0.5788621112509508
25.82,-3.086147101089466,3.934868371139733,-0.13876494342971696,-0.4355802913336151,-0.16027571401678273,-0.5981571079300128
25.84,-3.088626627989495,3.9259722923272693,-0.1473617707138948,-0.44512304221070526,-0.16522199907200533,-0.6166168950648221
25.86,-3.091185714608269,3.9167506887040697,-0.14874251519500087,-0.46450213319121436,-0.1699272787592707,-0.6341772379215183
25.88,-3.093747228616361,3.9071931691880546,-0.1507005707311349,-0.47867653911647934,-0.17437602188930595,-0.6507801733126328
25.900000000000002,-3.096389733449969,3.897348778877485,-0.15502253909274383,-0.49185269616980076,-0.17855453405009786,-0.6663745929967526
25.92,-3.0990943440467227,3.8872867473625345,-0.1586634552541827,-0.5039687575823596,-0.18245111392835925,-0.6809168270781747
25.94,-3.101851122427027,3.8769600448450716,-0.15961897629017013,-0.5140796210453592,-0.18605620963100278,-0.6943712274065886
25.96,-3.1046580739708527,3.8664392456726038,-0.16357527480509548,-0.5268116280710715,-0.18936257500660594,-0.7067107509767262
25.98,-3.1074992622270314,3.8557050283878898,-0.1643151651696876,-0.5343473899054221,-0.19236542596688164,-0.717917543328032
26.0,-3.110400866586082,3.844801300898279,-0.16746498587760997,-0.5413966973025619,-0.19506259680814625,-0.7279835219443249
26.02,-3.113351786481343,3.8338086761842507,-0.16933081805678254,-0.5489725568651156,-0.19745469653278844,-0.7369109596534611
26.04,-3.1162982147396328,3.822618455044198,-0.16628708147509977,-0.5564950918497293,-0.19954526517073995,-0.7447130680270062
26.060000000000002,-3.1192543323702844,3.8113226368137223,-0.17051383368663467,-0.5603481397689752,-0.20134093010094178,-0.7514145807798891
26.080000000000002,-3.122275945491765,3.8000061203548303,-0.17032566889719244,-0.5633649666422417,-0.20285156237281401,-0.7570523371700695
26.1,-3.1252653401309374,3.7885272063144373,-0.16681248632615023,-0.5710567425411454,-0.20409043302772625,-0.7616758653982081
26.12,-3.1282651962827726,3.7770219453418696,-0.17222969055861587,-0.5693347618576297,-0.20507436942046367,-0.7653479660073201
26.14,-3.131337193462701,3.765522883876882,-0.16995699821303858,-0.572320076442971,-0.20582391154069943,-0.7681452952824529
26.16,-3.1343487888157067,3.7538872322596455,-0.16810155693959444,-0.5788140486062122,-0.2063634683344603,-0.7701589486503374
26.18,-3.1374525465867205,3.7423189148872726,-0.1763230888355473,-0.5702819747953451,-0.20672147402559654,-0.7714950440790567
26.2,-3.1406384279373443,3.73078086921807,-0.17336545348765517,-0.5751102068547634,-0.20693054443725256,-0.7722753054777163
26.22,-3.1437379333540583,3.719114732353417,-0.17192813191786,-0.5797548816371845,-0.20702763331333274,-0.7726376460960972
26.240000000000002,-3.146963561577406,3.7075432922507296,-0.17969350501325054,-0.5703112072639119,-0.20705418863997269,-0.7727367519243292
26.26,-3.1502320684274494,3.6959877543315502,-0.17576443504922953,-0.5778378318102668,-0.20705520317625528,-0.7727406698483269
26.28,-3.153401305115384,3.68430415078854,-0.17378050933714,-0.5794496533918674,-0.20705258734253934,-0.7727413707588586
26.3,-3.1566825696973355,3.672713623200684,-0.1795896870692605,-0.5728963200417191,-0.2070350531585631,-0.772746069029295
26.32,-3.1599523768923716,3.661107817585283,-0.17417886356725729,-0.5817264104827488,-0.20697915377495982,-0.7727610472239889
26.34,-3.1631382836215622,3.6493904642953274,-0.17342156102528505,-0.5782863335013069,-0.2068525422132136,-0.7727949726897112
26.36,-3.166434085936635,3.637810288008405,-0.1783271134634208,-0.5750808511660725,-0.20661716116280104,-0.7728580428520828
26.38,-3.1696829671192552,3.6261767784313235,-0.17152405535472717,-0.5832008293100167,-0.20623317728615387,-0.772960931021737
26.400000000000002,-3.1729129881637905,3.614470609808737,-0.17690953629283715,-0.5745298334913918,-0.20566340920537854,-0.7731135999188538
26.42,-3.1762902487658122,3.602958735892777,-0.18057117624794447,-0.5746344607153323,-0.20487796228132701,-0.7733240597878509
26.44,-3.1795986276281667,3.591346816530643,-0.17236050804824457,-0.5810944500634814,-0.20385876296885747,-0.7735971534205535
26.46,-3.1828879054983745,3.579661829824968,-0.17751959403430018,-0.576200204635435,-0.20260368219531813,-0.7739334513002591
26.48,-3.1862631291331347,3.568109041660804,-0.17830422003209273,-0.5783651917812156,-0.20112995124234723,-0.7743283363189685
26.5,-3.189556699846228,3.5564318591032733,-0.16986877300292277,-0.5821353064715952,-0.19947660449664426,-0.7747713492442883
26.52,-3.1928269729669836,3.5447385462321592,-0.1742190477896475,-0.5803437241220355,-0.1977057297796303,-0.7752458536946087
26.54,-3.196102436218193,3.5330915659201887,-0.1699733409480098,-0.5841444132119082,-0.1959023665633412,-0.7757290634120735
26.560000000000002,-3.199293545604349,3.521308571675851,-0.16480949582241738,-0.5846603666248019,-0.19417296231866643,-0.776192455882821
26.580000000000002,-3.202510925179345,3.509625713950927,-0.17090166276656493,-0.581768214424432,-0.19264237404521237,-0.7766025757746375
26.6,-3.2057215897494755,3.497935700139898,-0.1643104321825491,-0.5856338794858482,-0.19144948182759722,-0.7769222102810049
26.62,-3.2088836373021747,3.48613781587911,-0.16551296113134825,-0.5847863728146662,-0.19074155997447642,-0.777111897369853
26.64,-3.2121271127025817,3.474487891260698,-0.1702073169574321,-0.5814020553253701,-0.19066762484521635,-0.7771317082280305
26.66,-3.215360194300915,3.462790414167862,-0.16409241733088972,-0.5847201395070292,-0.1913710429772516,-0.7769432279076103
26.68,-3.2185685503167463,3.4510380802047624,-0.16754350248630137,-0.5848916871815251,-0.19298173511321484,-0.7765116442505238
26.7,-3.22183122936319,3.439368734838261,-0.16738804491140286,-0.5836546296270045,-0.19560834828243534,-0.7758078453730022
26.72,-3.2250602345453605,3.427622580601311,-0.16332033465541562,-0.5861061463219667,-0.1993307870309755,-0.7748104209164565
26.740000000000002,-3.228299948572479,3.415890905277126,-0.1687038491451945,-0.5845333989442111,-0.20419349487148902,-0.7735074622775624
26.76,-3.2316128986113717,3.4042311568230406,-0.16830820321780107,-0.582125856455383,-0.21019985760677531,-0.771898062233194
26.78,-3.2349489359299013,3.392553588849794,-0.1710222930269352,-0.5815160569968185,-0.2173080618829454,-0.7699934246377589
26.8,-3.2384237887945404,3.380996602037453,-0.17913681923694302,-0.5758867961109881,-0.22542868659519955,-0.7678175098040741
26.82,-3.2419599360674134,3.369469075246208,-0.17810981439314338,-0.5753026715942942,-0.23442423391911507,-0.765407160163155
26.84,-3.245590483320146,3.3580034221379957,-0.18697128939672988,-0.570197868670898,-0.24411072386014962,-0.7628116730059626
26.86,-3.2493572767646612,3.3466256012671614,-0.19113186818301955,-0.5678282725694164,-0.25426138501999807,-0.7600918115455393
26.88,-3.253251736837398,3.335320390735664,-0.19977767930723994,-0.5603761097215858,-0.26461237894354755,-0.7573182710828648
26.900000000000002,-3.257312170573348,3.3241554024117566,-0.2043899299013576,-0.5584363812553064,-0.27487040036899796,-0.7545696425259741
26.92,-3.2614587695463273,3.313000912637664,-0.21164107315280448,-0.5541656335187534,-0.28472190544268183,-0.7519299396972494
26.94,-3.2658404648509864,3.3020111603144087,-0.22095433531923317,-0.5491525881939839,-0.29384363880399134,-0.7494857786095145
26.96,-3.270286241928983,3.2910528042010734,-0.22262749553046915,-0.5471607587835563,-0.30191406234980955,-0.7473233151378355
26.98,-3.274882406793752,3.2801737278900953,-0.23120774058383692,-0.5424068235551568,-0.30862523684676824,-0.745525061351111
27.0,-3.2795697427616415,3.269329437351435,-0.23409585753869505,-0.5447440138746462,-0.31369467504093496,-0.7441667094809046
27.02,-3.284412117113275,3.258551656877114,-0.2453652112514907,-0.5337109120029563,-0.3168766733263206,-0.7433140956100183
27.04,-3.2894283674950033,3.247904698220341,-0.2480412156429169,-0.534677057524742,-0.3179726392313204,-0.7430204324308415
27.060000000000002,-3.294441173243332,3.2372441602890167,-0.2475218000434865,-0.5366594057700038,-0.3168399638205259,-0.7433239318924505
27.080000000000002,-3.2994644010177234,3.2264970273861686,-0.24834840051937013,-0.5375896058018294,-0.31339904044077227,-0.7442459245332728
27.1,-3.3045787991224804,3.2158013292701715,-0.25313614898304654,-0.53796060985166,-0.307638101961088,-0.7457895633465496
27.12,-3.3096858705669754,3.205102374360303,-0.24982241141519204,-0.53738341743581,-0.29961563479773196,-0.747939176944276
27.14,-3.3147575217547156,3.1943447871984407,-0.24537956778865472,-0.5419646566278884,-0.289460225876452,-0.7506603105635409
27.16,-3.319691306729012,3.183450690892041,-0.23860870946075113,-0.5534441296029247,-0.2773678039980689,-0.75390046524039
27.18,-3.3245283887503287,3.172439035971362,-0.23615573871837117,-0.5506800823166035,-0.2635963452035097,-0.7575905165029906
27.2,-3.3293898919377427,3.161472882996542,-0.23517881064677196,-0.5507759617308421,-0.24845821788576145,-0.7616467654927008
27.22,-3.3341223651652703,3.1504411065088593,-0.22639664187037523,-0.5607781889852839,-0.2323104428372697,-0.7659735487765036
27.240000000000002,-3.3386810315660638,3.1392437200018377,-0.216012850418702,-0.5618553150557221,-0.2155432317022149,-0.7704663094594637
27.26,-3.3430943202729644,3.1279829725369517,-0.20959730269895818,-0.5698360930790385,-0.1985672404618152,-0.7750150126030466
27.28,-3.3473114083736046,3.1165986914428214,-0.19978366066865572,-0.5753830774350531,-0.18180002932676337,-0.7795077732860058
27.3,-3.3513809587415375,3.1051178082942608,-0.18894868193211373,-0.5770738656850819,-0.16565225427827163,-0.7838345565698086
27.32,-3.355242126405517,3.0935413312065325,-0.18179393460969312,-0.5845548033762387,-0.15051412696052335,-0.7878908055595187
27.34,-3.3588934092289042,3.081930505160935,-0.16752454654951604,-0.5848676051516024,-0.13674266816596417,-0.7915808568221194
27.36,-3.3623525404952512,3.070224205442221,-0.15840215295924914,-0.5867048536529392,-0.12465024628758108,-0.7948210114989686
27.38,-3.3655581277388436,3.05851638719526,-0.14758258383882503,-0.591569001465929,-0.11449483736630112,-0.7975421451182334
27.400000000000002,-3.36860122254137,3.0467268880008183,-0.13693830689959727,-0.5915298840289551,-0.10647237020294381,-0.7996917587159602
27.42,-3.3714549138541736,3.034859068363712,-0.13051661490513944,-0.5978525597936696,-0.10071143172325993,-0.8012353975292368
27.44,-3.374125394154807,3.022960951291253,-0.11884225188017818,-0.5986875493646199,-0.09727050834350666,-0.802157390170059
27.46,-3.376634174352593,3.010976429299068,-0.11180630851254475,-0.6012314295532973,-0.09613783293271255,-0.802460889631668
27.48,-3.3789541590488894,2.998968465346987,-0.10313241174422198,-0.6049464261741199,-0.09723379883771241,-0.8021672264524912
27.5,-3.3811562106329824,2.9868730424877517,-0.09682442196995862,-0.6069657551246445,-0.10041579712309809,-0.8013146125816049
27.52,-3.383230958774807,2.9747229158103066,-0.0921452461214262,-0.611601752997659,-0.10548523531726477,-0.7999562607113985
27.54,-3.3852491144768004,2.9625183709992253,-0.09001847627186624,-0.6102712978282387,-0.11219640981422348,-0.798158006924674
27.560000000000002,-3.3872768558869684,2.950348412489423,-0.09283207035350112,-0.6109728291771434,-0.12026683336004317,-0.7959955434529945
27.580000000000002,-3.389379778470909,2.938195005149417,-0.09767485623247085,-0.6061143472728123,-0.12938856672135282,-0.7935513823652596
27.6,-3.3916302538297476,2.9261349109684156,-0.10448321115576219,-0.6031565120482042,-0.13924007179503683,-0.7909116795365349
27.62,-3.3939715483673565,2.914133983692075,-0.10815369392287959,-0.6031922103717765,-0.14949809322048543,-0.7881630509796447
27.64,-3.3964648507291146,2.902187731118534,-0.11835189538264143,-0.592431633133305,-0.15984908714403495,-0.7853895105169701
27.66,-3.3991590961576326,2.890414152221923,-0.12475823399053401,-0.5932384143513121,-0.1699997483038834,-0.7826696490565468
27.68,-3.4019082983665685,2.8786156085566867,-0.1280116257842615,-0.5904773409812936,-0.179686238244918,-0.7800741618993544
27.7,-3.4048933990141106,2.8669586641881857,-0.14006642314656456,-0.5818029250198183,-0.1886817855688334,-0.7776638122584353
27.72,-3.4079717402093768,2.855375598046696,-0.14074418019008247,-0.5872408619971942,-0.19680241028108753,-0.7754878974247507
27.740000000000002,-3.4111198122610196,2.8437368534063903,-0.14931143481181555,-0.57821115385716,-0.20391061455725887,-0.7735832598293151
27.76,-3.414558172926139,2.832339787698563,-0.16145623001341067,-0.5726469858398455,-0.20991697729254494,-0.7719738597849468
27.78,-3.4180530693349063,2.820953091558366,-0.15866597838962446,-0.5781597374619224,-0.21477968513305754,-0.770670901146053
27.8,-3.4216179057179605,2.8094954527620932,-0.16910904608577093,-0.5696230538925209,-0.21850212388159768,-0.7696734766895073
27.82,-3.4254414720844175,2.7982910327999977,-0.17909150522184678,-0.565506503470699,-0.22112873705081817,-0.7689696778119857
27.84,-3.4293062604599713,2.787051011063542,-0.17404155313694522,-0.5711683789815821,-0.2227394291867814,-0.7685380941548992
27.86,-3.4331662296235845,2.775688628365892,-0.18141562027692895,-0.5688156290144872,-0.22344284731881667,-0.768349613834479
27.88,-3.4372682061061712,2.7645778532079537,-0.19212145212537246,-0.5601417351005661,-0.2233689121895566,-0.7683694246926565
27.900000000000002,-3.441431028664846,2.753445850254914,-0.1866376655098423,-0.5663790620582004,-0.22266099033643563,-0.7685591117815046
27.92,-3.4455041777691857,2.7421483018546575,-0.18607851326531433,-0.5722192280465056,-0.22146809811882043,-0.7688787462878719
27.94,-3.449673371234284,2.7309529101807093,-0.19224146103153986,-0.5642362606686991,-0.2199375098453663,-0.7692888661796885
27.96,-3.453868536823352,2.7197316640943274,-0.18652289575649508,-0.5716283095383772,-0.21820810560069184,-0.769752258650436
27.98,-3.4579516005057593,2.7083631232992165,-0.1847618127190849,-0.5762239630700113,-0.21640474238440274,-0.7702354683679007
28.0,-3.4621017581191063,2.6970683191290434,-0.18800993619695977,-0.5699536563369104,-0.21463386766738876,-0.7707099728182212
28.02,-3.466231614890013,2.6857295253802578,-0.18196643001405738,-0.5787841984936657,-0.2129805209216858,-0.771152985743541
28.04,-3.4702622952448543,2.6742700174773204,-0.18110060179816545,-0.5790304538856154,-0.2115067899687149,-0.7715478707622503
28.060000000000002,-3.4743602586923346,2.662894898205889,-0.18255469715626468,-0.5756684558350815,-0.21025170919517536,-0.771884168641956
28.080000000000002,-3.478389497175123,2.6514454313105813,-0.17581519767111398,-0.5845715793385159,-0.20923250988270584,-0.7721572622746585
28.1,-3.48236963635732,2.6399237703621132,-0.17883403365554085,-0.5789689567255335,-0.20844706295865437,-0.7723677221436557
28.12,-3.4864418162970474,2.628526213280051,-0.17948680925398855,-0.5792125368746986,-0.20787729487787915,-0.7725203910407724
28.14,-3.4904267211396185,2.617030123542911,-0.17290364860081708,-0.5857706528685752,-0.20749331100123197,-0.7726232792104266
28.16,-3.4944306845159616,2.6055237471692805,-0.17940306433187614,-0.5776040904270201,-0.2072579299508194,-0.7726863493727982
28.18,-3.4985096218921408,2.5941352091849996,-0.17809456464883966,-0.5811789281067324,-0.2071313183890732,-0.7727202748385206
28.2,-3.502499875056537,2.5826246172501786,-0.1721589831764271,-0.5846882588185678,-0.2070754190054699,-0.7727352530332144
28.22,-3.506519185246999,2.571130513474591,-0.17741941272603437,-0.5798228525152308,-0.20705788482149368,-0.7727399513036508
28.240000000000002,-3.5105444469959797,2.559688435971714,-0.17336178978008165,-0.5847959276835628,-0.20705526898777774,-0.7727406522141825
28.26,-3.51449891020844,2.5481252012633258,-0.17019346881420477,-0.5844797907558983,-0.20705418863997274,-0.7727367519243293
28.28,-3.5185222643169256,2.536657195959889,-0.17658541368534736,-0.5811441785700873,-0.20702763331333265,-0.772637646096097
28.3,-3.5225307109789052,2.5251989929131935,-0.17087458765532917,-0.5848848586669538,-0.2069305444372525,-0.7722753054777161
28.32,-3.5265149614853994,2.51364981274894,-0.17291650828708305,-0.5821898147520551,-0.20672147402559674,-0.7714950440790574
28.34,-3.530616960175396,2.5022636439977,-0.17991074265544144,-0.5787633487244016,-0.20636346833446026,-0.7701589486503373
28.36,-3.5347159796255623,2.490862807979254,-0.17377782486696838,-0.5809616357610761,-0.20582391154069957,-0.7681452952824533
28.38,-3.5388019432485796,2.4793968417456638,-0.17762618219458776,-0.5798291223348648,-0.20507436942046384,-0.7653479660073207
28.400000000000002,-3.54299132767688,2.468089253582633,-0.1825179642654217,-0.575697347939163,-0.20409043302772578,-0.7616758653982063
28.42,-3.547183593596648,2.4567539594347894,-0.1769104367541368,-0.5762731890462511,-0.20285156237281377,-0.7570523371700685
28.44,-3.5513554381232915,2.4454054832882255,-0.1808725485620666,-0.5772166053838177,-0.20134093010094145,-0.7514145807798878
28.46,-3.5555978658529783,2.434180465183029,-0.1831044194884424,-0.5703128188855726,-0.19954526517073995,-0.7447130680270062
28.48,-3.559865804891064,2.4229650194525827,-0.18046574693295592,-0.5683088521180026,-0.19745469653278863,-0.7369109596534618
28.5,-3.564096580201291,2.4118866873211493,-0.18270049869033625,-0.5645226991847253,-0.19506259680814614,-0.7279835219443245
28.52,-3.568363431387931,2.400846626353058,-0.18207113212619547,-0.5596549160851753,-0.19236542596688166,-0.7179175433280321
28.54,-3.572642533470215,2.3899493509373797,-0.18337517105508652,-0.551762644129931,-0.1893625750066061,-0.7067107509767268
28.560000000000002,-3.576875821888304,2.379200861602433,-0.18040831654924597,-0.5481318970043375,-0.18605620963100222,-0.6943712274065865
28.580000000000002,-3.5810882952329064,2.3685532220085532,-0.17795328672054056,-0.5329906366317063,-0.1824511139283587,-0.6809168270781727
28.6,-3.585190605104515,2.358233560365118,-0.17566357871771632,-0.525959822075386,-0.17855453405009714,-0.66637459299675
28.62,-3.589260822073144,2.3479511410104945,-0.17159523356084636,-0.5183163533969551,-0.17437602188930595,-0.6507801733126328
28.64,-3.593263798969039,2.3380231246474854,-0.17166182852103548,-0.5013818278620891,-0.1699272787592707,-0.6341772379215183
28.66,-3.5972075414249853,2.328180395213943,-0.16639921284764306,-0.5001499001962104,-0.1652219990720052,-0.6166168950648216
28.68,-3.601075520528236,2.318695339230537,-0.1645693343262558,-0.4669653576923924,-0.16027571401678267,-0.5981571079300125
28.7,-3.604818525474469,2.3096282803617894,-0.15877701191601726,-0.46496915298456293,-0.15510563523866686,-0.5788621112509507
28.72,-3.608470450718039,2.300563379660356,-0.1548930000883346,-0.449353300368687,-0.14973049851704315,-0.5588018279082219
28.740000000000002,-3.6120103955284306,2.292174855187157,-0.151188258853636,-0.4170440058959946,-0.1441704074441487,-0.5380512855294696
28.76,-3.615465846236123,2.2839534764700398,-0.14580359332828943,-0.4213784165698888,-0.1384466771036075,-0.5166900330897463
28.78,-3.6187254062799905,2.276015416741004,-0.13658287273235095,-0.38489244756284985,-0.13258167774895546,-0.4948015575118262
28.8,-3.6218214152176302,2.2685742705838097,-0.13160786257341667,-0.3841288014500353,-0.12659867848217576,-0.47247270026655697
28.82,-3.6248188734901285,2.2611691076797893,-0.12675098310205637,-0.36046555396606317,-0.12052169093222866,-0.44979307397319085
28.84,-3.6276851672723254,2.2545338337785465,-0.1220914560519218,-0.3280932183652694,-0.1143753129335827,-0.42685447899972057
28.86,-3.6304522053297177,2.248053083178918,-0.1175812748270428,-0.32887188997160755,-0.10818457220474585,-0.4037503200632155
28.88,-3.6330793292165056,2.2420140234449666,-0.11123284780275611,-0.2876693398227112,-0.10197477002679683,-0.38057502283015787
28.900000000000002,-3.635533032738532,2.2364458442633093,-0.10376754807148109,-0.2888203583142891,-0.09577132492191469,-0.3574234505167732
28.92,-3.637870027547903,2.2309398901274577,-0.09953824062574072,-0.2642184877373543,-0.08959961633191475,-0.3343903204893842
28.94,-3.640060979148103,2.226082964778231,-0.09246455905871713,-0.2442233631641336,-0.08348482829677278,-0.3115696208647201
28.96,-3.6421274857134134,2.221184280256118,-0.0869073783715626,-0.24811448410075243,-0.07745179313316058,-0.2890540271102698
28.98,-3.644086299803899,2.216731663129928,-0.08365656341185439,-0.20525617370859606,-0.07152483511297633,-0.26693431864461425
29.0,-3.645924454679408,2.212792599609367,-0.07893584503205564,-0.2065869741420316,-0.0657276141418753,-0.24529879543776142
29.02,-3.647689568726372,2.208926342211725,-0.07533858444155851,-0.18002093468449687,-0.060082969437801115,-0.22423269461148196
29.04,-3.6492703104104627,2.2056607375874364,-0.06468575887642138,-0.16616092695353102,-0.05461276320951679,-0.2038176070396451
29.060000000000002,-3.65068613889219,2.202247991152808,-0.057854136380532606,-0.17396758225660863,-0.04933772433513519,-0.18413089394855203
29.080000000000002,-3.651973996928934,2.1992195133878516,-0.05372038897399877,-0.13298757511873507,-0.04427729204065361,-0.16524510351728441
29.1,-3.6531425037882816,2.1966977779988537,-0.049447274417947044,-0.1341423892783633,-0.039449459578479125,-0.14722738747801886
29.12,-3.6542472865649556,2.1942494257882967,-0.046921200218103615,-0.1079962991654186,-0.03487061790596382,-0.1301389177163781
29.14,-3.655240377960991,2.1923160189994584,-0.04179008783287948,-0.10197314423846075,-0.03055539936393502,-0.11403430287176332
29.16,-3.6561587398378657,2.190235684256519,-0.03865529531041891,-0.09988034132657227,-0.026516521355225878,-0.09896100493768817
29.18,-3.6569979566751694,2.188592407195173,-0.035350625909513184,-0.07875846916895421,-0.02276463002320716,-0.08495875586211704
29.2,-3.6577602197472476,2.18691693266217,-0.03181092042517279,-0.08368232285501524,-0.019308143930317382,-0.07205897414779713
29.22,-3.658445759367144,2.185657121163263,-0.02857681192344831,-0.04809698885304248,-0.01615309773659519,-0.06028418145259912
29.240000000000002,-3.65902719209996,2.1846340421940633,-0.024293140517011234,-0.06324965736168531,-0.013302985878209458,-0.04964741918984901
29.26,-3.659557826026575,2.1835101031710162,-0.022563506373476965,-0.04223992035612091,-0.010758606245991483,-0.0401516651286681
29.28,-3.6600107483484248,2.182952376340541,-0.019348742244198948,-0.02848044078762352,-0.008517903863964844,-0.031789249994304075
29.3,-3.660417841552334,2.1822122770133987,-0.017066337920746938,-0.03825110010545577,-0.006575814567876594,-0.024541274068467043
29.32,-3.660754819364089,2.181766836014362,-0.014668268858018104,-0.011285529004983523,-0.004924108683729415,-0.018377023789669298
29.34,-3.66106015912277,2.1813861759868636,-0.013588530611570702,-0.033561022736290975,-0.003551234706312629,-0.013253388353560679
29.36,-3.661340834637937,2.1807790432451486,-0.010264341701677764,-0.01912007439525948,-0.002442162977732097,-0.009114276313259893
29.38,-3.6615284074589605,2.180684427910304,-0.009839632490520592,-0.001479197768341783,-0.0015782293659420568,-0.005890032179692973
29.400000000000002,-3.661740202396543,2.180494805737494,-0.008701474529452158,-0.011616625321965687,-0.0009369789432764047,-0.0034968530219297413
29.42,-3.6618970573883183,2.180515349176605,-0.007241317578112781,0.009914693437056268,-0.0004920096649806226,-0.0018362050675226262
29.44,-3.6620613896438274,2.180571232108074,-0.00977461929254436,-0.010071565507578206,-0.00021281604774112976,-0.0007942403028359005
29.46,-3.662248625051022,2.1803858228246886,-0.008577850375454277,0.00012467381245797885,-6.463284821619833e-5,-0.00024121307338073977
29.48,-3.662416679640878,2.18061662991375,-0.00859969370921861,0.011542407049403519,-8.278741569626756e-6,-3.0896684160579586e-5
29.5,-3.6625851959431053,2.180658626491611,-0.010317502262451756,-0.0013100393855613721,1.4168500939522117e-64,1.846474991950967e-64
29.52,-3.6628153123945952,2.180841271659678,-0.010019193247904743,0.013939329568577827,1.4168500939522117e-64,1.846474991950967e-64
29.54,-3.662960335724945,2.18092007610637,-0.006847628763185729,-0.008859564182569533,1.4168500939522117e-64,1.846474991950967e-64
29.560000000000002,-3.663123631217401,2.180807387946544,-0.008716267919080119,0.003478965510277515,1.4168500939522117e-64,1.846474991950967e-64
29.580000000000002,-3.663295749407692,2.1809216361894683,-0.009671381096469985,-0.0013674671858806245,1.4168500939522117e-64,1.846474991950967e-64
29.6,-3.663491609175715,2.1807678656536864,-0.008815875761070888,-0.0061047525606156726,1.4168500939522117e-64,1.846474991950967e-64
29.62,-3.6636665067479957,2.180873145361485,-0.009139627651769561,0.008239084387351417,1.4168500939522117e-64,1.846474991950967e-64
29.64,-3.6638521931095838,2.1808623507438973,-0.009212450443773399,-0.005701003398325717,1.4168500939522117e-64,1.846474991950967e-64
29.66,-3.664073599717606,2.1809805759681637,-0.012324271281890923,0.017504935712551833,1.4168500939522117e-64,1.846474991950967e-64
29.68,-3.664243421908744,2.1812480043111457,-0.006740146013156648,0.001966534225203664,1.4168500939522117e-64,1.846474991950967e-64
29.7,-3.6644204962297326,2.1813258778355102,-0.011635604834276171,0.012403812554000034,1.4168500939522117e-64,1.846474991950967e-64
29.72,-3.66456949414694,2.181603777843493,-0.004675172182803514,0.00582082182811266,1.4168500939522117e-64,1.846474991950967e-64
29.740000000000002,-3.664699046903004,2.181533105409462,-0.009699915258589055,-0.004716397530536948,1.4168500939522117e-64,1.846474991950967e-64
29.76,-3.6649213306714907,2.1816542486541075,-0.01039216188661521,0.009723994397507386,1.4168500939522117e-64,1.846474991950967e-64
29.78,-3.665102635312672,2.1816475607957244,-0.0070560001970649934,-0.010556150913670539,1.4168500939522117e-64,1.846474991950967e-64
29.8,-3.665240570680081,2.1815766910785257,-0.006986142394532774,0.007884102368293703,1.4168500939522117e-64,1.846474991950967e-64
29.82,-3.6653613168014822,2.181752703869535,-0.007079275719926807,0.00028845731526728937,1.4168500939522117e-64,1.846474991950967e-64
29.84,-3.6655125217828397,2.1816086907185093,-0.007711860909882001,-0.006178005648678721,1.4168500939522117e-64,1.846474991950967e-64
29.86,-3.665684240012882,2.1817170083832074,-0.00907950314605806,0.009418307022586973,1.4168500939522117e-64,1.846474991950967e-64
29.88,-3.6658745003726616,2.1817152987930575,-0.009017675001928105,-0.008773974952930915,1.4168500939522117e-64,1.846474991950967e-64
29.900000000000002,-3.666080524637132,2.1817226929826656,-0.012203260977167217,0.013188870687000068,1.4168500939522117e-64,1.846474991950967e-64
29.92,-3.666280064930783,2.181991494680558,-0.009316237411618251,0.00301939390739371,1.4168500939522117e-64,1.846474991950967e-64
29.94,-3.6664939966056718,2.181948330045236,-0.01341532443938457,0.001259911994462813,1.4168500939522117e-64,1.846474991950967e-64
29.96,-3.666785455363667,2.182232999744163,-0.014682299799544636,0.017750053773853802,1.4168500939522117e-64,1.846474991950967e-64
29.98,-3.6670327641881046,2.182353988079757,-0.011210787536046918,-0.005262026588451169,1.4168500939522117e-64,1.846474991950967e-64
30.0,-3.6672880990525467,2.1824060194351085,-0.014555457950218828,0.014101666556609948,1.4168500939522117e-64,1.846474991950967e-64
30.02,-3.6675134952901405,2.182682951864885,-0.00963226004787726,0.003127130711088776,1.5993300582398995e-5,-2.7701209189435967e-5
30.04,-3.66772844640751,2.1826652808038043,-0.01353328667732452,0.003505289604311837,0.00012486107463679223,-0.00021626572515857378
30.060000000000002,-3.668015400100388,2.18300863479008,-0.014514056796980012,0.021277876118263366,0.0004111290335232458,-0.0007120963745289497
30.080000000000002,-3.6682556114444687,2.1831828055548157,-0.010763482054190872,-0.006129489325136204,0.0009504896843776635,-0.001646296425412219
30.1,-3.6684967773985404,2.183150958115219,-0.013154784994807316,0.00786144563139359,0.0018101043200000747,-0.003135192649240042
30.12,-3.668724994211656,2.1832925356784014,-0.010843096876227535,-0.0031582342208802986,0.003048905008742473,-0.0052808583825931935
30.14,-3.668923887032169,2.183181103526778,-0.010064873827479401,0.0005063719853083162,0.004717896584396855,-0.008171636589031018
30.16,-3.6691157717248717,2.183409046260432,-0.008574826236261731,0.01198468997435815,0.00686045863608322,-0.011882662920920816
30.18,-3.6692581765733707,2.183415731501431,-0.006223180619743877,-0.008637662290374663,0.00951264749813756,-0.016476388781267216
30.2,-3.669406859968173,2.183412385713812,-0.007118313626878605,0.010951126331981266,0.012703498239999878,-0.022003104385541594
30.22,-3.669479307785833,2.1836165430972185,-0.0026781336739545507,0.000519299392897232,0.01645532665610218,-0.028501461823511445
30.240000000000002,-3.6695380964351187,2.1833275131655396,-0.0012313985989171065,-0.02115402099969781,0.020784031255757267,-0.03599899812107115
30.26,-3.6695381953008215,2.1830502679261694,0.0036036577107371117,-0.012229478342960377,0.025699395253043614,-0.044512658302065945
30.28,-3.6694405882156453,2.182483969769754,0.01028261332114403,-0.044907332853377405,0.031205388556697942,-0.05404931845012926
30.3,-3.6692067865964897,2.1816352131889793,0.017053194657007036,-0.03154846272591874,0.03730046976000024,-0.06460630877050688
30.32,-3.668858980632194,2.180871357633742,0.022004008046317775,-0.051266523248797755,0.04397788813066251,-0.07617193665188772
30.34,-3.668412960344997,2.1796858685473595,0.0284478037225064,-0.05300141687723695,0.05122598560071678,-0.08872600972823315
30.36,-3.667844024424924,2.1787311344427174,0.0336702279932075,-0.050175766843662,0.059028498756402974,-0.10224035894060621
30.38,-3.667184627933309,2.177383089173406,0.04105114650329813,-0.07430935720880506,0.0673648608280572,-0.11667936159900148
30.400000000000002,-3.6663718374157592,2.175925528928773,0.047668357097759274,-0.07419503800648908,0.07621050368000098,-0.13200046444417657
30.42,-3.66544894520215,2.17404316563766,0.05702442473288117,-0.1059541628354991,0.08553715980042323,-0.14815470670947112
30.44,-3.664335365842123,2.1719852851285064,0.0645031249311205,-0.08895225689155059,0.09531316429127747,-0.16508724318265217
30.46,-3.663096846638813,2.1700053380590445,0.0696608896510443,-0.11030378240125926,0.10550375685816363,-0.18273786726773272
30.48,-3.6617906814083603,2.1673548810573453,0.07629774535003904,-0.13857038107439754,0.11607138380021784,-0.20104153404680433
30.5,-3.6603724092982155,2.164601031360541,0.08047212597782044,-0.13632592406617733,0.12697600000000006,-0.2199288833418658
30.52,-3.6588770995285076,2.161442377898087,0.08860057570935746,-0.1710656568251708,0.13817537091338217,-0.23932676277665269
30.54,-3.657118309152075,2.1578555401170956,0.10439081974408938,-0.16865902950959688,0.14962537455943636,-0.25915875083846746
30.560000000000002,-3.655153889623224,2.154252846553343,0.11088297942017812,-0.18831299652077454,0.16128030351032457,-0.27934567994001125
30.580000000000002,-3.653101963599831,2.150009175469572,0.11894550994342123,-0.21915336271009045,0.1730931668811787,-0.2998061594812
30.6,-3.650828912887138,2.145572985425855,0.13370816011909112,-0.21424824290382624,0.18501599232000093,-0.32045709891101476
30.62,-3.6482877737852233,2.140891024692832,0.14387671455061837,-0.24265746713473055,0.19700012799754302,-0.34121423078931645
30.64,-3.6455094431416395,2.1356891605470274,0.16428151370396707,-0.25506527662943734,0.20899654459719713,-0.3619926338486801
30.66,-3.642397588862465,2.1302791810906347,0.17319246155870846,-0.274165755498481,0.22095613730488337,-0.38270725605622286
30.68,-3.6391982658637763,2.1242947617724233,0.1806134999366054,-0.30248272835638057,0.2328300277989375,-0.4032734376754337
30.7,-3.6357564376357767,2.118056919189191,0.19496278220642335,-0.3032718457569231,0.2445698662399997,-0.4236074343280037
30.72,-3.6321365608154492,2.11154907414398,0.20058572885089807,-0.3295383647855475,0.2561281332609018,-0.44362694005565384
30.740000000000002,-3.6283615643441576,2.1045957042786054,0.21605591054703158,-0.3392920408235586,0.26745844195655794,-0.46325161038196977
30.76,-3.6243190424817664,2.0974361766655556,0.22462341373788203,-0.3578399482289148,0.2785158398738442,-0.48240358537421585
30.78,-3.6201521935536976,2.089832860012945,0.234702388168375,-0.37524113596937475,0.28925711100149826,-0.5010080127051854
30.8,-3.6157280090167827,2.0819682586363246,0.24752894171925666,-0.3888360521328512,0.2996410777600005,-0.5189935707150175
30.82,-3.6111697805401968,2.0737494995247734,0.25247678619448455,-0.4062918126522352,0.30962890299146273,-0.5362929914730284
30.84,-3.606414435770824,2.065245078363304,0.26661140628998503,-0.41776544609624394,0.31918439194951703,-0.5528435838395419
30.86,-3.6014914510868894,2.0564723665546665,0.27200334793804803,-0.43352805198174155,0.328274294289203,-0.5685877565277172
30.88,-3.5963962140987165,2.0474033914537686,0.28435649414374387,-0.44153779268202276,0.33686860605685726,-0.5834735411653814
30.900000000000002,-3.5911299336549702,2.0381740013153906,0.28970195756409345,-0.45605006653732355,0.3449408716800009,-0.5974551153568579
30.92,-3.5857940792806167,2.0286419237215823,0.2941607007768766,-0.4641572498630055,0.3524684859572229,-0.6104933257447873
30.94,-3.5803462055111357,2.018940724890903,0.29932860186112764,-0.4765729449886697,0.35943299604807716,-0.622556211071973
30.96,-3.5748493434602437,2.009061833995678,0.3036408143817793,-0.48151174114300954,0.3658204034629633,-0.633619525243198
30.98,-3.5692441867906597,1.9990567840648745,0.3057637145418089,-0.48671213851914086,0.3716214660530177,-0.6436672603870593
31.0,-3.5636236893311737,1.988940486624037,0.30831658049350696,-0.4953680450980583,0.3768320000000004,-0.6526921699177957
31.02,-3.557972242969473,1.9787231159810192,0.3099792171874593,-0.49648033847470785,0.3814531818061821,-0.6606962915971153
31.04,-3.5522969781324027,1.9683816997957293,0.30775890653898563,-0.5046643962069232,0.38549185028423677,-0.6676914705960328
31.060000000000002,-3.5466583602415165,1.9579599511980619,0.31062311279530974,-0.5084055383298925,0.3889608085471238,-0.673699882556689
31.080000000000002,-3.5409746015533003,1.9475200069412262,0.3110900528821718,-0.5045051591327806,0.39187912599797803,-0.6787545566541834
31.1,-3.5352538308466004,1.937092365480591,0.3114149865859549,-0.5062522988288304,0.3942724403200008,-0.6828998986584092
31.12,-3.529589710880736,1.9266348142812026,0.3095878452600705,-0.5118267384429497,0.39617325946634235,-0.6861922139958724
31.14,-3.523929869817607,1.9161009913270257,0.30989836933330217,-0.5093832917372847,0.3976212636499967,-0.6887002308115341
31.16,-3.5182620688454325,1.9055339725779272,0.30839858013369675,-0.5158282040289347,0.3986636073336834,-0.6905056230306279
31.18,-3.512596114502078,1.8949828324236504,0.31471274072766103,-0.509981147252339,0.3993552212197373,-0.6917035334204934
31.2,-3.506817912239593,1.8845109948592775,0.31330792518646433,-0.5058139241717065,0.3997591142400002,-0.6924030966524112
31.220000000000002,-3.5010805574437334,1.874031185521787,0.3120367158794244,-0.511679765703286,0.3999466755457023,-0.6927279623634212
31.240000000000002,-3.4954054470247833,1.8635048536080767,0.3111345971166998,-0.512526348639596,0.3999979764973568,-0.6928168182181634
31.26,-3.4897063202755385,1.8529345470539367,0.31130820380765356,-0.5107716617149508,0.4000000295024985,-0.6928203059942756
31.28,-3.483925056605309,1.8424316920785968,0.3170966509323154,-0.5107387178387384,0.4000023747948475,-0.6928189519391065
31.3,-3.478139695670385,1.8319530199158311,0.3159933211398845,-0.5081929088910925,0.4000180955141251,-0.6928098755775998
31.32,-3.4723300003499493,1.8214716420187083,0.3153184166591315,-0.506442697470311,0.40006821353037314,-0.6927809399274277
31.34,-3.4665505929426423,1.8110014621224844,0.31445964728207626,-0.5120227977275086,0.40018173035112764,-0.6927154009604075
31.36,-3.4608327320903594,1.8004722831734932,0.31302845187579803,-0.5106198696596346,0.40039276722754075,-0.6925935587630015
31.38,-3.455061803065021,1.789938106524,0.31367785983794083,-0.5100316394119285,0.4007370377530506,-0.6923947940824243
31.400000000000002,-3.449277816174571,1.7794481880213324,0.31721416990785406,-0.5105447072237856,0.401247877839098,-0.692099860421232
31.42,-3.4434851405787694,1.7689601537257975,0.31549256015331206,-0.5083259348148792,0.40195209028589246,-0.6916932831755085
31.44,-3.437685886550494,1.7584456805301532,0.31487724940046513,-0.5093597098235628,0.4028658793907032,-0.6911657067898636
31.46,-3.431908250603939,1.747966608531636,0.31598098275096936,-0.5108285112751412,0.40399115402784824,-0.6905160291751955
31.48,-3.4261294775203837,1.7374719596182604,0.3150989305982403,-0.5077446068463162,0.40531246505285684,-0.6897531698992236
31.5,-3.4202972138264367,1.7269949214842655,0.31784541899686736,-0.5071687053312942,0.40679481519204297,-0.6888973346473313
31.52,-3.4144461958191226,1.716567992063633,0.3195548191256408,-0.5084133325543262,0.4083825380276003,-0.6879806624408237
31.54,-3.4086001740202034,1.7060915327670927,0.31795119627947427,-0.5066181697646511,0.40999938925473517,-0.6870471729495978
31.560000000000002,-3.4027295767062573,1.6956168475665503,0.3191076102305907,-0.5085097507114072,0.4115499306819739,-0.6861519674391918
31.580000000000002,-3.3968346872814195,1.68521232877371,0.3236175994298248,-0.5037772642607319,0.4129222185859408,-0.6853596766484309
31.6,-3.3908835063581786,1.6748360715156092,0.32158208891820333,-0.5018386171573694,0.41399173648919474,-0.6847421901990841
31.62,-3.3849267681848287,1.664461728990008,0.32415795294634825,-0.5037901935385475,0.41462644185891456,-0.6843757428830203
31.64,-3.378956654162672,1.6541101416116868,0.32485187350245365,-0.5037665772120316,0.4146927302823407,-0.684337471243911
31.66,-3.372998396755729,1.6436863124303975,0.32259392901771544,-0.5040836440301246,0.4140620628384796,-0.6847015872623934
31.68,-3.366998727947336,1.633293354682659,0.32662274293060156,-0.5047613622204996,0.41261795577616106,-0.6855353428635617
31.7,-3.3610052951667297,1.6229221235523759,0.32551378358922073,-0.5031599182786726,0.4102629988337643,-0.6868949778881843
31.720000000000002,-3.3550003300284685,1.6125566655195243,0.3236819888514498,-0.5006869275779291,0.4069255515551746,-0.6888218539728843
31.740000000000002,-3.3490545567083116,1.602173057507906,0.32101243160250276,-0.508055787020257,0.4025657669770516,-0.6913389767726724
31.76,-3.3432066201627193,1.5917019711371303,0.3178184800734245,-0.5094438321126377,0.3971806094716497,-0.6944480989080447
31.78,-3.3373988385093654,1.581147983491117,0.31256754169956086,-0.5135774524094955,0.3908075678664755,-0.6981275761943487
31.8,-3.3316642747670233,1.57055610939611,0.3131928718358348,-0.5162788771405779,0.3835268149307867,-0.7023311208616718
31.82,-3.3259734250911217,1.559972719237001,0.3085995378387454,-0.5143484212271818,0.37546162784143705,-0.7069875587987725
31.84,-3.320369014745952,1.5493264130953643,0.30200353326364804,-0.5194177593042562,0.3667769585489029,-0.71200165495264
31.86,-3.3149408611533264,1.5385633406775818,0.295231297031084,-0.5293529099642421,0.35767612472669386,-0.7172560238097424
31.88,-3.309648569865865,1.5276938211760316,0.290741086920004,-0.528466280652244,0.34839567746227884,-0.7226140925360526
31.900000000000002,-3.3044062196490995,1.5167852765264174,0.2859063251431574,-0.5328183265104426,0.33919858705924566,-0.7279240351560051
31.92,-3.299312405142514,1.5058231331370016,0.280544029078059,-0.5373150859548036,0.3303659692462415,-0.7330235494279922
31.94,-3.294353230759404,1.4947811386282321,0.2714614687016789,-0.5409259620562986,0.32218764685083434,-0.7377453060645001
31.96,-3.2895843655137442,1.4835777856011576,0.26313912174270165,-0.550225198290018,0.31495190304964626,-0.7419228646959032
31.98,-3.2849520810193833,1.472322423891196,0.26091756686589684,-0.5503720811963821,0.3089348286062333,-0.7453968242455417
32.0,-3.2803922149489573,1.4610432529874402,0.254232127302219,-0.5517506269205238,0.30438969466367155,-0.7480209585507825
32.02,-3.2759769058742725,1.449672420693346,0.24771463393228335,-0.5590135104198125,0.3015367930485136,-0.7496680820662656
32.04,-3.271705575684409,1.4382153963399382,0.24520235914354524,-0.560469625221957,0.3005541768997586,-0.7502353957642592
32.06,-3.267439082633175,1.4267774624697387,0.24375003761604871,-0.5568708837489457,0.30156970589100485,-0.7496490798277934
32.08,-3.263243370171967,1.415333753676932,0.23912112545997338,-0.5627266693179959,0.30465475339490083,-0.7478679268209563
32.1,-3.259148019791993,1.403812649534275,0.2399144571053247,-0.5606227635427372,0.3098198695324556,-0.7448858456285433
32.12,-3.254937564409176,1.3924026265469205,0.24310558337445218,-0.5561860561150732,0.31701261681739284,-0.7407331110473718
32.14,-3.250739671322147,1.3810169393129355,0.2428261472342919,-0.5562954074465873,0.3261177073660505,-0.7354762845681084
32.160000000000004,-3.2464650213378574,1.3696928843615614,0.25032959114035536,-0.5483432030723187,0.3369594762213193,-0.7292167864010273
32.18,-3.242044779825319,1.3584864860056278,0.2546137342851525,-0.5458980300025895,0.34930662839249194,-0.7220881547712755
32.2,-3.237475890472963,1.3473829495165561,0.2661923745897587,-0.5360856488813714,0.3628791020401447,-0.7142520834572341
32.22,-3.2327110890820516,1.3364245576816975,0.2728590379304086,-0.5298828364451305,0.37735680107870717,-0.7058933800200736
32.24,-3.2277236165485665,1.325626549368124,0.28591380420277723,-0.5204472265811444,0.3923898713190604,-0.6972140328700591
32.26,-3.222508879745199,1.3149774566058088,0.2967538277253232,-0.5121713985516542,0.4076101286809398,-0.6884266131850427
32.28,-3.217040592805111,1.3044859705836664,0.30750404718344665,-0.5053443532830428,0.42264319892129304,-0.6797472660350282
32.3,-3.2113412080578416,1.2941195564193486,0.321918916031101,-0.49589529266141213,0.43712089795985554,-0.6713885625978677
32.32,-3.2053684458544907,1.2839110714454554,0.3307086523517361,-0.4908056339036774,0.45069337160750833,-0.6635524912838263
32.34,-3.199174066705485,1.2738332087874982,0.3464052632908439,-0.47827346136456245,0.4630405237786851,-0.6564238596540721
32.36,-3.1927345683945987,1.2639240681195185,0.3502241494448426,-0.47740330173497314,0.4738822926339497,-0.6501643614869934
32.38,-3.1861807166288973,1.2540440359578413,0.3632897265889237,-0.46805574273794937,0.48298738318260737,-0.64490753500773
32.4,-3.1793319047036235,1.2443646437828426,0.37139689189571096,-0.46351777983169934,0.4901801304675446,-0.6407548004265585
32.42,-3.1724208488556624,1.2346859083792923,0.3761360802107128,-0.4612112671991289,0.49534524660509943,-0.6377727192341456
32.44,-3.1653148771461903,1.2251183993512593,0.383702554958986,-0.45683436741706224,0.4984302941089954,-0.6359915662273085
32.46,-3.1581995071953624,1.2155060007299496,0.38418269076777284,-0.4601347877658485,0.49944582310024166,-0.6354052502908425
32.480000000000004,-3.150947126908423,1.2059620696898659,0.39100841562165634,-0.45473930201331253,0.49846320695148594,-0.6359725639888367
32.5,-3.14370091839881,1.196362039345967,0.387642158813534,-0.46097819635083276,0.4956103053363287,-0.6376196875043193
32.52,-3.136443931170217,1.1867423246923003,0.3902200207743925,-0.4601111088768438,0.49106517139376604,-0.6402438218095607
32.54,-3.129228777414252,1.1770681853576874,0.38478160953584734,-0.4650163324120135,0.485048096950354,-0.6437177813591987
32.56,-3.122080955708055,1.1673258626067515,0.38360637731824554,-0.46636222362831603,0.47781235314916454,-0.6478953399906026
32.58,-3.114986775314141,1.1575588010584323,0.3791497845816851,-0.4700159652424687,0.46963403075375876,-0.6526170966271096
32.6,-3.107994594934774,1.1477358157023294,0.3740161483866347,-0.47149403198392115,0.46080141294075305,-0.6577166108990976
32.62,-3.1011105322513948,1.1378584104566278,0.3681749662272126,-0.47567101884699686,0.4516043225377232,-0.6630265535190483
32.64,-3.094368195759346,1.1278973115135522,0.36101993236091656,-0.4822672331090957,0.4423238752733064,-0.6683846222453594
32.660000000000004,-3.087784743041321,1.1177998315653466,0.35318417484907383,-0.48841233446262444,0.43322304145109586,-0.6736389911024627
32.68,-3.0813506060705023,1.1075752515723876,0.34695466605264175,-0.49492872845630226,0.42453837215856316,-0.6786530872563293
32.7,-3.0750373016753842,1.0972758348394067,0.3422038947571322,-0.4985058338444601,0.41647318506921227,-0.6833095251934308
32.72,-3.0688308640702067,1.0869158473795149,0.33634739236580535,-0.49971234563107614,0.40919243213352485,-0.6875130698607531
32.74,-3.0627404861569554,1.0765065047601439,0.3310464434290687,-0.5037295094495927,0.40281939052834953,-0.6911925471470577
32.76,-3.0567886559238246,1.0660417364481956,0.32414697027840783,-0.5084439752530813,0.3974342330229487,-0.6943016692824294
32.78,-3.050972442671681,1.0554744837977175,0.3176522244091432,-0.5113592868112359,0.393074448444825,-0.696818792082218
32.8,-3.0452601466586113,1.0448508007706419,0.3142468057539343,-0.5157735561589215,0.38973700116623644,-0.6987456681669172
32.82,-3.039625719070023,1.0341861222291202,0.3114780273290759,-0.5174505779402553,0.3873820442238392,-0.7001053031915402
32.84,-3.034058155316433,1.0234580448573272,0.30765196669657907,-0.5181711108625071,0.3859379371615204,-0.7009390587927086
32.86,-3.0285154245220696,1.0127595848132611,0.30845432092005903,-0.5167783226263418,0.38530726971765955,-0.7013031748111909
32.88,-3.023017090162509,1.0020897518547136,0.3038404750874752,-0.5186090794986967,0.38537355814108576,-0.7012649031720816
32.9,-3.017607491772893,0.9913174831997812,0.30039463830153634,-0.5214300083684145,0.3860082635108055,-0.7008984558560177
32.92,-3.012187424635674,0.9805630729530925,0.30321865311630275,-0.5218451866220707,0.38707778141405963,-0.7002809694066708
32.94,-3.0067757045706873,0.9698141397025264,0.30312029023094395,-0.5186271610013151,0.3884500693180264,-0.69948867861591
32.96,-3.001299082782284,0.9591227176366192,0.3045236606870808,-0.5153190836916792,0.3900006107452651,-0.698593473105504
32.980000000000004,-2.995843776448797,0.9484616509049943,0.3035558585853015,-0.5186671458980172,0.3916174619724003,-0.697659983614278
33.0,-2.9904291596966277,0.9377551175532004,0.3021361728516631,-0.5177770743707557,0.3932051848079573,-0.6967433114077706
33.02,-2.9849656161211855,0.9270483513955597,0.3050566907869368,-0.516656600084058,0.3946875349471437,-0.6958874761558781
33.04,-2.9794411095283646,0.9164152143078999,0.3090510828215521,-0.5148826942812716,0.396008845972152,-0.6951246168799063
33.06,-2.9738953467018763,0.9057916312093175,0.3078686702830812,-0.5125734759743427,0.39713412060929726,-0.6944749392652383
33.08,-2.9683299410899604,0.8951695507695752,0.3088091752091189,-0.5130372013222882,0.3980479097141078,-0.6939473628795934
33.1,-2.96279080903731,0.8845663457495996,0.3078120281208767,-0.5155488211579917,0.39875212216090233,-0.6935407856338698
33.12,-2.957248877025771,0.8739309453610932,0.3091510397927765,-0.5114305717705387,0.3992629622469496,-0.6932458519726775
33.14,-2.9516316480637825,0.8633417195660316,0.3112334804319785,-0.5125617800169632,0.3996072327724595,-0.6930470872921003
33.160000000000004,-2.9460204167090636,0.8527724912899968,0.313172485909097,-0.5114754255851061,0.3998182696488726,-0.6929252450946943
33.18,-2.9403894476016603,0.8421781236919573,0.3105819115795279,-0.5113813134507029,0.3999317864696271,-0.6928597061276741
33.2,-2.9347762235502497,0.8315702139543023,0.31173092772743277,-0.5131252578126507,0.3999819044858752,-0.6928307704775021
33.22,-2.929160818379887,0.8210085664048046,0.3119458152849531,-0.5114193714341422,0.39999762520515275,-0.6928216941159954
33.24,-2.9235404306394193,0.8104189951829558,0.3106182214381917,-0.5099815733379912,0.39999997049750174,-0.6928203400608263
33.26,-2.9178954145779397,0.7998596008920636,0.313203744940694,-0.5126621405879396,0.39999797649735697,-0.6928168182181637
33.28,-2.912276261503885,0.7892734936877398,0.312565806996071,-0.5120452822649058,0.3999466755457025,-0.6927279623634216
33.3,-2.9066449256224187,0.7786496054709631,0.3105256293292486,-0.5125817981826647,0.3997591142400002,-0.6924030966524112
33.32,-2.9009913520129196,0.7680732386529708,0.3153606709232899,-0.5110887941807803,0.3993552212197377,-0.6917035334204941
33.34,-2.895317882322147,0.7575513192534008,0.31321315002529243,-0.5084884496641376,0.3986636073336832,-0.6905056230306276
33.36,-2.8896625571192227,0.7469862907921136,0.31188002841515333,-0.5101404066415205,0.39762126364999695,-0.6887002308115344
33.38,-2.8839926482741163,0.7364401118297365,0.31486258466044686,-0.512611481734788,0.3961732594663423,-0.6861922139958723
33.4,-2.878357047528436,0.7258380557086818,0.31276739494435735,-0.5116100105726461,0.3942724403200003,-0.6828998986584083
33.42,-2.8726265886035316,0.7152764461747043,0.31755223995410314,-0.5077613664621877,0.39187912599797753,-0.6787545566541826
33.44,-2.8668651942844128,0.7047888898075277,0.3198928453347482,-0.507121647839542,0.38896080854712367,-0.6736998825566888
33.46,-2.861055866209767,0.694362283686796,0.320258461607847,-0.5016395064625048,0.38549185028423677,-0.6676914705960328
33.480000000000004,-2.8552390219004735,0.6839083755612959,0.3196508309020033,-0.5057666989010999,0.38145318180618165,-0.6606962915971145
33.5,-2.8494180590798965,0.6734632057912207,0.3232631045241546,-0.505980400381656,0.37683200000000017,-0.6526921699177952
33.52,-2.8435367490076637,0.6630410517636226,0.3260927317657085,-0.4972312994909747,0.3716214660530168,-0.6436672603870578
33.54,-2.8375391928094826,0.6527208601445293,0.32856247316673554,-0.4980424567433924,0.3658204034629636,-0.6336195252431984
33.56,-2.8316021756804672,0.6425414425624761,0.32614675007194843,-0.4850394387832337,0.3594329960480761,-0.6225562110719711
33.58,-2.8256483468807057,0.6324981737933657,0.32461521452438014,-0.4837546615529857,0.3524684859572231,-0.6104933257447875
33.6,-2.8197885681377906,0.6225274319836062,0.3149386545800691,-0.4718161381141154,0.34494087167999954,-0.5974551153568556
33.62,-2.814165480905817,0.6128986093476134,0.3049276138868544,-0.4655504759073849,0.33686860605685875,-0.5834735411653841
33.64,-2.8086521733597167,0.6031032414700275,0.300084780574267,-0.47416382254081246,0.328274294289203,-0.5685877565277172
33.660000000000004,-2.8032150770170245,0.5935902361919172,0.2982136095719229,-0.4413863935169867,0.31918439194951514,-0.5528435838395387
33.68,-2.797792192703608,0.5845380380468282,0.29495637553685505,-0.43717959237244086,0.3096289029914626,-0.5362929914730282
33.7,-2.7924541088472816,0.5755289423631555,0.2874408970245595,-0.42204184135040973,0.29964107775999865,-0.5189935707150143
33.72,-2.7873019413261835,0.5671344268082703,0.2762862883400015,-0.3956643154546391,0.28925711100149826,-0.5010080127051854
33.74,-2.782277992128803,0.5588368562131107,0.2700884703958726,-0.3984835168061248,0.27851583987384215,-0.4824035853742123
33.76,-2.777500085231475,0.5509070980715457,0.2526115760180031,-0.3652001295680097,0.267458441956558,-0.4632516103819698
33.78,-2.77298030826456,0.5433331625490467,0.24288026503913107,-0.371025923778915,0.2561281332609018,-0.44362694005565384
33.8,-2.7687043005722765,0.5357685889540653,0.22923665447187822,-0.34959784645614267,0.2445698662400017,-0.4236074343280071
33.82,-2.7645682137641874,0.5288902509172472,0.22320075125472286,-0.32424011093488786,0.23283002779893752,-0.4032734376754338
33.84,-2.760547586847054,0.5220991151058652,0.21641203693091557,-0.3227987491544988,0.22095613730488128,-0.38270725605621925
33.86,-2.7566707826031562,0.5157487119082051,0.20406009160600352,-0.2945696998289946,0.2089965445971972,-0.36199263384868013
33.88,-2.7530672894318036,0.5096119895913632,0.19056653184797775,-0.29354854025851085,0.19700012799754096,-0.3412142307893129
33.9,-2.749708423634842,0.5038989122024813,0.17771848160532697,-0.25532446222228794,0.1850159923200008,-0.3204570989110145
33.92,-2.7465381546680283,0.498651551611392,0.17003345507930956,-0.2583192046301313,0.17309316688117662,-0.2998061594811964
33.94,-2.743520321115792,0.4934549945088011,0.1609991230400569,-0.23339965560868509,0.16128030351032446,-0.2793456799400111
33.96,-2.740697412515023,0.4889348849196063,0.14673843673569523,-0.2127351932227195,0.14962537455943636,-0.25915875083846746
33.980000000000004,-2.738102423615292,0.4843795956934088,0.13775361721453744,-0.2196047712022047,0.13817537091338006,-0.23932676277664902
34.0,-2.73566112220525,0.4802394093012397,0.12971533998935827,-0.17739957302698778,0.126976,-0.21992888334186572
34.02,-2.7333386586641866,0.4766256647880398,0.12301591935208059,-0.1782365688243468,0.1160713838002159,-0.20104153404680097
34.04,-2.731162516278635,0.4730971846856043,0.11372090718048883,-0.15376079919887456,0.10550375685816354,-0.18273786726773258
34.06,-2.729251929259339,0.47007104075496176,0.09607495475556721,-0.14818605710275567,0.09531316429127554,-0.1650872431826488
34.08,-2.7276010557314128,0.4669301730857903,0.08675025125469102,-0.14499551707137776,0.08553715980042328,-0.14815470670947123
34.1,-2.7260967946207537,0.4642585744600427,0.0789151159625141,-0.12347079239445455,0.07621050367999935,-0.13200046444417374
34.12,-2.724730550636299,0.4615634730350654,0.07250335344571222,-0.12888917863729457,0.0673648608280586,-0.11667936159900391
34.14,-2.7234704954112097,0.4593012053071993,0.06371701494691509,-0.09008400370451457,0.059028498756402856,-0.102240358940606
34.160000000000004,-2.7224218826503592,0.4574293663753577,0.052928330897388666,-0.09837008356326062,0.05122598560071509,-0.08872600972823022
34.18,-2.7215418413160406,0.45554734832025523,0.045793389568405285,-0.07553322033197699,0.04397788813066265,-0.07617193665188797
34.2,-2.720784375291754,0.4541889029524289,0.03827131200511687,-0.06795954818915015,0.03730046975999893,-0.06460630877050462
34.22,-2.720159253735336,0.4525755130148191,0.03303821203236511,-0.07995521918176264,0.0312053885566976,-0.05404931845012866
34.24,-2.719612916754749,0.45129937867484476,0.028039066505330387,-0.04221178134265833,0.025699395253042576,-0.04451265830206415
34.26,-2.7191563630214817,0.45044478109845315,0.02292648124518969,-0.04855420840867387,0.02078403125575719,-0.03599899812107102
34.28,-2.7187974714039704,0.44959546919326115,0.017348502690960197,-0.026982958208518835,0.016455326656102193,-0.02850146182351147
34.300000000000004,-2.7185119331023735,0.44901636194287564,0.01492494426436482,-0.03778888806497035,0.012703498239999082,-0.022003104385540213
34.32,-2.7182918199178747,0.448344525620231,0.010555265441315086,-0.01974556980377361,0.00951264749813703,-0.0164763887812663
34.34,-2.7180986937865184,0.4480106612269465,0.010866633466805185,-0.02268248812315787,0.006860458636082713,-0.011882662920919938
34.36,-2.7179664345905485,0.44743101152735754,0.004556134762936672,-0.02408919112708664,0.004717896584396898,-0.008171636589031092
34.38,-2.7179478362286784,0.4472022202954223,-0.00014690378612527773,-0.008021160827594917,0.0030489050087421543,-0.005280858382592642
34.4,-2.717986659679082,0.44685543822564044,-0.0018265933301221645,-0.019041623592468908,0.0018101043199994398,-0.0031351926492389423
34.42,-2.7180422645362894,0.44669142171844584,-0.003587943284115941,-0.002097071135694929,0.0009504896843772318,-0.001646296425411471
34.44,-2.718158399309429,0.4464514596356473,-0.005219371839669094,-0.02328812095844574,0.0004111290335231389,-0.0007120963745287645
34.46,-2.7182390491889072,0.4461124672944028,-0.0011399639796681924,-0.0053163366232196595,0.0001248610746372947,-0.0002162657251594441
34.480000000000004,-2.7182728367350695,0.44596599785897917,-0.0015211578676978886,-0.017346728770143798,1.5993300582550777e-5,-2.7701209189698863e-5
34.5,-2.7183180942303653,0.44565116845064623,-0.0013017258850844616,-0.006619926260816425,3.260075548516852e-65,1.2166767583577827e-64
34.52,-2.7183619123835707,0.4456234906730281,-0.003487919475365072,-0.006183153455146173,3.260075548516852e-65,1.2166767583577827e-64
34.54,-2.718470557995979,0.4452484751840615,-0.004313582939280913,-0.02273253790990597,3.260075548516852e-65,1.2166767583577827e-64
34.56,-2.7185557376681597,0.44505362451370817,-0.003698256449216274,0.0023679615986437626,3.260075548516852e-65,1.2166767583577827e-64
34.58,-2.7186404928795778,0.44500021968462555,-0.00440269589192585,-0.01447564002688182,3.260075548516852e-65,1.2166767583577827e-64
34.6,-2.718719102113931,0.4447304228207063,-0.002384824560068807,-0.004731575817428039,3.260075548516852e-65,1.2166767583577827e-64
34.62,-2.718804150066643,0.4447833092815857,-0.007287205273619538,0.00036481384828132487,3.260075548516852e-65,1.2166767583577827e-64
34.64,-2.7189929170923293,0.44456455720703597,-0.008759751329324682,-0.015824185108195818,3.260075548516852e-65,1.2166767583577827e-64
34.660000000000004,-2.719162373693784,0.4444847561242601,-0.007375179631317102,0.006134167316194533,3.260075548516852e-65,1.2166767583577827e-64
34.68,-2.719319579428395,0.44451328289104064,-0.008542606563844927,-0.010019110694319287,3.260075548516852e-65,1.2166767583577827e-64
34.7,-2.719468967848613,0.4443298577494872,-0.00569721272943958,-0.0003392330527831918,3.260075548516852e-65,1.2166767583577827e-64
34.72,-2.719532261787949,0.4444843259826264,-0.0024481224971517005,0.0064993341240098,3.260075548516852e-65,1.2166767583577827e-64
34.74,-2.7195783044300703,0.4443974027967744,-0.001426267785007515,-0.00965503676858628,3.260075548516852e-65,1.2166767583577827e-64
34.76,-2.7196117527769674,0.44442693587655624,-0.002345220972128272,0.013393917040172175,3.260075548516852e-65,1.2166767583577827e-64
34.78,-2.719652346474279,0.44464528194506026,-0.003043845089075317,0.0014816737025909515,3.260075548516852e-65,1.2166767583577827e-64
34.800000000000004,-2.719701500345205,0.44457257977507053,-0.002007208990478234,0.0006642139931751809,3.260075548516852e-65,1.2166767583577827e-64
34.82,-2.7197342438649685,0.4448452773071904,-0.002289840552011677,0.018346740473028464,3.260075548516852e-65,1.2166767583577827e-64
34.84,-2.7197737054032376,0.4449841398982489,-0.0033122768420008417,-0.006505062808712909,3.260075548516852e-65,1.2166767583577827e-64
34.86,-2.719902103545754,0.4449119312423892,-0.008688185255421105,0.005675543042140289,3.260075548516852e-65,1.2166767583577827e-64
34.88,-2.7200449774471718,0.445055761984909,-0.006703264273367901,-0.0009306739066205493,3.260075548516852e-65,1.2166767583577827e-64
34.9,-2.720171276695252,0.4448159454185598,-0.003505844005306223,-0.015350734157797112,3.260075548516852e-65,1.2166767583577827e-64
34.92,-2.7202334728667794,0.44472417444766493,-0.004143735461046601,0.003911281521094332,3.260075548516852e-65,1.2166767583577827e-64
34.94,-2.7203839263798315,0.44463953003961276,-0.009816005289231315,-0.018616765593842607,3.260075548516852e-65,1.2166767583577827e-64
34.96,-2.7205851361542437,0.4442754212741233,-0.007804268650183429,-0.009180381530072028,3.260075548516852e-65,1.2166767583577827e-64
34.980000000000004,-2.7207328997683056,0.44432557308943416,-0.008763280550664526,0.0037031022934392375,3.260075548516852e-65,1.2166767583577827e-64
35.0,-2.720929709573277,0.44421397470558194,-0.008615921552522415,-0.00967166773372187,3.260075548516852e-65,1.2166767583577827e-64
35.02,-2.7210731859670245,0.44423854701218585,-0.004461470190243092,0.009649008925964842,3.0896684160302694e-5,-8.278741569552565e-6
35.04,-2.7211329255192687,0.4443049945440086,-0.0024801601204521846,-0.008687748507217007,0.00024121307337976908,-6.463284821593824e-5
35.06,-2.721174557477866,0.444104081751133,-0.0012252835204730884,-0.002444948177896416,0.0007942403028347343,-0.00021281604774081732
35.08,-2.721198535920916,0.44429143652253805,-0.0021446645522929034,0.01297993292417828,0.0018362050675232251,-0.0004920096649807832
35.1,-2.721248961946703,0.4443213074016526,-0.0023269184966000058,-0.011245694118286126,0.0034968530219309677,-0.0009369789432767335
35.12,-2.7212992997742607,0.44413109057121414,-0.0019404035568722125,-0.0010841771405984643,0.005890032179692405,-0.0015782293659419048
35.14,-2.721324830914598,0.4441566657404663,-0.0011139048179172957,-0.006337744853340929,0.009114276313259808,-0.0024421629777320753
35.160000000000004,-2.7213554825162527,0.4437714361546372,0.0001542565221295463,-0.022208074039474706,0.013253388353562127,-0.0035512347063130175
35.18,-2.7213324070561673,0.4435303278044298,0.00486395443781375,-0.007306383045703796,0.018377023789670318,-0.00492410868372969
35.2,-2.7211949420824335,0.4431564134744251,0.010236582592379107,-0.027479537227082938,0.02454127406846841,-0.006575814567876962
35.22,-2.7210300158258525,0.4427611497810292,0.008096037194968314,-0.0063403557564425585,0.03178924999430405,-0.00851790386396484
35.24,-2.720816246111253,0.44261075015026097,0.014984045401530066,-0.016828990221726358,0.040151665128670314,-0.010758606245992078
35.26,-2.72044540467034,0.44208748424943667,0.022940490790897886,-0.022777717541942015,0.049647419189849225,-0.013302985878209519
35.28,-2.71995766798312,0.44183743386702595,0.02826227660135996,-0.008637801482723528,0.060284181452599776,-0.01615309773659537
35.300000000000004,-2.719301475536719,0.4413905050064855,0.041669123389990154,-0.028070468390343512,0.07205897414779945,-0.019308143930318003
35.32,-2.7183617598598184,0.4410198076005062,0.05404289112304727,-0.0013934052750558792,0.08495875586211678,-0.022764630023207093
35.34,-2.7171653513423935,0.4408416114453779,0.0659773852573278,-0.0178679759542125,0.09896100493769108,-0.026516521355226662
35.36,-2.7157252561703706,0.440353672724549,0.0795314443143334,-0.013678919505192238,0.11403430287176354,-0.030555399363935087
35.38,-2.7140173631707745,0.4400356329314649,0.09190574129726349,-0.0191825722419276,0.1301389177163814,-0.034870617905964706
35.4,-2.7121254743472223,0.4392389568752413,0.10114695637937172,-0.04048332286150976,0.14722738747801886,-0.03944945957847913
35.42,-2.710016222131468,0.4385251151122919,0.11708441961236514,-0.024818754965377877,0.16524510351728774,-0.04427729204065451
35.44,-2.707546380361082,0.43762248257650366,0.13407907011908635,-0.05581914777858256,0.18413089394855237,-0.04933772433513529
35.46,-2.7047576805580498,0.43634923235924494,0.1504213278145682,-0.04677439490802867,0.20381760703964527,-0.05461276320951684
35.480000000000004,-2.7015811633089544,0.43528072860721995,0.17094374366297335,-0.05273953217610307,0.22423269461148573,-0.06008296943780214
35.5,-2.6980815456846012,0.4337487856176362,0.18719171951713037,-0.07210930683428846,0.24529879543776154,-0.06572761414187535
35.52,-2.694237313481244,0.432318857526472,0.20729260335280508,-0.0547733889077805,0.2669343186446182,-0.0715248351129774
35.54,-2.6899820017690956,0.4307543811010441,0.22523378199379487,-0.08292776416954199,0.2890540271102698,-0.07745179313316061
35.56,-2.685389644746434,0.4288361381796264,0.24281678510639434,-0.07383891714931369,0.31156962086472395,-0.08348482829677382
35.58,-2.6803593766389584,0.42718224693611,0.2667313135553473,-0.07416168414566306,0.3343903204893842,-0.08959961633191477
35.6,-2.674963452737081,0.42513852804776886,0.28361048787475995,-0.09256172026507704,0.3574234505167776,-0.09577132492191587
35.62,-2.669205345593075,0.42319304698665594,0.3050417677498251,-0.0757080578110627,0.3805750228301537,-0.10197477002679574
35.64,-2.663005389389735,0.4210957124305431,0.32422277970321367,-0.10420461049007154,0.40375032006321543,-0.10818457220474585
35.660000000000004,-2.6564362710322813,0.418631706580604,0.3441757527732772,-0.09615029603553957,0.42685447899972445,-0.11437531293358376
35.68,-2.6493842716434397,0.4164309101664769,0.37033377868066786,-0.09561812811751808,0.4497930739731908,-0.12052169093222867
35.7,-2.6419227799611504,0.41384133576284576,0.3889060765502771,-0.11405611299136065,0.4724727002665611,-0.1265986784821769
35.72,-2.63409467570217,0.4113517158783389,0.4082832529981358,-0.09868964790557276,0.4948015575118262,-0.1325816777489555
35.74,-2.625873801938645,0.4086677674050503,0.42798544563056024,-0.1269843301084434,0.5166900330897499,-0.13844667710360853
35.76,-2.61721104466191,0.4056693751479846,0.45082768288383507,-0.11680766200234002,0.5380512855294699,-0.14417040744414883
35.78,-2.608131862447936,0.4028229258728696,0.47028567332823273,-0.12733363593107994,0.5588018279082219,-0.1497304985170432
35.800000000000004,-2.598658599405319,0.39959036225759764,0.49255497053369446,-0.1341641109758271,0.5788621112509541,-0.1551056352386678
35.82,-2.5887999937688817,0.39660182788992565,0.5073262794949067,-0.12075622815948595,0.5981571079300128,-0.16027571401678276
35.84,-2.578658176133712,0.39340198416266003,0.5262051375203518,-0.1402693217395648,0.6166168950648249,-0.1652219990720061
35.86,-2.5680827111625586,0.39021032302898234,0.5451820521046936,-0.11959510991341932,0.6341772379215183,-0.16992727875927074
35.88,-2.557195724285959,0.3871222581493289,0.5575529756756514,-0.13687792762791987,0.6507801733126355,-0.17437602188930668
35.9,-2.5460255853308924,0.3837552308380351,0.5753279297210535,-0.13082513781232535,0.6663745929967501,-0.1785545340500972
35.92,-2.5345324676294476,0.38049749631613405,0.5884307917651597,-0.14153449614004643,0.6809168270781747,-0.18245111392835928
35.94,-2.5227850659625517,0.37678192520191595,0.6052350524658139,-0.15664080665468644,0.6943712274065864,-0.18605620963100225
35.96,-2.510748285396757,0.3732138970118242,0.6154564140417752,-0.14451866340593006,0.7067107509767262,-0.189362575006606
35.980000000000004,-2.4985159183257095,0.3694248208330227,0.6277747065701145,-0.1610586347926087,0.7179175433280343,-0.19236542596688228
36.0,-2.486021882319518,0.36571256129620017,0.6392393579581568,-0.14904379602941203,0.7279835219443249,-0.1950625968081463
36.02,-2.4733363628222715,0.3618408735958524,0.648752733556794,-0.16887082917485688,0.7369109596534631,-0.19745469653278902
36.04,-2.4604581906463565,0.3579403472320981,0.6571722735061359,-0.1461436140027119,0.7447130680270062,-0.19954526517074
36.06,-2.44743766443725,0.35428779468120486,0.6625688372802873,-0.15878397774214176,0.7514145807798891,-0.20134093010094184
36.08,-2.4342787012712717,0.350235431402559,0.6721975095634505,-0.16413939871149916,0.757052337170069,-0.20285156237281396
36.1,-2.4209535479189146,0.3464749596812183,0.6783307577896213,-0.15085050787927443,0.7616758653982081,-0.2040904330277263
36.12,-2.4075354403779192,0.3425352282067457,0.6824154746638651,-0.1659564864736042,0.7653479660073195,-0.20507436942046353
36.14,-2.3940402610376923,0.33868092583854537,0.6853635781211495,-0.15159567249593675,0.7681452952824529,-0.20582391154069948
36.160000000000004,-2.3805030799457865,0.33470008004310275,0.6875527136203731,-0.17818331508698582,0.7701589486503374,-0.20636346833446034
36.18,-2.3669683936114243,0.3304726287019098,0.6865117025472905,-0.1652101081779692,0.7714950440790567,-0.20672147402559657
36.2,-2.3533847293243575,0.3263959064765697,0.6911981229101106,-0.17726717953091822,0.7722753054777171,-0.2069305444372528
36.22,-2.3397441753335246,0.32220090233368426,0.6929118347213552,-0.16219315280251392,0.7726376460960972,-0.20702763331333277
36.24,-2.326063592199337,0.31818445579166627,0.694307492959348,-0.17529971130127234,0.7727367519243292,-0.20705418863997274
36.26,-2.3123720870489426,0.31398702324996275,0.6940460560294106,-0.16254502872246598,0.7727406698483269,-0.20705520317625534
36.28,-2.298686400022983,0.31003329559206083,0.6939226515424024,-0.17056592157158243,0.7727413707588586,-0.2070525873425394
36.300000000000004,-2.2850114827282537,0.3057340380106578,0.6935066288852937,-0.17692525900830294,0.772746069029295,-0.20703505315856316
36.32,-2.2713314405386478,0.3017085373757143,0.6938000881864719,-0.1627725411635661,0.7727610472239889,-0.20697915377495987
36.34,-2.257651139557138,0.29753337826460124,0.6941700471853105,-0.17609182948896432,0.7727949726897112,-0.20685254221321364
36.36,-2.2439676593171263,0.29352220916507865,0.6931222900471925,-0.1599087997666044,0.7728580428520828,-0.2066171611628011
36.38,-2.230287470455118,0.2893925968564695,0.6940910423414983,-0.18131659344721734,0.772960931021737,-0.20623317728615384
36.4,-2.2166058952068983,0.2852264211463987,0.6941706344186644,-0.15906520805913849,0.7731135999188538,-0.2056634092053787
36.42,-2.2029025259092245,0.28129774227812954,0.6945398842847706,-0.17045190761504161,0.7733240597878509,-0.20487796228132707
36.44,-2.189203508374851,0.27719038260172546,0.6942660540369399,-0.1592877699884147,0.7735971534205535,-0.20385876296885772
36.46,-2.1754972028478843,0.27338119341608624,0.6945473856218115,-0.16139557931179965,0.7739334513002591,-0.20260368219531819
36.480000000000004,-2.1618177870866875,0.2691992670065823,0.6920203046709946,-0.17728119096959066,0.7743283363189686,-0.201129951242347
36.5,-2.148147710558584,0.26520213840818735,0.6952109978869386,-0.15541246636736622,0.7747713492442883,-0.1994766044966443
36.52,-2.134405032863645,0.26120573667832553,0.6971824058157653,-0.1779242622325872,0.7752458536946089,-0.19770572977963002
36.54,-2.1206836839338705,0.25699835313600355,0.6952669634490296,-0.1628990077836566,0.7757290634120735,-0.19590236656334126
36.56,-2.1069338134296967,0.25307091217893946,0.697474577563473,-0.16738609891316059,0.776192455882821,-0.1941729623186665
36.58,-2.0931925871313233,0.24890749129872858,0.6962100797902635,-0.1676417340354176,0.7766025757746375,-0.19264237404521267
36.6,-2.079449069239025,0.24513486231963416,0.6956828141815599,-0.14872497734846943,0.7769222102810049,-0.19144948182759727
36.62,-2.0657027909553705,0.24123970883359142,0.697196658531644,-0.1644499304911659,0.777111897369853,-0.19074155997447653
36.64,-2.0519322982315242,0.2374929620007804,0.6974726202150303,-0.1400814874674097,0.7771317082280305,-0.1906676248452164
36.660000000000004,-2.038136106280864,0.23385770623938007,0.6984806043972731,-0.1583959162256932,0.7769432279076102,-0.19137104297725188
36.68,-2.024338578069872,0.2300236328823362,0.6987314820157892,-0.14550442875313016,0.7765116442505238,-0.1929817351132149
36.7,-2.0105324504791677,0.22634365515552426,0.6991670515264424,-0.16048776945855803,0.775807845373002,-0.19560834828243595
36.72,-1.9967506191619893,0.22239670359201538,0.6966251970369569,-0.1536418747527403,0.7748104209164565,-0.19933078703097556
36.74,-1.9829916259016511,0.21867474588201108,0.6969143451108755,-0.15743026372032395,0.7735074622775624,-0.20419349487148908
36.76,-1.9692647200363738,0.2145615047670596,0.6943251707590562,-0.17500231946494907,0.7718980622331943,-0.2101998576067742
36.78,-1.9555873797289187,0.21053996994798432,0.6925212470276343,-0.16514416458393713,0.7699934246377589,-0.21730806188294546
36.800000000000004,-1.9419261177824236,0.20626731726940353,0.6934974861790285,-0.18762692966326042,0.7678175098040737,-0.22542868659520113
36.82,-1.9282970602649288,0.2020015024198396,0.6899855164304893,-0.16765622038454858,0.765407160163155,-0.23442423391911513
36.84,-1.9147032648602473,0.19781552047208145,0.6886781171381581,-0.18645067996274278,0.7628116730059622,-0.24411072386015142
36.86,-1.901160331751819,0.1932979025608434,0.6860561027032047,-0.1872302637923312,0.7600918115455393,-0.2542613850199981
36.88,-1.8876811005037177,0.1888053887195025,0.6834606866876168,-0.20081362936902258,0.7573182710828642,-0.2646123789435495
36.9,-1.874343016475217,0.1838831172144773,0.67147842945035,-0.2128079456569103,0.7545696425259746,-0.27487040036899624
36.92,-1.8612322283388858,0.17911600164463862,0.6637553771423285,-0.2042690194164591,0.7519299396972494,-0.2847219054426819
36.94,-1.8482337185235358,0.17410171751558456,0.6602714472399028,-0.22969717332148626,0.7494857786095149,-0.2938436388039899
36.96,-1.8352955131764312,0.1689955765116281,0.659759501264946,-0.21038296905804674,0.7473233151378355,-0.30191406234980955
36.980000000000004,-1.8222911532759314,0.1640137560222517,0.6625303275627447,-0.22662611009082803,0.7455250613511107,-0.30862523684676935
37.0,-1.8093339503562107,0.1587080708669458,0.660689374587131,-0.2299334740545231,0.7441667094809046,-0.31369467504093496
37.02,-1.7962722131561377,0.15350294708842852,0.6673545064207483,-0.23151582066494972,0.7433140956100182,-0.3168766733263211
37.04,-1.7832627732332123,0.1480524752632536,0.6584547087538603,-0.23922164588536873,0.7430204324308415,-0.31797263923132046
37.06,-1.7703558919182227,0.14278048678900848,0.6578867158733291,-0.23142316913122674,0.7433239318924505,-0.316839963820526
37.08,-1.757483349216441,0.13730444916032974,0.6569831670178907,-0.2448860929811423,0.7442459245332725,-0.31339904044077316
37.1,-1.7445152393060468,0.13193623235000282,0.6653213171308681,-0.22969915735275898,0.7457895633465496,-0.30763810196108804
37.12,-1.7314653936680309,0.12652226377948303,0.6624907028904585,-0.24568089637078538,0.7479391769442756,-0.2996156347977336
37.14,-1.7185542597822652,0.12114550998937672,0.6558138584811156,-0.22072226383898227,0.7506603105635409,-0.28946022587645204
37.160000000000004,-1.7056950617725826,0.11606171055787524,0.6540135246915764,-0.22913865268692002,0.7539004652403907,-0.27736780399806654
37.18,-1.6928386084546208,0.11085778592969757,0.6571003846317927,-0.21534861985121295,0.7575905165029906,-0.2635963452035098
37.2,-1.6798143282149105,0.10617138136774026,0.6678281791075804,-0.1981602404376827,0.7616467654927015,-0.24845821788575873
37.22,-1.6666178319388993,0.10140655383182162,0.6725499773450996,-0.2018082283886661,0.7659735487765036,-0.23231044283726976
37.24,-1.6532970541448695,0.09700090952904543,0.6830739644207757,-0.1780003048207768,0.7704663094594637,-0.21554323170221495
37.26,-1.639726131944666,0.09269289250926868,0.6923593664351388,-0.1778655375591265,0.7750150126030457,-0.19856724046181823
37.28,-1.6260257154223754,0.08878642689992738,0.69523515284618,-0.14758730512681875,0.7795077732860058,-0.18180002932676342
37.300000000000004,-1.6122619447342328,0.084997158075505,0.6992047764964525,-0.16498268174363037,0.7838345565698094,-0.1656522542782689
37.32,-1.5984131815174072,0.08116585115216522,0.7027623637468392,-0.14047447773543703,0.7878908055595188,-0.1505141269605234
37.34,-1.5844545391849119,0.07783319414039022,0.707521169042789,-0.13309623510612098,0.79158085682212,-0.13674266816596198
37.36,-1.5704252925808813,0.07434614084525559,0.7110489693111836,-0.13403001740999276,0.7948210114989686,-0.12465024628758113
37.38,-1.5563187082508723,0.07126414393442838,0.7135846628886803,-0.11237128057017005,0.7975421451182338,-0.11449483736629956
37.4,-1.5421531145058878,0.06818000404573835,0.7162891271581225,-0.11537087152305801,0.7996917587159599,-0.10647237020294513
37.42,-1.5279285207768567,0.06545083505333321,0.7185541632979607,-0.09567178266372871,0.8012353975292369,-0.10071143172325998
37.44,-1.5136572584341006,0.06266854470341311,0.7204044904620227,-0.10153442420042284,0.8021573901700589,-0.09727050834350713
37.46,-1.4993392879553287,0.06018732139785586,0.7221779702595948,-0.08439361031553401,0.802460889631668,-0.09613783293271261
37.480000000000004,-1.4849996149629892,0.05758146794974168,0.7227817982728523,-0.09514539095678146,0.8021672264524911,-0.09723379883771287
37.5,-1.4706480622032394,0.055198747355763016,0.7225672494022146,-0.08067330133624077,0.8013146125816049,-0.10041579712309814
37.52,-1.4563074248524595,0.05262720927250935,0.7220988408426071,-0.09687202964445082,0.7999562607113981,-0.10548523531726586
37.54,-1.4419866631473566,0.05015601019565308,0.7207414779716075,-0.08631634410866174,0.798158006924674,-0.11219640981422353
37.56,-1.4276976224964757,0.0474620880171417,0.7190856001978634,-0.10744126038536826,0.7959955434529945,-0.12026683336004322
37.58,-1.4134527272172037,0.044802531350147744,0.717270187580281,-0.08688237527329512,0.79355138236526,-0.12938856672135124
37.6,-1.3992262784989733,0.04219814201933929,0.7162950685597786,-0.10877216018897527,0.7909116795365349,-0.1392400717950369
37.62,-1.3850505161069346,0.0393280504752645,0.7135610921618423,-0.09930895502477978,0.7881630509796452,-0.14949809322048357
37.64,-1.3709200927713583,0.03652919137100595,0.7119204088214798,-0.11981331977163155,0.7853895105169701,-0.159849087144035
37.660000000000004,-1.3568608645509856,0.033203411104761875,0.7080435068266828,-0.1306421188526965,0.7826696490565463,-0.16999974830388515
37.68,-1.3428615059243885,0.030096590669258103,0.7059564859084128,-0.12072608681873766,0.7800741618993544,-0.17968623824491806
37.7,-1.3289106345191888,0.02668356400423896,0.7043475884838223,-0.15218371120334448,0.777663812258435,-0.18868178556883503
37.72,-1.3150182137666948,0.02303162595203245,0.7009701276539719,-0.13790120584302665,0.7754878974247507,-0.19680241028108758
37.74,-1.3011699015479494,0.019491983584466337,0.699744176119514,-0.15651617980474689,0.7735832598293151,-0.20391061455725892
37.76,-1.2873715978466058,0.015566730533852482,0.6971702694691384,-0.157924010826576,0.771973859784947,-0.209916977292544
37.78,-1.2736062348844182,0.011922627113684213,0.6954521834409704,-0.15001395443873908,0.770670901146053,-0.2147796851330576
37.800000000000004,-1.2598759476930987,0.008002503534953666,0.6951980165739946,-0.16938581548312504,0.7696734766895071,-0.21850212388159826
37.82,-1.2461641072932974,0.0041063449609948285,0.6930343296860285,-0.15976197214859356,0.7689696778119857,-0.22112873705081823
37.84,-1.2324870928449987,-3.4051871731916924e-6,0.6929114638312057,-0.18514198525075387,0.7685380941548992,-0.22273942918678166
37.86,-1.2188131673015137,-0.0042271768110015324,0.6931373569841692,-0.1658099947937073,0.768349613834479,-0.22344284731881672
37.88,-1.205127331589903,-0.008255983913694207,0.692876546502586,-0.179969050827132,0.7683694246926565,-0.2233689121895566
37.9,-1.191462951653945,-0.012532606600618314,0.692053687918956,-0.17093081918490804,0.7685591117815045,-0.22266099033643585
37.92,-1.1777875356576966,-0.016439999333140776,0.6926828747743541,-0.16618965020546597,0.7688787462878719,-0.22146809811882048
37.94,-1.1641327570617157,-0.020648744878061412,0.6908583872713803,-0.18099995942322292,0.7692888661796884,-0.21993750984536664
37.96,-1.150486189217711,-0.024697315874739948,0.6920649544598254,-0.1667997741872571,0.769752258650436,-0.2182081056006919
37.980000000000004,-1.136807466798145,-0.0288925755840528,0.6933278502812488,-0.18360236915283373,0.7702354683679007,-0.21640474238440247
38.0,-1.123123973432212,-0.03294304915610652,0.6930119998174658,-0.15428919746586497,0.7707099728182212,-0.21463386766738882
38.02,-1.109405243741371,-0.03672878258207949,0.6947422438230245,-0.16645426436341387,0.7711529857435411,-0.21298052092168557
38.04,-1.0957001115602534,-0.04073828978064025,0.693566625271813,-0.15983637380023039,0.7715478707622503,-0.21150678996871494
38.06,-1.0819677003322146,-0.04444197280645189,0.6957219383570908,-0.15620578735591306,0.771884168641956,-0.2102517091951754
38.08,-1.0682188769524268,-0.04847021806628551,0.6954207744756129,-0.17267214225362498,0.7721572622746585,-0.20923250988270606
38.1,-1.054479540846153,-0.05236565576403215,0.696273611630124,-0.1589466863592302,0.7723677221436557,-0.20844706295865442
38.12,-1.0407160670440831,-0.05638541594470485,0.6964223245055758,-0.17499777414666629,0.7725203910407724,-0.2078772948778793
38.14,-1.0269802122432752,-0.06032697357442779,0.6947450694116305,-0.1496532135273302,0.7726232792104266,-0.20749331100123203
38.160000000000004,-1.0132374195860354,-0.0640170796718575,0.6959886824031808,-0.1624086954920677,0.7726863493727982,-0.20725792995081943
38.18,-0.999484470243474,-0.06799671016435066,0.6956444601268887,-0.1600067363470671,0.7727202748385206,-0.20713131838907325
38.2,-0.9857232690940714,-0.07161228312880163,0.6963303560537503,-0.1462459537293135,0.7727352530332144,-0.20707541900546997
38.22,-0.9719483330025541,-0.07542146597563258,0.6971255452069525,-0.16674121664602043,0.7727399513036508,-0.20705788482149373
38.24,-0.9581900807882217,-0.07919773798913496,0.6951323785869299,-0.1415742768482105,0.7727406522141825,-0.2070552689877778
38.26,-0.9444367005449597,-0.08271928695900571,0.6954896904361788,-0.15445336538382878,0.7727367519243294,-0.20705418863997282
38.28,-0.9306867080301349,-0.08664422232900458,0.6959659991548262,-0.1629910312855844,0.772637646096097,-0.2070276333133327
38.300000000000004,-0.9169153929282233,-0.0903071711060199,0.6967724906505662,-0.1482993085328721,0.772275305477716,-0.20693054443725253
38.32,-0.9031316435487168,-0.09416641130743708,0.6967928899369473,-0.17050028175267207,0.7714950440790574,-0.2067214740255968
38.34,-0.8893866134662013,-0.09800926870075681,0.6948610604111243,-0.1454039012279144,0.7701589486503371,-0.20636346833446026
38.36,-0.8756319888426307,-0.10157485787229553,0.6953448147589399,-0.1566508507753595,0.7681452952824533,-0.2058239115406996
38.38,-0.8619119257409599,-0.10556387685092372,0.692709781698215,-0.16769653765630624,0.76534796600732,-0.2050743694204637
38.4,-0.8482301015034875,-0.10931347750203955,0.6917593822333485,-0.15415950345350496,0.7616758653982071,-0.20409043302772606
38.42,-0.8345657243647866,-0.11322846860876036,0.6890617977728248,-0.1678105382980706,0.7570523371700685,-0.2028515623728138
38.44,-0.8209941585463165,-0.11700786485504851,0.6848191254897662,-0.15447391801982047,0.7514145807798889,-0.20134093010094178
38.46,-0.8074893144661678,-0.12089037430721444,0.6808167584167772,-0.17017611622941967,0.7447130680270062,-0.19954526517074
38.480000000000004,-0.7941011223338837,-0.12469050522061574,0.6740234494362137,-0.1445792948671296,0.7369109596534602,-0.19745469653278824
38.5,-0.7808117766300665,-0.12820721054680767,0.6696937702634668,-0.15548255483957468,0.7279835219443245,-0.19506259680814617
38.52,-0.767669652911052,-0.13194505810813786,0.6594528606729165,-0.15010869557475895,0.7179175433280304,-0.19236542596688122
38.54,-0.7547024828846449,-0.13533320117981432,0.651935687044634,-0.14109428866529602,0.7067107509767268,-0.18936257500660614
38.56,-0.7418594119064201,-0.1389373432332194,0.6468826314704249,-0.15319855686910913,0.6943712274065865,-0.18605620963100228
38.58,-0.7291284670480965,-0.1423384854028872,0.6388142579067974,-0.1383163707759009,0.680916827078175,-0.18245111392835936
38.6,-0.7166162857987968,-0.14586308986674662,0.624105763401931,-0.15269843886212797,0.66637459299675,-0.17855453405009716
38.62,-0.70444779208785,-0.14919308873722248,0.6068990429878048,-0.1270550635157786,0.6507801733126357,-0.17437602188930676
38.64,-0.6925541554250054,-0.15240289876512542,0.595661195533911,-0.14697690220831733,0.6341772379215183,-0.16992727875927074
38.660000000000004,-0.6809010074511603,-0.15580775634685293,0.5835572275190694,-0.13240080388228867,0.6166168950648184,-0.16522199907200438
38.68,-0.669546692456138,-0.15885729972161156,0.5660374625559017,-0.13302918508752945,0.5981571079300125,-0.1602757140167827
38.7,-0.658505393335215,-0.16226579053153437,0.5502163221526462,-0.15077372235890152,0.5788621112509472,-0.15510563523866597
38.72,-0.6477558425380162,-0.16544298247340106,0.5368891064892802,-0.11746143086237221,0.5588018279082219,-0.1497304985170432
38.74,-0.637273649834454,-0.1682643735986325,0.5238401258975532,-0.12629856520348376,0.5380512855294696,-0.14417040744414875
38.76,-0.6271446317304259,-0.1712335885670394,0.5010110431447004,-0.11646315492568346,0.51669003308975,-0.13844667710360856
38.78,-0.6174730868541999,-0.1737507556578897,0.4769008171257537,-0.10233828545847286,0.4948015575118262,-0.1325816777489555
38.800000000000004,-0.6082128986732602,-0.1763917635745743,0.45948310334479614,-0.11225329420901099,0.472472700266553,-0.12659867848217474
38.82,-0.5992960420588119,-0.17876799591209475,0.439969183295022,-0.09280112439341423,0.44979307397319085,-0.12052169093222868
38.84,-0.5908101835678652,-0.18118665301551898,0.41624944470648373,-0.10944299818867713,0.42685447899971646,-0.11437531293358162
38.86,-0.5828110217138325,-0.18352653015589596,0.39505931489087376,-0.08362890285860215,0.4037503200632155,-0.10818457220474588
38.88,-0.5751455210766655,-0.18553167472349116,0.38027625624209477,-0.09223825650756771,0.3805750228301538,-0.10197477002679578
38.9,-0.5678657556695589,-0.18768909033635434,0.35706635710130213,-0.08170127509694815,0.3574234505167773,-0.0957713249219158
38.92,-0.5610262832924637,-0.1893536719726009,0.33378358993029483,-0.06531797886081023,0.3343903204893842,-0.08959961633191477
38.94,-0.5545979719490783,-0.1911296697226135,0.3154432538126301,-0.07650493681942613,0.31156962086472373,-0.08348482829677377
38.96,-0.5485539896862164,-0.19266572946049892,0.2927271766294362,-0.056109745824936226,0.2890540271102698,-0.07745179313316061
38.980000000000004,-0.5429549756692666,-0.19424298641749338,0.2730636382739695,-0.07913931558733768,0.2669343186446102,-0.07152483511297526
39.0,-0.537777802599282,-0.19594506318664187,0.2526977618138343,-0.06124907910199314,0.24529879543776142,-0.06572761414187532
39.02,-0.5329836946590585,-0.19733534074943074,0.23292507101135687,-0.06593850590630683,0.22423269461147818,-0.060082969437800116
39.04,-0.5286088755224099,-0.19882750112171688,0.21182249946312431,-0.054994109162459864,0.2038176070396451,-0.0546127632095168
39.06,-0.524597811774972,-0.1998042569397,0.19342486021276162,-0.036386134511997376,0.18413089394855203,-0.0493377243351352
39.08,-0.5209150596120647,-0.20087436001367145,0.1778419709112798,-0.04723087366550202,0.16524510351728786,-0.04427729204065454
39.1,-0.5175738349329726,-0.20171765897019756,0.15827890598638947,-0.028906377205684803,0.14722738747801886,-0.03944945957847913
39.12,-0.5146114876285088,-0.20263402944522627,0.14104696213516393,-0.04898927452152432,0.13013891771638117,-0.03487061790596465
39.14,-0.5119748031273071,-0.20352982695287805,0.12688494753128682,-0.024024765772955974,0.11403430287176332,-0.030555399363935025
39.160000000000004,-0.5095664618757346,-0.20413748322825148,0.1168387210133652,-0.03526719983147546,0.09896100493768525,-0.0265165213552251
39.18,-0.5074053898197702,-0.20488207112607323,0.10174311802982815,-0.021408741754602344,0.08495875586211704,-0.022764630023207166
39.2,-0.5055908819879991,-0.20530281759519062,0.08337379297333081,-0.024421305711286215,0.07205897414779473,-0.01930814393031674
39.22,-0.5040744764588079,-0.2061114359707367,0.07128216323535119,-0.039823882465785436,0.06028418145259912,-0.016153097736595193
39.24,-0.5027836437675993,-0.20667881591107104,0.05935562417258056,-0.014601555036444362,0.04964741918984901,-0.013302985878209462
39.26,-0.5017001972820838,-0.20719209729382967,0.051329342637248435,-0.0374024259699964,0.04015166512867017,-0.010758606245992038
39.28,-0.5007838539567753,-0.20792205295651386,0.043384490448138864,-0.021988689180173455,0.031789249994304075,-0.008517903863964846
39.300000000000004,-0.5000395124408205,-0.2082245002395109,0.033588098197036384,-0.01684350396277219,0.02454127406846567,-0.006575814567876227
39.32,-0.4994390435107557,-0.20880959798011664,0.027816492424402994,-0.030013823449433458,0.018377023789669298,-0.004924108683729417
39.34,-0.49897025736230144,-0.20916821039044317,0.021305504352600018,-0.007756254102854915,0.013253388353560335,-0.003551234706312538
39.36,-0.498544287398399,-0.20950484881663262,0.022307244929505705,-0.028813405645332687,0.009114276313259893,-0.002442162977732098
39.38,-0.4981946371266841,-0.21007556581884101,0.014600633968689655,-0.017136853487011033,0.005890032179692287,-0.0015782293659418734
39.4,-0.497953313492778,-0.21017553536773986,0.01208136250297204,-0.0021312126328488063,0.0034968530219297413,-0.0009369789432764049
39.42,-0.4977320134876315,-0.21041227444675037,0.008378122151333243,-0.013878468924491402,0.0018362050675226262,-0.0004920096649806227
39.44,-0.49763662193031827,-0.21048902202903153,0.002866041869848544,0.0031612208573327306,0.0007942403028345278,-0.000212816047740762
39.46,-0.4975773436089379,-0.21062497570665217,0.0030717041382561164,-0.02063126806194748,0.00024121307338073977,-6.463284821619834e-5
39.480000000000004,-0.4975706999030287,-0.21100674727791305,-0.00011511510904835263,-0.009486278560577658,3.0896684160579586e-5,-8.278741569626758e-6
39.5,-0.49753028869369975,-0.211107050967252,0.004329965260918282,-0.011011011050735924,9.27713419004286e-80,-1.0120510025501302e-79
39.52,-0.4974518938406638,-0.2116036089486488,0.004528541439642235,-0.028603269396540787,9.27713419004286e-80,-1.0120510025501302e-79
39.54,-0.49739367618519337,-0.2119039773796715,0.00232368427729846,-0.0023878703460942655,9.27713419004286e-80,-1.0120510025501302e-79
39.56,-0.4973752104338791,-0.21210372130746039,0.00040323104810870944,-0.023160893487030033,9.27713419004286e-80,-1.0120510025501302e-79
39.58,-0.49740151197368976,-0.21251776279516835,-0.0008476846889539175,-0.010220407076581325,9.27713419004286e-80,-1.0120510025501302e-79
39.6,-0.49740112618217813,-0.21263544950430419,0.0013255936926479255,-0.011323119307842203,9.27713419004286e-80,-1.0120510025501302e-79
39.62,-0.4973825024063211,-0.21309753340453177,0.001916625175291542,-0.024352482474335232,9.27713419004286e-80,-1.0120510025501302e-79
39.64,-0.49736311445353937,-0.21336987133387025,0.0013961140869860947,-0.009899999885157997,9.27713419004286e-80,-1.0120510025501302e-79
39.660000000000004,-0.4973501137254001,-0.21374415635121427,0.0007553397678727779,-0.020590758812167754,9.27713419004286e-80,-1.0120510025501302e-79
39.68,-0.4973453655046362,-0.21393370752545604,0.0012390856413734392,-0.002060980490252961,9.27713419004286e-80,-1.0120510025501302e-79
39.7,-0.4973282737551553,-0.2142021259246366,0.0009593827960061006,-0.028453107845552827,9.27713419004286e-80,-1.0120510025501302e-79
39.72,-0.4973409130534519,-0.21471355988573357,0.0004418215425746349,-0.014233608049913736,9.27713419004286e-80,-1.0120510025501302e-79
39.74,-0.49731988301090535,-0.21493255399739078,0.002224332437027682,-0.018243130783452383,9.27713419004286e-80,-1.0120510025501302e-79
39.76,-0.4973027247546705,-0.2155073755321778,0.001195494608358102,-0.027786844064761236,9.27713419004286e-80,-1.0120510025501302e-79
39.78,-0.49729466549741336,-0.2158309154419476,0.0014665349794497889,-0.014136810794280709,9.27713419004286e-80,-1.0120510025501302e-79
39.800000000000004,-0.49727607706891597,-0.21632611321607123,0.0017598738340449782,-0.025898156753693998,9.27713419004286e-80,-1.0120510025501302e-79
39.82,-0.49726137052665115,-0.2166115699864876,0.0011572334941235092,-0.010399833586943335,9.27713419004286e-80,-1.0120510025501302e-79
39.84,-0.4972538589742468,-0.21699028909940107,0.0006046920802713221,-0.02012136393232841,9.27713419004286e-80,-1.0120510025501302e-79
39.86,-0.4972665204019008,-0.21717154184146692,-0.001361345698946854,-0.002947592903505687,9.27713419004286e-80,-1.0120510025501302e-79
39.88,-0.49730875751422754,-0.21746045557798474,-0.0006285781435725733,-0.026560215156693226,9.27713419004286e-80,-1.0120510025501302e-79
39.9,-0.49730917377116346,-0.21785781077589572,0.0018067029567174573,-0.007478642830929306,9.27713419004286e-80,-1.0120510025501302e-79
39.92,-0.497268322118993,-0.2180681829845563,0.0030652142110327535,-0.021272192189845884,9.27713419004286e-80,-1.0120510025501302e-79
39.94,-0.4972384358082141,-0.21844859999090882,0.0008403880711345632,-0.008674158131991672,9.27713419004286e-80,-1.0120510025501302e-79
39.96,-0.49725827753152263,-0.21857091893152042,-0.002140765750788662,-0.01405906984856875,9.27713419004286e-80,-1.0120510025501302e-79
39.980000000000004,-0.4973054614251075,-0.21905461782606592,-0.00011627141855567268,-0.023281259148990156,9.27713419004286e-80,-1.0120510025501302e-79
