t,Xo,Yo,psi,xo_ref,yo_ref,psi_ref
0.0,0.0,0.0,5.759586531581287,0.0,0.0,5.759586531581287
0.02,4.1929260107287656e-8,-8.635124068810171e-8,5.759586980080577,1.539996543906153e-8,-8.891174832740672e-9,5.7595864698370205
0.04,7.199832164547083e-9,-4.137900957507184e-7,5.759588405981647,2.4343672397041657e-7,-1.4054841656708604e-7,5.759585555551442
0.06,-7.246697048475107e-8,7.861892824466887e-8,5.759587845353346,1.2174995859541996e-6,-7.029276757612342e-7,5.7595816501597294
0.08,5.386093306354794e-7,-2.8607744878284943e-7,5.759586197899583,3.801124501087266e-6,-2.1946188740676214e-6,5.759571291373586
0.1,6.418726756719951e-7,-8.557078049626386e-7,5.759587087120775,9.166641779342618e-6,-5.292587701679286e-6,5.7595497786698395
0.12,-5.892124620699472e-8,-3.5329969392022175e-7,5.75958841896157,1.877423070091538e-5,-1.0840249317902369e-5,5.75951125697933
0.14,3.114460743315015e-7,-2.0604794783298463e-7,5.759585510832617,3.435135526131879e-5,-1.983591854283941e-5,5.7594487985761935
0.16,1.0436868700607442e-5,-5.209198208583026e-6,5.759554915428184,5.7872551959858086e-5,-3.342168687518118e-5,5.759354483167868
0.18,2.2448011993419115e-5,-6.0231188919878285e-6,5.759532424999191,9.153953872077406e-5,-5.287277975082434e-5,5.759219476186584
0.2,3.419132457440104e-5,-2.283944349784304e-6,5.759512845878434,0.00013776161354307995,-7.958744818436308e-5,5.759034105283918
0.22,8.158595215438217e-5,-2.7642590390224716e-5,5.759435978301625,0.00019913631213147977,-0.00011507744759250646,5.758787935031193
0.24,0.00013809506698687853,-3.842277092001104e-5,5.75935231279172,0.0002784302954015335,-0.00016095915344704442,5.758469839830485
0.26,0.00017252905682693412,-0.00011519588059265096,5.759264758470447,0.00037856044020947354,-0.000218945358712115,5.7580680750436635
0.28,0.00035570998551262545,-2.3317497407001662e-5,5.759121957562783,0.0005025751097926925,-0.000290837792003516,5.757570346350505
0.3,0.0004368679089124508,-0.00010338849469403802,5.758904134458091,0.0006536355840697117,-0.00037852038831050173,5.756963877351581
0.32,0.0006046223638709379,-8.412521646998653e-5,5.7586023321978175,0.0008349976340190056,-0.00048395333613690116,5.756235475437378
0.34,0.0008473414242944926,4.755854421370645e-5,5.758206449628434,0.0010499932287133878,-0.0006091679162519463,5.755371595951987
0.36,0.00099462244716817,-1.755941119011162e-5,5.75780377857404,0.0013020123681248645,-0.0007562621380767686,5.754358404687813
0.38,0.001316023292056616,0.00010486002445928191,5.757228207271916,0.0015944850394443543,-0.000927397170235066,5.753181838756767
0.4,0.0014648345525301,-0.00011279572072124953,5.756643486566499,0.0019308632992936778,-0.001124794552136521,5.751827665893578
0.42,0.0017097233498520566,-0.00023314801993695592,5.756009175631484,0.0023146034887785373,-0.0013507341637796167,5.750281542257618
0.44,0.0021670127025921067,-0.0002545864735637244,5.754931931328784,0.002749148592778242,-0.0016075529214007631,5.748529068811081
0.46,0.0026020963005059824,-0.0004907876935026818,5.753712764995621,0.0032379107591450876,-0.0018976441572822707,5.74655584636295
0.48,0.0032016703954449704,-0.00056763671692818,5.752249755078497,0.0037842539975516684,-0.002223457633086589,5.74434752937974
0.5,0.0036196634309756124,-0.0010196425540398757,5.750586773749732,0.004391477081552464,-0.002587500127609839,5.741889878675015
0.52,0.004157435530096986,-0.0013668202670699704,5.748790909427812,0.005062796680994994,-0.0029923365319443414,5.73916881309984
0.54,0.004751318789093748,-0.0017504968251836751,5.746504813371309,0.005801330755213162,-0.0034405913777952215,5.736170460364962
0.56,0.005247678343850215,-0.0024025898502395985,5.74405295742321,0.006610082240453692,-0.003934950718190197,5.732881207132318
0.58,0.006037959165971444,-0.002750966752458665,5.741351732330102,0.007491923067727776,-0.004478164274119826,5.729287748517774
0.6,0.006770999006091866,-0.003356740236974567,5.738308003346574,0.00844957854974579,-0.005073047755810507,5.725377137148275
0.62,0.00765864638534303,-0.00386363649527734,5.735129768373267,0.009485612177789175,-0.005722485263417351,5.721136831914321
0.64,0.008570903455078126,-0.004540311496918993,5.731594324557342,0.010602410871312935,-0.006429431668965936,5.71655474655225
0.66,0.009627787184920711,-0.005196328735151709,5.727955409232934,0.011802170724760218,-0.0071969148794104746,5.711619298179744
0.68,0.010894702842980561,-0.005658272848358757,5.724054026726307,0.013086883297519515,-0.008028037879735444,5.706319455891642
0.7000000000000001,0.012064210319170996,-0.00647866735940484,5.719864385901533,0.014458322494173056,-0.00892598045512553,5.700644789501342
0.72,0.013462947937863595,-0.007053714669635703,5.715267447160993,0.01591803208317892,-0.009894000492377326,5.694585518484984
0.74,0.014859351728674967,-0.007856940284302082,5.710464693152686,0.017467313902901592,-0.0109354347629292,5.688132561151477
0.76,0.01632611241961829,-0.00880906031113442,5.70524037014964,0.019107216804461338,-0.012053699093134307,5.681277584020561
0.78,0.01800387354004537,-0.009652200993053257,5.699692782475017,0.020838526381200116,-0.013252287831696795,5.674013051343811
0.8,0.01963942125930346,-0.010802944283120758,5.693777065907024,0.02266175553466353,-0.01453477252949827,5.666332274649813
0.8200000000000001,0.021588521532780396,-0.011735163102423321,5.68746099016182,0.024577135926854708,-0.015904799753349456,5.658229462134976
0.84,0.02351543206125482,-0.012964252019723127,5.680916531566433,0.026584610368111144,-0.017366087962476896,5.64969976765639
0.86,0.025552374385739682,-0.014133923041904684,5.674016546123895,0.02868382618927676,-0.01892242338474582,5.640739339013426
0.88,0.02758530927886862,-0.01555308921388233,5.666734171451521,0.03087412964584909,-0.020577654838704468,5.631345365131911
0.9,0.029711593056561673,-0.017094756510167772,5.658877615022022,0.03315456140046471,-0.022335687457435277,5.621516121689976
0.92,0.03204574053149897,-0.018526879513141203,5.650597707388907,0.03552385312839843,-0.024200475280875374,5.611251014650107
0.9400000000000001,0.03431286386146647,-0.02030279292873123,5.641910020075998,0.0379804252886689,-0.026176012694643515,5.600550621089744
0.96,0.03691172760623788,-0.021866341904955733,5.632735278154874,0.04052238610083039,-0.028266324705412006,5.58941672665542
0.98,0.039474388434100956,-0.023704514247908547,5.623102415935007,0.04314753176454837,-0.030475456055410723,5.577852358905968
1.0,0.04217299099041695,-0.0256192125874751,5.612982564353347,0.04585334795557502,-0.03280745919165874,5.565861815761546
1.02,0.04489976881585024,-0.027697638888412975,5.602402334848522,0.04863701262773227,-0.03526638111887968,5.553450688240607
1.04,0.047494182258502445,-0.030082232553906213,5.591584126256619,0.05149540014593746,-0.03785624917868609,5.540625876649455
1.06,0.05030162713437732,-0.03244666664649035,5.580281344991049,0.05442508677015864,-0.04058105581138291,5.527395599391857
1.08,0.05300502386658806,-0.035230030116979526,5.568546890408223,0.05742235750443654,-0.043444742370544506,5.51376939359217
1.1,0.056001221876267916,-0.03788165529824035,5.556487146883218,0.060483214318756,-0.04645118207422363,5.499758106776586
1.12,0.058942475926680574,-0.04077824308323926,5.544102304752117,0.06360338574458785,-0.04960416219013267,5.485373878935355
1.1400000000000001,0.062037773260443525,-0.043749040960091815,5.531220796984015,0.0667783378373582,-0.05290736556527174,5.470630114394632
1.16,0.0653081510868296,-0.04672832665157843,5.517879133615413,0.07000328649096199,-0.05636435162311011,5.455541443059714
1.18,0.06849770890672681,-0.050013294624668615,5.504150587385261,0.07327321108074772,-0.05997853696343488,5.44012367075037
1.2,0.07184090444190931,-0.05335609091494502,5.489987755375316,0.07658286940219859,-0.06375317571121676,5.424393718531024
1.22,0.07508819379904988,-0.05700954317622648,5.475466175079346,0.07992681386288927,-0.0676913397711674,5.408369551139434
1.24,0.0785500667379296,-0.06064512895000016,5.460551903182649,0.08329940887525658,-0.07179589915394208,5.392070094832343
1.26,0.08177591404028138,-0.06465112918135714,5.445400752820898,0.08669484938738029,-0.07606950254804096,5.37551514518868
1.28,0.08511799905184231,-0.06871025463603125,5.430014328547723,0.09010718047840816,-0.0805145583182643,5.358725265633174
1.3,0.08846651179481083,-0.07300592643824377,5.414270697228149,0.0935303179345817,-0.0851332161169494,5.341721677658046
1.32,0.09162313459435215,-0.07762353622065747,5.398213623740905,0.09695806971113723,-0.08992734929807004,5.324526143919611
1.34,0.09508527271432107,-0.08216898773043108,5.3819142945432805,0.10038415817479109,-0.09489853832651411,5.307160845562612
1.36,0.09834116943753285,-0.08703420053310088,5.365333375813315,0.10380224301118852,-0.10004805537538926,5.289648255270627
1.3800000000000001,0.10171595324618424,-0.09196050380564938,5.348639323311869,0.10720594467174968,-0.10537685030298916,5.272011007650025
1.4000000000000001,0.10506344327777255,-0.09707349569428876,5.33149479620002,0.11058886822489616,-0.11088553819803558,5.254271768622878
1.42,0.1081487581552757,-0.10251184378324917,5.314217670978308,0.11394462746784853,-0.11657438867698196,5.236453105528088
1.44,0.1115857431488131,-0.1079130090057943,5.296718735626044,0.11726686914715723,-0.12244331711051645,5.218577359608447
1.46,0.11485743373257573,-0.11358761431011975,5.278909047453698,0.12054929712902507,-0.1284918779479721,5.200666522495443
1.48,0.11823038479278096,-0.11941290400290093,5.261133561419146,0.12378569635438746,-0.13471926029818088,5.18274211819576
1.5,0.12142685262955423,-0.12545220466752222,5.243226854566236,0.1269699564087872,-0.14112428591348058,5.164825091938238
1.52,0.12455377745059235,-0.13175697678835088,5.225449417220903,0.13009609453338275,-0.1477054097101957,5.1469357070632045
1.54,0.1278134443602132,-0.13809018659549105,5.2077523007669075,0.13315827790106993,-0.15446072294408641,5.129093450934675
1.56,0.1308055560842246,-0.1447290065710174,5.189938193819106,0.136150844980734,-0.16138795914314769,5.111316950637494
1.58,0.13408235549104872,-0.1513447181193027,5.172102512504962,0.13906832581313813,-0.16848450288291197,5.093623898994088
1.6,0.1371066186497161,-0.15821075114912586,5.154287198775421,0.14190546102391788,-0.17574740147124623,5.076030991206913
1.62,0.14020100838223587,-0.16512681415176417,5.136544252156466,0.1446572194025966,-0.18317337959075525,5.05855387221025
1.6400000000000001,0.14302540092138216,-0.1722731999025005,5.118777064764718,0.1473188138814425,-0.1907588569275111,5.041207094605331
1.6600000000000001,0.14588220013703282,-0.17959425660259265,5.101108926495094,0.14988571575430742,-0.1984999687951813,5.024004086861266
1.68,0.14864747835602216,-0.18714737660104366,5.083429825565671,0.1523536669832501,-0.20639258974393115,5.006957131295278
1.7,0.15105977602322626,-0.19499474256892993,5.065812766614839,0.15471869044964703,-0.21443236012399403,4.990077351202295
1.72,0.1536664324038477,-0.2028290969447135,5.048398590549155,0.15697709801652027,-0.22261471555477721,4.973374706387876
1.74,0.15581304779593444,-0.21087410482268465,5.031237936729141,0.15912549627979194,-0.2309349192320138,4.956857996270109
1.76,0.1579966021555579,-0.21899214240955286,5.014280095768981,0.16116078989795996,-0.2393880969880292,4.940534869655398
1.78,0.16003456377456252,-0.22737695106667638,4.997427416488861,0.16308018240205346,-0.2479692750038648,4.924411840258078
1.8,0.16172943495035574,-0.23594899886676396,4.9807704401184045,0.16488117440047334,-0.25667342005698207,4.908494307023008
1.82,0.16362520763624883,-0.2445345556139412,4.964257854269722,0.16656155910619652,-0.2654954821747125,4.892786578320554
1.84,0.16504035924229352,-0.2532913847485381,4.947861664047758,0.16811941512658113,-0.2744304395516981,4.8772918991121
1.86,0.1665069558839426,-0.26210587430017773,4.931563644396151,0.16955309646837324,-0.2834733455793367,4.862012480228152
1.8800000000000001,0.16786856706404418,-0.27108370980504987,4.915419321288195,0.1708612197222104,-0.29261937782682784,4.846949528957045
1.9000000000000001,0.16885866786555306,-0.2802409428460436,4.899433344337499,0.17204264840165562,-0.30186388880680237,4.832103280207356
1.92,0.17019522537102041,-0.2893883417295284,4.883602121187947,0.17309647442127968,-0.3112024583537526,4.817473027578364
1.94,0.17119297099664715,-0.29863013539284955,4.867993658495544,0.17402199670625315,-0.3206309474404428,4.803057153747914
1.96,0.17225737321587478,-0.30789524164126997,4.852553650346358,0.1748186969320065,-0.33014555325613426,4.788853159663459
1.98,0.17301394972392978,-0.3172199749083372,4.837250378459476,0.1754862123964949,-0.33974286537063614,4.774857692098007
2.0,0.17385050021581894,-0.32657817534737316,4.822083161186206,0.17602430602916727,-0.34941992280966955,4.761066569206664
2.02,0.17440945782923256,-0.33607127948634624,4.807241834862986,0.176432832670004,-0.3591742470943281,4.747474837930744
2.04,0.1749581703094577,-0.34573510195861523,4.792652549759645,0.17671169893766545,-0.3690036203218331,4.734077168989122
2.06,0.17565765851438753,-0.3554845051177842,4.778179263382392,0.17686084210514783,-0.3789058315143772,4.720868244205323
2.08,0.17592094533341987,-0.3653118599346818,4.764130583755109,0.17688022862481542,-0.38887865331028704,4.70784279808342
2.1,0.17642814468079338,-0.37514953941623863,4.750371101750805,0.17676985413594606,-0.39891984246503853,4.69499562406761
2.12,0.17661231645487746,-0.385019844976035,4.736805584468495,0.1765297434657124,-0.409027140355841,4.68232157988431
2.14,0.17655437449692132,-0.3950652768217249,4.723519851965019,0.17615995062359727,-0.41919827348968364,4.669815592045069
2.16,0.17654948314720723,-0.40521270160833645,4.710340642016522,0.17566055878924455,-0.4294309540147251,4.657472659583991
2.18,0.17621150777663092,-0.41541137731478717,4.697381139086009,0.17503168029375002,-0.4397228802349127,4.645287857098963
2.2,0.17584868256520833,-0.42564390749974623,4.684477131698242,0.17427345659439328,-0.4500717371277171,4.633256337161408
2.22,0.17521066223200618,-0.4358834689957549,4.67172467951744,0.17338605824281922,-0.4604751968648628,4.621373332154864
2.24,0.17459838752960027,-0.446168568914206,4.659061801234896,0.17236968484667486,-0.470930919335941,4.609634155598389
2.2600000000000002,0.17365413006147007,-0.4565127447921898,4.646599548904812,0.17122456502471053,-0.48143655267478347,4.598034203006635
2.2800000000000002,0.17278684304036362,-0.46694513626699063,4.634278265351772,0.16995095635535531,-0.49198973378848143,4.586568952334368
2.3000000000000003,0.1713946684131957,-0.4774050201288741,4.622131006537779,0.16854914531877813,-0.5025880888889303,4.575233964049485
2.32,0.17011487511098217,-0.48792698014205116,4.610108885253968,0.16701944723244846,-0.5132292340267787,4.564024880874896
2.34,0.16853479251145256,-0.49848172606658686,4.598191830364888,0.16536220618021008,-0.5239107756276653,4.552937427236236
2.36,0.1670114320019925,-0.5090825370186821,4.586378406696107,0.16357779493488422,-0.5346303110306179,4.5419674084491675
2.38,0.16517571774561754,-0.5196747355456882,4.5745462127053615,0.16166661487441955,-0.5453854290284985,4.531110709677041
2.4,0.16340195993237358,-0.5303018082737422,4.562739621333649,0.15962909589160829,-0.5561737104103703,4.520363294686823
2.42,0.16136885377197507,-0.5409751699429661,4.551113544133653,0.15746569629738721,-0.5669927285056646,4.509721204428657
2.44,0.15933525059362025,-0.551769378661448,4.539865977244064,0.15517690271774784,-0.577840049730026,4.499180555461937
2.46,0.1573940439869486,-0.5625970187158622,4.528645588442288,0.15276322998427655,-0.5887132341327121,4.488737538248571
2.48,0.1551726326117265,-0.573407260926804,4.5175750973414255,0.15022522101835042,-0.5996098359454263,4.478388415332026
2.5,0.1529229636023343,-0.5842504716365177,4.5066346165365845,0.1475634467090151,-0.6105274041324584,4.468129519418849
2.52,0.1503647615856638,-0.5950779887451007,4.495911002923522,0.14477850578457102,-0.6214634829420105,4.457957251377575
2.54,0.14781709825980008,-0.6059311489892802,4.485166790982144,0.14187102467789814,-0.6324156124585829,4.447868078168384
2.56,0.1449705838991944,-0.616766620172463,4.474512834511786,0.13884165738554907,-0.6433813291562979,4.437858530715323
2.58,0.14215775412147338,-0.6276916103360896,4.463941453682988,0.13569108532064145,-0.654358166453034,4.427925201731622
2.6,0.1390129307105016,-0.6386280026810888,4.4536160640100535,0.13242001715958374,-0.6653436552652492,4.418064743507382
2.62,0.1360861094547452,-0.6496396188245225,4.4433203342927765,0.12902918868266894,-0.6763353245633663,4.40827386566777
2.64,0.13270811961166912,-0.6605599695065777,4.433095997962822,0.12551936260857072,-0.6873307019275955,4.398549332908889
2.66,0.12935320451688498,-0.67151830391952,4.422991842166665,0.12189132842278128,-0.69832731410407,4.388887962717504
2.68,0.1257079426349327,-0.6824552222545596,4.4129395904216775,0.11814590220002746,-0.7093226875611697,4.379286623080024
2.7,0.1221426506469208,-0.6934583327131099,4.402908887625206,0.11428392642070623,-0.720314349045907,4.369742230185309
2.72,0.11828891436083566,-0.704406561674957,4.392921403817538,0.11030626978138086,-0.7312998261402495,4.360251746125273
2.74,0.11449995340219628,-0.7154001133081008,4.38304388128235,0.10621382699938015,-0.7422766478172554,4.350812176596523
2.7600000000000002,0.11042854124419083,-0.7263016329661276,4.373169194316562,0.10200751861154422,-0.7532423449968962,4.341420568605809
2.7800000000000002,0.10638071155516209,-0.7372515684581396,4.363421461356079,0.09768829076716279,-0.7641944511014415,4.332074008181493
2.8000000000000003,0.1020837645687314,-0.7481810748460571,4.353763272391947,0.09325711501515266,-0.7751305026102788,4.322769618092814
2.82,0.09762508025951086,-0.7590658991485629,4.3442713468197605,0.0887149880855213,-0.7860480396140498,4.313504555578301
2.84,0.09324866838460569,-0.7700030302114005,4.334792763002904,0.08406293166516648,-0.7969446063679708,4.304276010084335
2.86,0.08863917315404503,-0.780871498115165,4.325448180352102,0.07930199216806294,-0.8078177518442177,4.29508120101454
2.88,0.0840931055565749,-0.7917836733536529,4.316130074045275,0.07443324049988592,-0.8186650302832493,4.285917375490344
2.9,0.07926418768324699,-0.8026063191840922,4.30685458113333,0.06945777181712603,-0.8294840017439482,4.276781806122843
2.92,0.07447038579831528,-0.8134650391033592,4.297602524943499,0.0643767052807499,-0.8402722326524478,4.2676717887958535
2.94,0.06943009543397725,-0.8242479591611119,4.2883991424807615,0.059191183804460146,-0.851027296349533,4.258584640459807
2.96,0.06440161020391945,-0.8350408827378198,4.279169837294321,0.053902373797614145,-0.861746773636481,4.249517696936002
2.98,0.05910309023416614,-0.845729660006335,4.27000556621473,0.04851146490285563,-0.8724282533192266,4.240468310730538
3.0,0.05387309382285198,-0.8564713995154061,4.260789923878381,0.04301966972852239,-0.8830693327507252,4.231433848857141
3.02,0.048373446050405694,-0.8670747309574498,4.251655621714804,0.03742822357588693,-0.8936676183713946,4.22241169066796
3.04,0.04292455161298835,-0.8777215595349898,4.2424736277900434,0.031738384161293154,-0.9042207262475124,4.213399225691323
3.06,0.03722579231757432,-0.8882471219686825,4.233380523868765,0.025951431333250674,-0.9147262826074474,4.2043938514753485
3.08,0.031657714694529764,-0.8988291936322537,4.2242468333344245,0.02006866678455116,-0.9251819243756065,4.195392971436249
3.1,0.025626637410931,-0.90917186252818,4.215097506906943,0.01409141375947126,-0.9355852997039744,4.186393992710115
3.12,0.019675052305485833,-0.9195516604279548,4.205986724847601,0.008021016756127541,-0.9459340685011287,4.177394324006925
3.14,0.01365081249939308,-0.9299350187222182,4.196803802892884,0.0018588412240505559,-0.9562259029586098,4.168391373465492
3.16,0.007311170213707501,-0.9401489267203477,4.187672144065244,-0.004393726742953519,-0.966458488074529,4.159382546508069
3.18,0.0011622946056085793,-0.9504266053091803,4.1784971824628245,-0.010735280718585039,-0.9766295221742948,4.150365243693332
3.2,-0.005426495839457003,-0.9604274878352703,4.1694158077376215,-0.01716439426040628,-0.9867367174283419,4.141336858566464
3.22,-0.011927488757455008,-0.9704559657813897,4.1604039711416885,-0.023679621230699277,-0.996777800366746,4.1322947755051125
3.24,-0.018411464618038356,-0.9805029555297106,4.151212539499441,-0.030279496121754956,-1.006750512390609,4.123236367560017
3.2600000000000002,-0.025135940513495526,-0.9904085683595595,4.142068308734399,-0.03696253438551683,-1.016652610280098,4.114158994289199
3.2800000000000002,-0.03179569423094562,-1.0003347842072583,4.132858007571009,-0.04372723276751017,-1.0264818666990256,4.105059999584622
3.3000000000000003,-0.038623733563411256,-1.0101070377833898,4.123669252535957,-0.050572069644976625,-1.0362360706958587,4.0959367094904
3.3200000000000003,-0.04536195637832802,-1.0199051800884802,4.114508417219414,-0.057495505369142996,-1.0459130282010394,4.086786430011661
3.34,-0.052332504916492696,-1.0295390713826498,4.105382862463926,-0.06449598261154194,-1.05551056252051,4.077606444913357
3.36,-0.05922245824894536,-1.039187662540636,4.096190228276956,-0.07157192671431223,-1.0650265148253308,4.068394013508438
3.38,-0.06628981911960012,-1.0486995949798728,4.087042602674843,-0.07872174604439447,-1.0744587446372755,4.059146368434969
3.4,-0.0733258354420903,-1.0582275177582374,4.077921683750091,-0.08594383235154673,-1.0838051303103033,4.04986071342198
3.42,-0.08057158196940188,-1.067574570626553,4.068849083597075,-0.09323656113009787,-1.0930635695077922,4.040534221044051
3.44,-0.08777094176801148,-1.0769560474062392,4.059728416793377,-0.10059829198435716,-1.1022319796754299,4.03116403046486
3.46,-0.09519485788094942,-1.086162904050759,4.050677009259499,-0.10802736899759707,-1.1113082985096554,4.021747245170252
3.48,-0.10250843090402727,-1.0953713828169487,4.041456739304689,-0.11552212110452914,-1.1202904844215433,4.012280930691622
3.5,-0.11008334438278271,-1.1043021290812414,4.032189036068765,-0.1230808624671858,-1.1291765169960322,4.002762112320846
3.52,-0.11736695656306466,-1.1134217364507115,4.022913605583598,-0.13070189285412565,-1.1379643974463862,3.99318777281828
3.54,-0.12483588218007145,-1.1223322862267227,4.0135446050503765,-0.13838349802287708,-1.1466521490637964,3.9835548501158864
3.56,-0.1322941919791315,-1.1311733258010932,4.004101943439182,-0.14612395010553203,-1.1552378176620104,3.9738602350179413
3.58,-0.13970624147829822,-1.1400607251217036,3.9945121945274344,-0.15392150799740517,-1.1637194720169006,3.9641007689023606
3.6,-0.14735608730325694,-1.1486930252907162,3.984916571723664,-0.1617744177486713,-1.172095204300865,3.95427324142627
3.62,-0.15491345881178845,-1.1573194059332224,3.975166319210506,-0.16968091295889132,-1.1803631305119662,3.9443743882400875
3.64,-0.16285778970777326,-1.165573063273051,3.965398322758744,-0.1776392151743384,-1.1885213908977108,3.9344008887151247
3.66,-0.17070123343401572,-1.1738870515628346,3.9556617709354436,-0.18564753428803632,-1.1965681503733743,3.9243493636905167
3.68,-0.17876249092422106,-1.1819622454601326,3.945858957434191,-0.19370406894241826,-1.204501598934776,3.914216373246178
3.7,-0.18674770072513588,-1.1900744582941742,3.9360422157874564,-0.2018070069345173,-1.2123199520654173,3.9039984145094375
3.72,-0.1949463614037725,-1.1979792658006245,3.926224162515902,-0.20995452562359457,-1.2200214511378786,3.893691919504112
3.74,-0.2030691571274942,-1.2058749981760832,3.916305799250023,-0.21814479234111728,-1.2276043638094007,3.8832932530519204
3.7600000000000002,-0.21128386372434663,-1.213491671743705,3.906184997192428,-0.2263759648029917,-1.235066984411551,3.8727987107374573
3.7800000000000002,-0.2195073819394567,-1.2209723892343518,3.896030717896467,-0.23464619152395733,-1.2424076343338863,3.8622045169493413
3.8000000000000003,-0.22757577304434518,-1.2285387005181148,3.885812421832704,-0.24295361223405365,-1.2496246624015357,3.851506823011702
3.8200000000000003,-0.2358420095663786,-1.235771714592526,3.8754304709581895,-0.2512963582970615,-1.2567164452466075,3.840701705421861
3.84,-0.24390381628011487,-1.2431566812568755,3.8648520285742727,-0.2596725531308238,-1.263681387673342,3.829785164211887
3.86,-0.2521966387098802,-1.2502720632455382,3.85417553948431,-0.26808031262936044,-1.2705179230169295,3.8187531214536916
3.88,-0.26045022996454176,-1.2574323646559589,3.843461898133379,-0.2765177455866664,-1.2772245134959088,3.8076014199295236
3.9,-0.26888365002101966,-1.2643149246380274,3.8326271125002,-0.2849829541221153,-1.2837996505580687,3.7963258219920126
3.92,-0.2772141846324018,-1.2711201268316057,3.8217018597068,-0.2934740341073579,-1.2902418552197754,3.784922008640476
3.94,-0.28552599542821855,-1.2778095267549783,3.81055664536782,-0.301989075594631,-1.2965496783986505,3.773385578842893
3.96,-0.2940192523765209,-1.2841757367492277,3.799378692808538,-0.3105261632463723,-1.3027217012395198,3.7617120491358804
3.98,-0.3024396687298436,-1.2905133072716208,3.787962208388946,-0.3190833767660469,-1.3087565354335646,3.7498968535381056
4.0,-0.3109597531516587,-1.2966082382402386,3.776439827887322,-0.32765879133009296,-1.3146528235306025,3.7379353438159018
4.0200000000000005,-0.3194335386202218,-1.3026814468920904,3.7648204848416693,-0.33625047802088276,-1.320409239244428,3.72582279014338
4.04,-0.3280586296703475,-1.3085110618289224,3.75327129447284,-0.34485650426060266,-1.3260244877511376,3.713554382203053
4.0600000000000005,-0.336621869531119,-1.3143430757079673,3.7416042050913796,-0.3534749342459646,-1.3314973059803874,3.7011252307768854
4.08,-0.34530289916285145,-1.3198803876997456,3.729797421787883,-0.3621038293836316,-1.336826462899499,3.6885303698818257
4.1,-0.3538508124361647,-1.3254089338294117,3.7177487733032986,-0.3707412487262806,-1.342010759790363,3.67576475950806
4.12,-0.3625577146031747,-1.3305525427589588,3.70548775668299,-0.37938524940918994,-1.3470490305190768,3.6628232890226733
4.14,-0.3710538137788382,-1.3359207703741236,3.693119022079813,-0.38803388708725745,-1.3519401417982448,3.649700781305833
4.16,-0.37965704867782585,-1.3410022895318103,3.680516567730063,-0.3966852163723575,-1.3566829934419005,3.636391997691143
4.18,-0.38827008606271757,-1.3458207842326646,3.6677620354469407,-0.4053372912709226,-1.3612765186129738,3.6228916437863465
4.2,-0.3967804419385755,-1.3506474659707992,3.654850122245924,-0.4139881656216729,-1.3657196840632635,3.609194376254923
4.22,-0.4053992601200734,-1.3551856552626194,3.6417854909992307,-0.4226358935333727,-1.3700114903658491,3.595294810643451
4.24,-0.41396580695853635,-1.35972164705739,3.628537350463172,-0.4312785298225344,-1.3741509721399006,3.5811875303435046
4.26,-0.422618838814888,-1.3639392395957393,3.6149999172849396,-0.4399141304509573,-1.3781371982678245,3.566867096780471
4.28,-0.43112230389675615,-1.3682139772405861,3.6011961117105376,-0.4485407529630139,-1.3819692721047079,3.5523280609246624
4.3,-0.4398231310659182,-1.3719633321166158,3.5872235291872454,-0.45715645692257495,-1.3856463316800045,3.5375649762224164
4.32,-0.4484502951859538,-1.3757053521176024,3.5730860000112887,-0.4657593043494863,-1.3891675498914227,3.5225724130462277
4.34,-0.4570576832423139,-1.379369431101736,3.5585766004797597,-0.4743473601554856,-1.3925321346909711,3.507344974763244
4.36,-0.4657769402935999,-1.3826906513888273,3.5439026555321154,-0.48291869257947795,-1.3957393292631182,3.491877315520259
4.38,-0.4743133705184144,-1.3860840760653526,3.5290135005484786,-0.4914713736220536,-1.398788412195027,3.476164159840598
4.4,-0.48297066750502493,-1.388966535646788,3.5139702566386295,-0.5000034794791673,-1.4016786976388271,3.4602003241234827
4.42,-0.4915409107216682,-1.391867215717307,3.498691637545589,-0.5085130909748683,-1.4044095354658859,3.4439807401294376
4.44,-0.5001865689247642,-1.3944697301936229,3.4831783835194323,-0.5169982939929936,-1.4069803114130464,3.4275004805255964
4.46,-0.5087576946747756,-1.3971099697855445,3.4674740860513826,-0.5254571799077193,-1.4093904472207957,3.4107547865521206
4.48,-0.5173082314749377,-1.399478952875599,3.451459801376457,-0.5338878460128818,-1.4116394007633388,3.393739097854844
4.5,-0.525749824823407,-1.401766846299138,3.4352329650456723,-0.5422883959499597,-1.4137266661705388,3.3764490845095425
4.5200000000000005,-0.5340263778969097,-1.4041851063650943,3.41884725816556,-0.5506569401346387,-1.4156517739417076,3.3588806812392833
4.54,-0.5423642452922349,-1.406122871574173,3.4021479258859157,-0.5589915961818411,-1.4174142910512126,3.341030123798123
4.5600000000000005,-0.5506278421689796,-1.4082259597193412,3.385126076482048,-0.5672904893291458,-1.4190138210458805,3.322893987461375
4.58,-0.5589238842966773,-1.410016433338114,3.3678298541959335,-0.5755517528584866,-1.420450004134171,3.304469227524923
4.6000000000000005,-0.5671280060432411,-1.411680117980764,3.3502566900035187,-0.5837735285160458,-1.421722517267111,3.28575322167317
4.62,-0.5752096293174132,-1.4134872443911541,3.3324737404076794,-0.5919539669302407,-1.4228310742109564,3.2667438140275276
4.64,-0.5833745025991866,-1.414719876283415,3.314541546881823,-0.6000912280277141,-1.4237754256115782,3.2474393606347656
4.66,-0.5915153929923775,-1.4159754089613774,3.2962818925506534,-0.6081834814472336,-1.4245553590505502,3.2278387760976983
4.68,-0.599703525373801,-1.416878696876063,3.277830273980431,-0.6162289069514024,-1.4251706990929305,3.207941580989974
4.7,-0.6078272069788851,-1.417756559707636,3.2590644174217123,-0.6242256948360996,-1.4256213073267219,3.1877479496331387
4.72,-0.6158862279014946,-1.4183704078656492,3.2399839510926394,-0.6321720463375435,-1.4259070823940059,3.1672587577487854
4.74,-0.6238894226446691,-1.418591070826927,3.2205799478503128,-0.6400661740369022,-1.4260279600137433,3.1464756294328295
4.76,-0.6317955808990997,-1.418894784102432,3.200828861609022,-0.6479063022623439,-1.4259839129962315,3.1254009828346647
4.78,-0.6396540508830597,-1.4187253377489735,3.180771334285415,-0.6556906674884528,-1.4257749512492208,3.104038073863001
4.8,-0.6474226133439451,-1.4186507618940194,3.1603699600247777,-0.6634175187329052,-1.4254011217756863,3.0823910371851375
4.82,-0.6551197804433576,-1.4182609414800789,3.1397485444145157,-0.6710851179503324,-1.4248625086632554,3.060464923739533
4.84,-0.6628042134113842,-1.4178498208402548,3.1188604337452928,-0.6786917404232653,-1.4241592330652926,3.0382657339459307
4.86,-0.6704314807379541,-1.4175450716796991,3.097559046247738,-0.6862356751500878,-1.423291453173648,3.0158004457753744
4.88,-0.6779573134237451,-1.4168593554333675,3.0759805841492933,-0.6937152252299007,-1.4222593641830754,2.993077036837399
4.9,-0.6854403047407331,-1.4161891610334332,3.053974238154391,-0.7011287082442168,-1.4210631982473243,2.9701044996558403
4.92,-0.6928204011438016,-1.4149799841335688,3.0317514945875716,-0.7084744566353953,-1.419703224426922,2.9468928493405886
4.94,-0.7001313250206587,-1.4137801901729643,3.0092445363238567,-0.715750818081738,-1.4181797486286503,2.923453122921895
4.96,-0.7073915133499737,-1.4124397609517545,2.9863563877397157,-0.7229561558691511,-1.4164931135367378,2.899797369697875
4.98,-0.7145470574886476,-1.4106999438952394,2.9632917861276167,-0.7300888492593063,-1.4146436985357773,2.875938632054751
5.0,-0.7216585036488222,-1.4090329800462082,2.939949555788391,-0.7371472938541979,-1.4126319196253885,2.8518909163529043
5.0200000000000005,-0.728631164345576,-1.40688756351181,2.916427976024954,-0.7441299019570324,-1.4104582293266448,2.8276691536278364
5.04,-0.735586504499078,-1.4048507233672185,2.892749870227134,-0.7510351029293572,-1.4081231165802857,2.8032891500313735
5.0600000000000005,-0.7424591456246419,-1.4025232027592376,2.8689483537966898,-0.7578613435443535,-1.4056271066367352,2.7787675271305368
5.08,-0.7492930271661957,-1.400204593347888,2.844973621410156,-0.7646070883362127,-1.4029707609379563,2.754121652384807
5.1000000000000005,-0.7560078010451279,-1.397620346896705,2.820834486328318,-0.7712708199455177,-1.4001546769911604,2.7293695603308668
5.12,-0.7626125701183715,-1.3949664080475461,2.796379358961911,-0.7778510394605505,-1.397179488234408,2.7045298652109593
5.14,-0.7691910011935683,-1.3924347200252654,2.77179955498521,-0.784346266754453,-1.3940458638941247,2.6796216659794543
5.16,-0.7756095191659361,-1.3894149893337877,2.7472541866515696,-0.7907550408181585,-1.3907545088345696,2.654664444805223
5.18,-0.7821525928504426,-1.3865121463430286,2.7226456834273396,-0.7970759200890256,-1.3873061633992854,2.6296779603478035
5.2,-0.7885376388092504,-1.3832955787003478,2.697991286183158,-0.803307482775098,-1.3837016032445675,2.6046821372171256
5.22,-0.7947160486600565,-1.379843804753897,2.673255434058974,-0.809448327174915,-1.379941639164994,2.5796969531242855
5.24,-0.8008574789797707,-1.376415075018726,2.6483633491240037,-0.815497071992806,-1.3760271169110452,2.554742325290589
5.26,-0.8068236684645317,-1.3726740135861084,2.623463396778957,-0.8214523566495908,-1.3719589169988677,2.529837997701429
5.28,-0.8128823863786195,-1.3690169858514807,2.5984533797160383,-0.8273128415886262,-1.3677379545122126,2.5050034307695035
5.3,-0.8186486915053846,-1.3648957927858723,2.573504968501158,-0.8330772085771164,-1.3633651788966006,2.4802576949096795
5.32,-0.8243370439888476,-1.3607653056373588,2.548603624400431,-0.8387441610026338,-1.3588415737457589,2.4556193694276094
5.34,-0.8299317624477908,-1.3563752293393907,2.523650235211678,-0.8443124241647713,-1.3541681565803743,2.4311064479905067
5.36,-0.8354376451635618,-1.351850482827499,2.4987610720058804,-0.8497807455618693,-1.3493459786192175,2.406736251786328
5.38,-0.8410114182705912,-1.3474218249371488,2.473877411441495,-0.8551478951727479,-1.344376124542686,2.3825253512934705
5.4,-0.8462874347057493,-1.3425390685273053,2.4492486539980427,-0.860412665733383,-1.3392597122488195,2.3584894973837742
5.42,-0.8516821335641744,-1.3377084122594722,2.424776761661984,-0.8655738730084617,-1.333997892601848,2.3346435622743704
5.44,-0.8568783175494946,-1.3326278559993767,2.4004086942349696,-0.8706303560577615,-1.3285918491733166,2.3110014906355665
5.46,-0.8619394580959223,-1.327416517419733,2.3761672227301007,-0.8755809774972853,-1.323042797975862,2.28757626095937
5.48,-0.8670242013447328,-1.3222840815646955,2.351869474433706,-0.880424623755101,-1.3173519871896848,2.264379857101882
5.5,-0.8718610169718441,-1.3168741594147808,2.3277685146685436,-0.8851602053218229,-1.3115206968817916,2.2414232497379465
5.5200000000000005,-0.8767084931259892,-1.3113993146016376,2.303827442225694,-0.889786656995682,-1.3055502387180593,2.2187163873116282
5.54,-0.8812619239217537,-1.3055821070050202,2.2801045316677304,-0.8943029381221275,-1.2994419556681973,2.196268195934286
5.5600000000000005,-0.8859901279379186,-1.2998661444021495,2.2565438136089084,-0.8987080328279076,-1.2931972217036638,2.174086587574595
5.58,-0.8904875174166751,-1.2939015096962014,2.2331187062308873,-0.9030009502495752,-1.2868174414886115,2.1521784758025735
5.6000000000000005,-0.8948612791715281,-1.2878200230448063,2.2101142217622924,-0.9071807247563697,-1.2803040500639264,2.130549798291851
5.62,-0.8992941320518921,-1.2817903034400975,2.1873737162502125,-0.9112464161674204,-1.2736585125244388,2.1092055452501293
5.64,-0.9033319332040394,-1.2753702580517023,2.164916606002616,-0.9151971099632279,-1.2668823236893687,2.088149792934813
5.66,-0.9075270068913747,-1.2689375194875572,2.1426523408319063,-0.9190319174913723,-1.259977007766088,2.0673857414171684
5.68,-0.9114765069241946,-1.2622600750277675,2.1205548056347614,-0.9227499761664018,-1.2529441180072722,2.046915755781135
5.7,-0.9153720909723274,-1.2555292699819987,2.0988305833104044,-0.9263504496638605,-1.2457852363615167,2.026741409979434
5.72,-0.9191258548530165,-1.2487162577509112,2.0773791788559635,-0.9298325281084066,-1.2385019731175047,2.00686353261708
5.74,-0.9225221802081407,-1.241679772109975,2.056130808664119,-0.933195428255983,-1.2310959665417873,1.9872822539879014
5.76,-0.9260498990395926,-1.234609693185387,2.0350668203435225,-0.9364383936699966,-1.2235688825102877,1.9679970537509541
5.78,-0.92912941057381,-1.2272196417604415,2.014243016788489,-0.9395606948914682,-1.2159224141335796,1.9490068086981094
5.8,-0.9322498845387487,-1.219773188499625,1.993696076944086,-0.9425616296031134,-1.2081582813760496,1.9303098401299248
5.82,-0.9353291713587883,-1.2122684263801746,1.9736336555960048,-0.9454405227873199,-1.2002782306690136,1.9119039604221653
5.84,-0.9380773385845828,-1.204608550603538,1.9538784010408552,-0.9481967268779814,-1.1922840345178838,1.8937865184288183
5.86,-0.9408995864582975,-1.1968753337585045,1.9343400111747333,-0.9508296219061609,-1.184177491103466,1.8759544434278637
5.88,-0.9433496147829536,-1.1889026798679574,1.9152591774522463,-0.9533386156395413,-1.1759604238774886,1.858404287372736
5.9,-0.946001685910418,-1.180985154710694,1.8964197996789558,-0.9557231437156415,-1.167634681152438,1.841132265264573
5.92,-0.9483737153476572,-1.17291958582406,1.8778481080185347,-0.9579826697687607,-1.159202135685812,1.8241342935078517
5.94,-0.95075893320356,-1.1647235954204702,1.8596428105437774,-0.9601166855506267,-1.150664684258865,1.8074060261544307
5.96,-0.9531866540296815,-1.1564636935067543,1.8416027125120553,-0.962124711044719,-1.1420242472499582,1.7909428889785848
5.98,-0.9553185401956169,-1.1480859217950445,1.8238597734344466,-0.9640062945742419,-1.1332827682025943,1.7747401113582122
6.0,-0.9574494828231994,-1.1396679011429667,1.80627338628073,-0.9657610129037221,-1.1244422133882468,1.758792755965417
6.0200000000000005,-0.9592098071994413,-1.1310748292016852,1.789032562878281,-0.9673884713342104,-1.1155045713640754,1.7430957462932208
6.04,-0.9612093253421283,-1.1224308333415696,1.7721178254742311,-0.9688883037920629,-1.1064718525256276,1.7276438920647177
6.0600000000000005,-0.9627771705923576,-1.1136216515261124,1.7554809293137652,-0.9702601729112847,-1.0973460886546285,1.7124319125867706
6.08,-0.9643617877713692,-1.1047690684821214,1.7390754467895178,-0.9715037701094151,-1.0881293324619616,1.697454458122859
6.1000000000000005,-0.9656310128607484,-1.095804505517384,1.7227892490943342,-0.972618815656939,-1.078823657125939,1.6827061293691405
6.12,-0.9669194948127835,-1.086778093062207,1.706771069543168,-0.9736050587402079,-1.0694311558259717,1.6681814951247331
6.140000000000001,-0.9679261336392302,-1.0776035756780453,1.6910233972552589,-0.9744622775178571,-1.0599539412717358,1.653875108251799
6.16,-0.9689371125339923,-1.0683294493687108,1.6756376524445324,-0.9751902791707059,-1.0503941452279513,1.6397815200237384
6.18,-0.969673993335611,-1.0589426536080682,1.6605193278901291,-0.9757888999451292,-1.04075391803487,1.6258952929608044
6.2,-0.9703087769381306,-1.0494569486140115,1.6457458736523893,-0.9762580051898916,-1.0310354281245864,1.6122110122521547
6.22,-0.9710714723482975,-1.0399367207423942,1.6311808627767947,-0.9765974893864355,-1.021240861533283,1.5987232958618982
6.24,-0.9714874001405046,-1.0303299247444166,1.6168902604911433,-0.9768072761726159,-1.0113724214095097,1.5854268034143322
6.26,-0.9719465004509301,-1.0206391152666234,1.6027458935852816,-0.9768873183598766,-1.001432327518617,1.5723162439505365
6.28,-0.9719336838647382,-1.0108456174188816,1.5888788272802985,-0.9768375979438653,-0.9914228157434524,1.5593863826448653
6.3,-0.9720213969195943,-1.0009919306937298,1.5752926197529753,-0.9766581261084828,-0.9813461375814305,1.5466320465659096
6.32,-0.9717903668469735,-0.991093999712682,1.5618612832260856,-0.9763489432233681,-0.971204559638088,1.5340481295622124
6.34,-0.9716001202245947,-0.9811292149684947,1.5485902738857615,-0.9759101188348165,-0.9610003631172482,1.5216295963486233
6.36,-0.9711632863557584,-0.9711161477448884,1.5353936369193442,-0.9753417516501375,-0.9507358433078898,1.5093714858646219
6.38,-0.970390117264714,-0.9610250366609067,1.522485253438871,-0.9746439695154516,-0.9404133090678617,1.4972689139714748
6.4,-0.9696307818358928,-0.9508446081777803,1.509719258215847,-0.9738169293869328,-0.9300350823045298,1.4853170755505687
6.42,-0.9685851474133387,-0.9406162204919365,1.4971026058357293,-0.9728608172955037,-0.9196034974525074,1.4735112460609394
6.44,-0.9676293806451695,-0.9303328866791069,1.4845623522641993,-0.9717758483049903,-0.909120900948546,1.4618467826097188
6.46,-0.966389613599646,-0.9200279152507453,1.4722184022858689,-0.9705622664637472,-0.8985896507037474,1.4503191245852045
6.48,-0.9654310702099788,-0.9096444116665516,1.4600131017629818,-0.9692203447497615,-0.8880121155731773,1.4389237938982875
6.5,-0.9641220600423087,-0.8992232144865858,1.4479336472203992,-0.9677503850092508,-0.8773906748230316,1.4276563948743153
6.5200000000000005,-0.9628655591275471,-0.8887546749417817,1.435974499110115,-0.9661527178887668,-0.8667277175954499,1.4165126138339148
6.54,-0.9612798514849028,-0.8783043308908065,1.4240193427616403,-0.9644277027608219,-0.8560256423711141,1.4054882183980186
6.5600000000000005,-0.9597645022296739,-0.8678322959802826,1.4121020040983978,-0.9625757276430518,-0.8452868564297418,1.394579056549222
6.58,-0.9579453041396211,-0.8573619751699807,1.400274482534419,-0.9605972091109385,-0.8345137753086072,1.3837810554787038
6.6000000000000005,-0.9561600101008693,-0.8468111517647543,1.388614364383684,-0.9584925922041059,-0.8237088222591951,1.3730902202452309
6.62,-0.9540428821900403,-0.8362706461866298,1.3770314226235378,-0.9562623503262156,-0.8128744277021294,1.362502632270275
6.640000000000001,-0.9519812690071967,-0.8256712386376678,1.3655214419781898,-0.9539069851384807,-0.8020130286804827,1.3520144476909195
6.66,-0.949634007794843,-0.8150231889533951,1.3542104308747986,-0.951427026446825,-0.7911270683115978,1.3416218955901082
6.68,-0.9472813856604921,-0.8042377176655026,1.3432556074819961,-0.9488230320827094,-0.7802189952375427,1.3313212761217847
6.7,-0.9448850917404416,-0.7934330525078757,1.3323374280442046,-0.9460955877776566,-0.7692912630743237,1.3211089585466682
6.72,-0.9421734563508759,-0.7826837632320994,1.321534539875283,-0.9432453070315001,-0.7583463298599833,1.3109813791927214
6.74,-0.9394784874432652,-0.7718916474506929,1.3107918891692079,-0.9402728309743837,-0.7473866575016915,1.3009350393528236
6.76,-0.936506460491898,-0.7611111125659373,1.3002615977298886,-0.9371788282225506,-0.7364147112219829,1.2909665031307975
6.78,-0.9335630911855349,-0.7502949341254872,1.28974915981057,-0.9339639947279462,-0.7254329590042332,1.2810723952455945
6.8,-0.9303430882576185,-0.7395139814931144,1.279355169738108,-0.9306290536216741,-0.7144438710375265,1.271249398802335
6.82,-0.9271645362771471,-0.72864624671574,1.269082350785651,-0.927174755051339,-0.7034499191610191,1.2614942530377835
6.84,-0.9236550206575224,-0.7177941829772386,1.2590157890430391,-0.9236018760123097,-0.6924535763079348,1.251803751046904
6.86,-0.9203477620429604,-0.7068477450279488,1.2490202945561997,-0.9199112201729468,-0.6814573159493122,1.2421747374962433
6.88,-0.9165676270066595,-0.6960108162962294,1.2391228502314597,-0.9161036176938282,-0.6704636115376359,1.2326041063291013
6.9,-0.9127990346603778,-0.6851310494941196,1.2293524534699667,-0.9121799250410156,-0.6594749359504646,1.2230887984667131
6.92,-0.908787602572107,-0.6742949540256816,1.2195896114404903,-0.9081410247934065,-0.6484937609341963,1.2136257995090325
6.94,-0.9049086725149487,-0.6633959439987881,1.2098712045571138,-0.9039878254442082,-0.6375225565480805,1.2042121374380947
6.96,-0.9007693512198502,-0.6525613384927464,1.2002264224608585,-0.8997212611965881,-0.6265637906086174,1.1948448803264253
6.98,-0.8966565560522378,-0.6416768240587648,1.1906760872858686,-0.8953422917535343,-0.6156199281344525,1.1855211340524625
7.0,-0.8922677419739652,-0.630869564383612,1.1811487522216806,-0.8908519021019877,-0.6046934307919112,1.1762380400245536
7.0200000000000005,-0.8879187538563372,-0.6199997817992702,1.1717476877871693,-0.8862511022912801,-0.5937867563412762,1.166992772914671
7.04,-0.883297295249725,-0.6092019472847701,1.1624115874005723,-0.8815409272059411,-0.5829023580839572,1.1577825384026792
7.0600000000000005,-0.8787117816722678,-0.5983793333540328,1.1531474184899504,-0.8767224363329125,-0.5720426843106459,1.148604570931637
7.08,-0.8739284277528669,-0.5876016510442335,1.143871775937232,-0.8717967135232337,-0.5612101777506162,1.139456131474391
7.1000000000000005,-0.8687815968969115,-0.5769431240486089,1.1347377431062884,-0.8667648667482438,-0.5504072750222608,1.1303345053114184
7.12,-0.8638136671551055,-0.566213083499212,1.125509109170579,-0.86162802785036,-0.5396364060850132,1.1212369998197103
7.140000000000001,-0.8584059218933949,-0.5556881928501325,1.11631388231206,-0.8563873522884851,-0.5288999936927601,1.1121609422722525
7.16,-0.8530772747638194,-0.5451001530237178,1.1072121657180793,-0.8510440188781042,-0.5182004528488791,1.1031036776475287
7.18,-0.8476882668415735,-0.5345429270109283,1.0979954341399212,-0.8455992295261259,-0.5075401902630152,1.0940625664482935
7.2,-0.8420090733605716,-0.5241383370489603,1.0888180162939074,-0.8400542089605303,-0.49692160380972783,1.0850349825287668
7.22,-0.8364383985353896,-0.5136249029457134,1.0796778864445868,-0.834410204454886,-0.4863470819891243,1.0760183109292671
7.24,-0.8305651196283843,-0.5032898608989754,1.0705868660617106,-0.8286684855477908,-0.4758190033895977,1.0670099457172268
7.26,-0.8249792631787344,-0.4928282826636273,1.0615195012983225,-0.8228303437573097,-0.4653397361527999,1.0580072878334519
7.28,-0.8191656894372428,-0.4824688787753288,1.0525030739526577,-0.8168970922904631,-0.45491163744095797,1.049007742942434
7.3,-0.8132955803770489,-0.4720994817125229,1.0436033856654063,-0.810870065747843,-0.4445370529066699,1.0400087192854772
7.32,-0.8075715601862985,-0.4616163195874381,1.034642678734382,-0.8047506198234102,-0.43421831616527595,1.031007625535363
7.34,-0.8015020733102147,-0.4513469577503942,1.025780043820763,-0.7985401309995545,-0.4239577482699539,1.0220018686512837
7.36,-0.7956856186937292,-0.440964047739296,1.0169219650704893,-0.7922399962374691,-0.4137576571896219,1.012988851732735
7.38,-0.7896100441290709,-0.43076545148402584,1.0080016126249665,-0.7858516326629292,-0.4036203372898014,1.0039659718711171
7.4,-0.7833411480571383,-0.4206308311592699,0.9991876943187934,-0.7793764772475258,-0.39354806881652626,0.9949306179977666
7.42,-0.7771201494328107,-0.41042784560678747,0.9903399935599804,-0.772815986485442,-0.38354311738343816,0.9858801687272257
7.44,-0.7706934141792698,-0.4003838636721419,0.9814923298314839,-0.7661716360658337,-0.37360773346216725,0.9768119901945742
7.46,-0.7643069197980452,-0.3903535442337378,0.9725940677879296,-0.759444920540896,-0.36374415187612047,0.9677234338857379
7.48,-0.7576806804039001,-0.38051569585032236,0.9637102087254945,-0.7526373529896817,-0.35395459129778906,0.9586118344597591
7.5,-0.7511014330241649,-0.3706809024866706,0.9546857483404633,-0.7457504646777603,-0.344241253749692,0.9494745075621283
7.5200000000000005,-0.74427520631158,-0.3610166253832419,0.9456670973843008,-0.7387858047127769,-0.3346063241090593,0.9403087476283742
7.54,-0.7374765820401814,-0.35134338359517797,0.9365900644014126,-0.7317449396960061,-0.32505196961637806,0.9311118256772736
7.5600000000000005,-0.730466333049693,-0.34186178211197904,0.9274726516737584,-0.7246294533699651,-0.3155803393879002,0.9218809870931743
7.58,-0.7235206504182663,-0.332354205227078,0.9183058933436938,-0.7174409462621751,-0.30619356393223135,0.9126134493971287
7.6000000000000005,-0.7163128946055546,-0.32305568964940484,0.9091377623711245,-0.7101810353251425,-0.2968937546710997,0.9033064000067241
7.62,-0.7093448087024163,-0.31363346616024124,0.8998886602521232,-0.7028513535726519,-0.2876830034644257,0.8939569939847487
7.640000000000001,-0.7021046980606102,-0.3044510954743859,0.8905556558816418,-0.6954535497124406,-0.2785633821397859,0.8845623517770699
7.66,-0.6949277770327099,-0.2952357651775649,0.8812059931308056,-0.6879892877753462,-0.26953694202638556,0.8751195569404224
7.68,-0.6875107310098065,-0.2862384913754446,0.8717993079232798,-0.6804602467410055,-0.26060571349363953,0.8656256538611157
7.7,-0.6801587949634628,-0.27722357340466114,0.8624027853354398,-0.6728681201601925,-0.25177170549447103,0.8560776454660526
7.72,-0.6725822511699147,-0.268413665856075,0.8530199881597876,-0.665214615773879,-0.24303690511342663,0.8464724909278569
7.74,-0.6650665083077408,-0.25962400932974694,0.8435930395805696,-0.6575014551291019,-0.23440327711970937,0.8368071033663642
7.76,-0.657464564824388,-0.2509871165217009,0.8340185126631808,-0.6497303731917251,-0.22587276352523158,0.8270783475492482
7.78,-0.6495951784523295,-0.24263049388273827,0.8244564681848975,-0.6419031179561836,-0.21744728314778577,0.8172830375951152
7.8,-0.6418101154456942,-0.23424209773627416,0.8147461119762862,-0.6340214500522989,-0.2091287311794369,0.8074179346830317
7.82,-0.6338684659191542,-0.22607375414538958,0.8050509794125635,-0.626087142349247,-0.20091897876022197,0.7974797447731315
7.84,-0.6261061429041564,-0.21777677579078714,0.795258318792496,-0.6181019795567801,-0.19281987255726757,0.7874651163437386
7.86,-0.6180349219822258,-0.20977393722241144,0.7854050001916143,-0.6100677578237795,-0.18483323434940555,0.7773706381512602
7.88,-0.6100354935377607,-0.2017544143160973,0.7754840254385064,-0.6019862843342384,-0.17696086061739152,0.7671928370200601
7.9,-0.6020095803729316,-0.19392135327123483,0.7654387891097599,-0.5938593769007596,-0.1692045221398097,0.7569281756705335
7.92,-0.5937717369573796,-0.1864016342848739,0.755438277266367,-0.5856888635556677,-0.1615659635947647,0.7465730505947441
7.94,-0.5856203906962215,-0.1788278939911322,0.7452654580299501,-0.5774765821398153,-0.15404690316743722,0.7361237899902013
7.96,-0.5773101387179682,-0.17150733070718197,0.7350774748134354,-0.5692243798891918,-0.14664903216360772,0.7255766517637412
7.98,-0.5692638702507754,-0.1639862328140964,0.7248428534096967,-0.5609341130194081,-0.13937401462921517,0.7149278216189118
8.0,-0.5610430367122908,-0.15668878409845266,0.7145219390521037,-0.5526076463081722,-0.1322234869760589,0.7041734112419366
8.02,-0.5528191337790413,-0.1494894451004789,0.7041407706275106,-0.5442468526758302,-0.1251990576137069,0.6933094566030348
8.040000000000001,-0.5447426787887769,-0.14220676158429316,0.6936321326286056,-0.5358536127640825,-0.11830230658771015,0.6823319163918444
8.06,-0.5364086194396296,-0.13530667048264652,0.683104079235722,-0.5274298145129589,-0.11153478522419216,0.6712366706077377
8.08,-0.5282514867396264,-0.1282458485982906,0.6725242636828463,-0.5189773527361534,-0.10489801578090091,0.6600195193280964
8.1,-0.5199293953830133,-0.12146579563820953,0.6618478013639746,-0.5104981286948118,-0.09839349110479725,0.6486761816800374
8.120000000000001,-0.5116054846655853,-0.11483922042786526,0.6510091257071194,-0.5019940496698705,-0.09202267429626104,0.6372022950437111
8.14,-0.5034314769493677,-0.10812543496547869,0.6400192212190723,-0.49346702853304425,-0.08578699837998979,0.6255934145181162
8.16,-0.4949747694920143,-0.10186582654117059,0.6289168341663813,-0.48491898331654615,-0.07968786598265545,0.6138450126833715
8.18,-0.4866493497824557,-0.09552126602593752,0.617664342081575,-0.47635183678165993,-0.07372664901740783,0.6019524796966631
8.2,-0.4781799122982332,-0.08945295946108311,0.6062833563965676,-0.4677675159862378,-0.06790468837527922,0.5899111237624524
8.22,-0.46977373176390114,-0.08343494205882676,0.5947842847814631,-0.45916795185123727,-0.062223293623570985,0.5777161720212138
8.24,-0.46122661661875647,-0.07769854256733957,0.5831073819713022,-0.450555078726391,-0.056683742711286955,0.565362771904777
8.26,-0.4527557893108336,-0.07201156772220875,0.571248274241406,-0.44193083395509813,-0.05128728168167396,0.5528459930103472
8.28,-0.4443138758553752,-0.06638848914622585,0.5591969213742528,-0.4332971574386477,-0.04603512439194335,0.5401608295494955
8.3,-0.43573241748493274,-0.06107208735621372,0.5470229173524331,-0.4246559911998654,-0.04092845224023081,0.5273022034327021
8.32,-0.4271932753298988,-0.055749094470211064,0.5347786151089997,-0.41600927894628614,-0.03596841389985955,0.5142649680544908
8.34,-0.41852360404075417,-0.050730884342892406,0.5224681784661857,-0.4073589656329387,-0.031156125060958995,0.501043912848669
8.36,-0.4099425999501732,-0.04576404133897038,0.5099506016386945,-0.3987069970248619,-0.026492668179509432,0.48763376868776337
8.38,-0.40131535275883956,-0.04107672187381855,0.497273865854243,-0.3900553192594264,-0.021979092233856412,0.4740292142051465
8.4,-0.39277558998679807,-0.03639795889477491,0.48441546935792923,-0.3814058784085861,-0.017616412488760946,0.46022488312275833
8.42,-0.38416569931919287,-0.03202137075245373,0.4714618978760252,-0.3727606200411294,-0.013405610267026524,0.44621537267137373
8.44,-0.375607081176658,-0.027645652340081185,0.45820571523548886,-0.3641214887850551,-0.009347632728766903,0.43199525319421195
8.46,-0.36698665269897623,-0.023603386358343133,0.44471349426957024,-0.35549042789015645,-0.005443392658355778,0.41755907902792017
8.48,-0.35849038387004467,-0.019486379367044913,0.4308775570023561,-0.34686937879091295,-0.0016937682591079972,0.40290140075764236
8.5,-0.3498011906224134,-0.015906824380557176,0.4168556676015876,-0.33826028066979363,0.0019003970442590667,0.38801677894472386
8.52,-0.3411965651301246,-0.012309254690647234,0.40266179929595836,-0.3296650700210639,0.005338294795342591,0.3728997994263928
8.540000000000001,-0.3327024684033854,-0.008756114460964408,0.3881429989191738,-0.3210856802151988,0.00861915168790478,0.35754509028631276
8.56,-0.3241771911416854,-0.00547863670784012,0.37354775659209427,-0.3125240410640025,0.011742229739816284,0.3419473405929098
8.58,-0.3157024985799994,-0.00220268650263752,0.3587690195150849,-0.3039820783865201,0.014706826459055855,0.32610132099854805
8.6,-0.30716357597784705,0.0007505017807523979,0.3438998043631926,-0.2954617135758529,0.01751227500172596,0.31000190628673363
8.620000000000001,-0.2987106576345347,0.003736403288275659,0.32867429891755895,-0.2869648631669686,0.020157944322049662,0.2936440999460823
8.64,-0.2901969501836486,0.006230915307240417,0.3131527317631205,-0.2784934384056076,0.022643239314314112,0.2770230608385732
8.66,-0.28182302190088687,0.008886470367372569,0.2974209998803407,-0.2700493448183685,0.02496760094673356,0.26013413201515045
8.68,-0.2734498694184376,0.011241118637075082,0.281426178503313,-0.26163448178409343,0.027130506387193304,0.24297287171381288
8.700000000000001,-0.2651449840089286,0.013548338218592419,0.2651265247964274,-0.2532507421066244,0.029131469120855083,0.22553508655332838
8.72,-0.256823495345074,0.01558211016091671,0.24847453840769873,-0.24490001158905012,0.03097003905959042,0.20781686690962414
8.74,-0.24857224322835217,0.01752251783804696,0.2316286016721356,-0.23658416860951523,0.032645802643222116,0.18981462443107228
8.76,-0.2403998313912572,0.019599572604888305,0.2145510407985034,-0.22830508369870872,0.034158382932548914,0.17152513161345248
8.78,-0.23214886126371848,0.021083192587687236,0.19725383365857946,-0.22006461911911598,0.03550743969413217,0.1529455633148257
8.8,-0.22398875841989901,0.02255935814748014,0.17958749484542846,-0.21186462844612547,0.036692669476826936,0.13407354004511185
8.82,-0.21581714801006624,0.0237152191371329,0.16165199691829127,-0.20370695615109888,0.037713805680038376,0.11490717281488069
8.84,-0.20771879828304676,0.02492289949414866,0.14350566163635356,-0.19559343718647731,0.038570618613690606,0.09544510927286656
8.86,-0.19960584951921834,0.025797468142217637,0.12521787962228642,-0.18752589657303823,0.03926291554989165,0.0756865808028187
8.88,-0.19155292874720464,0.026673789969148314,0.10672551483671525,-0.17950614898938308,0.03979054076628483,0.055631450187861364
8.9,-0.1835459208066154,0.027230663761837956,0.08797918540002315,-0.17153599836375166,0.04015337558107671,0.035280259385867124
8.92,-0.17562402179886755,0.02776297626107057,0.0688276752585756,-0.16361723746825085,0.04035133837973246,0.014634276893558562
8.94,-0.16774784123896413,0.028032997792295688,0.04936081665422879,-0.15575164751559845,0.04038438463333395,-0.006304455888129973
8.96,-0.1599280244194597,0.027960308865717154,0.029542403120097527,-0.14794099775846523,0.04025250690859633,-0.02753307993772433
8.98,-0.15216390723732443,0.02791401411500891,0.009342820387133608,-0.14018704509150562,0.039955734869539176,-0.04904787625431514
9.0,-0.14443387751060363,0.02754668021703621,-0.011018348871784293,-0.13249153365616959,0.039494135270815016,-0.07084422661550294
9.02,-0.13677488949503502,0.027214342273672334,-0.0318008888386238,-0.12485619444838185,0.03886781194269305,-0.09291657825285626
9.040000000000001,-0.12923324096950806,0.026485617880420403,-0.052919043763811985,-0.1172827449291793,0.03807690576770427,-0.11525841327420244
9.06,-0.12175725614801171,0.025999295113081633,-0.07429105770057894,-0.1097728886383956,0.03712159464895224,-0.13786222367534626
9.08,-0.11435311416053166,0.025222897018526206,-0.09585839781081605,-0.1023283148114685,0.03600209347009555,-0.16071949277899186
9.1,-0.10705976831002144,0.024081880733444957,-0.11777707786884696,-0.09495069799947548,0.0347186540470136,-0.1838206839130813
9.120000000000001,-0.09980289772034132,0.022932399853292543,-0.1400902571589734,-0.08764169769246287,0.03327156507116368,-0.20715523709272307
9.14,-0.0926190304827927,0.02148950563832882,-0.16270338828216602,-0.0804029579461726,0.03166115204464442,-0.2307115743974106
9.16,-0.08550617469807426,0.020077380661679144,-0.18558702324700563,-0.07323610701222888,0.029887777206977946,-0.2544771146380439
9.18,-0.07849027020979663,0.01827414903553082,-0.2088014675688685,-0.06614275697189163,0.027951839453630094,-0.2784382977859985
9.200000000000001,-0.07144683936076643,0.01671891892036145,-0.2323210248412977,-0.05912450337343697,0.025853774246283868,-0.30258061949082066
9.22,-0.06449807433126864,0.014850750685725281,-0.2561206463897186,-0.05218292487326691,0.023594053514889364,-0.326888675845792
9.24,-0.05768658613549576,0.012740627946581652,-0.2800218686715158,-0.04531958288080725,0.021173185551508662,-0.3513462183755026
9.26,-0.05094807639040137,0.010685416877252779,-0.3039424422983288,-0.038536021207293845,0.018591714895983328,-0.37593621902069824
9.28,-0.04432284156820075,0.008280278433579341,-0.32799866864940735,-0.03183376571851466,0.015850222213448794,-0.4006409446889795
9.3,-0.03768919763473458,0.005837752356403757,-0.35232041384663554,-0.0252143239915852,0.012949324163719947,-0.4254420407313952
9.32,-0.031221781343485924,0.0030436561616445914,-0.3766604645453423,-0.018679184975844896,0.009889673262584846,-0.4503206225015446
9.34,-0.024702468372334228,0.00040390501873671544,-0.4010695812324654,-0.012229818657934021,0.006671957735028303,-0.4752573739628153
9.36,-0.018354069476075544,-0.0025555871598639734,-0.425653443894413,-0.005867675731144062,0.0032969013604262393,-0.5002326521374635
9.38,-0.012044517309119311,-0.00557748174777863,-0.4504049128368516,0.000405812730894988,-0.0002347366902575558,-0.5252265960454637
9.4,-0.005890744052021838,-0.008864524975490269,-0.47528836912367495,0.006589235596115332,-0.0039221620252369105,-0.5502192386668063
9.42,0.00021882581259618833,-0.012241607235124323,-0.5002329311186245,0.012681201991424819,-0.007764545210589844,-0.5751906203829964
9.44,0.006262119493755813,-0.015800768012252928,-0.5253906688176934,0.01868034161556509,-0.011761021956828746,-0.6001209023151316
9.46,0.012082547889817592,-0.019723504282568274,-0.5505179256257706,0.024585305047340886,-0.015910693313310027,-0.6249904779785972
9.48,0.01790779174904227,-0.023562210629776568,-0.5755674137587748,0.030394764049151424,-0.020212625870438115,-0.6497800817181082
9.5,0.02347997960410832,-0.02781964361481989,-0.600484167744704,0.03610741186576088,-0.02466585196962561,-0.6744708924697129
9.52,0.029076620080288395,-0.03202894569540081,-0.6253876311549544,0.04172196351823416,-0.02926936992095296,-0.6990446315149285
9.540000000000001,0.03445618173201639,-0.03650234980988922,-0.6502877370571213,0.04723715609297429,-0.034022144228484964,-0.7234836530418424
9.56,0.03987781334995268,-0.04102296647727389,-0.675060854518243,0.05265174902579482,-0.03892310582318861,-0.7477710265026691
9.58,0.04523593758615546,-0.045589888027669764,-0.6998111313314053,0.057964524380971175,-0.043971152303408916,-0.7718906099504051
9.6,0.05036555175942358,-0.05041184027187409,-0.7244881991039983,0.06317428712519432,-0.04916514818283457,-0.7958271137415692
9.620000000000001,0.05548448016385901,-0.055261786014428535,-0.7492135305032214,0.06827986539637927,-0.05450392514591326,-0.8195661542008092
9.64,0.060377526999240795,-0.060407042454938414,-0.7737852730738745,0.07328011076725578,-0.059986282310642715,-0.8430942970491083
9.66,0.06544575401024982,-0.06545363711930709,-0.7981627470922732,0.07817389850369401,-0.06561098649869737,-0.8663990905947271
9.68,0.07021444344604363,-0.07087330505171693,-0.8222929848917273,0.08296012781769571,-0.07137677251281144,-0.8894690888690056
9.700000000000001,0.07497601293354206,-0.07633942857673769,-0.8462647118352028,0.08763772211500087,-0.07728234342136707,-0.9122938650538361
9.72,0.07946158149068333,-0.08206808646607805,-0.8701034852909307,0.09220562923725166,-0.08332637085012,-0.9348640156903947
9.74,0.08395806307845467,-0.08781622504734489,-0.8938134334315513,0.0966628216986627,-0.08950749528100146,-0.9571711562776855
9.76,0.088256075334306,-0.09377906211905733,-0.917204156387106,0.10100829691713749,-0.09582432635791975,-0.9792079089634549
9.78,0.09230338526876661,-0.10000822962701993,-0.9402524083692448,0.10524107743978588,-0.10227544319950214,-1.0009678830992357
9.8,0.0963326181949236,-0.10629285722291482,-0.9631554780115248,0.10936021116278746,-0.10885939471870171,-1.0224456494763385
9.82,0.10010807946358603,-0.11277657944464606,-0.9858478848416157,0.11336477154555358,-0.11557469994919697,-1.043636709082287
9.84,0.10395024717092727,-0.11924543889031936,-1.008265577715552,0.11725385781914135,-0.12241984837851837,-1.0645374572195512
9.86,0.10754863759193069,-0.12597851750797437,-1.0303135286651044,0.12102659518886735,-0.12939330028781337,-1.085145143812957
9.88,0.11141867223591218,-0.1326133627498677,-1.052063379224923,0.12468213503107983,-0.1364934870981847,-1.105457830701737
9.9,0.11504805608391476,-0.1394359999086624,-1.0735841151679593,0.1282196550840455,-0.14371881172352066,-1.12547434666949
9.92,0.11861201619275129,-0.14634797462921592,-1.094560401566935,0.1316383596329052,-0.15106764892973584,-1.145194240913214
9.94,0.12217420142372035,-0.15332467976315783,-1.115280400820268,0.13493747968865918,-0.15853834570034625,-1.164617735593735
9.96,0.12544909925325237,-0.1605018896125183,-1.1358675083034033,0.13811627316113978,-0.16612922160829152,-1.183745678046618
9.98,0.1287582653586935,-0.16768076759269712,-1.156270661898329,0.14117402502593318,-0.1738385691939191,-1.2025794931672547
10.0,0.13163470750754527,-0.17510641184384335,-1.1763394507092046,0.14411004748521616,-0.18166465434906004,-1.2211211364181478
10.02,0.13460810585478,-0.18255383521274268,-1.19613565347435,0.14692368012246426,-0.18960571670708581,-1.2393730478418556
10.040000000000001,0.1373069970929838,-0.19015789586346568,-1.2157090657882075,0.14961429005100485,-0.19765997003888242,-1.257338107401197
10.06,0.14001972784145195,-0.1978589902247766,-1.2349844638964769,0.1521812720563741,-0.20582560265463173,-1.2750195919097098
10.08,0.14281728218943188,-0.2055983411657254,-1.2539466613740182,0.1546240487324536,-0.21410077781133216,-1.2924211337611184
10.1,0.14531006633572938,-0.21353273657119007,-1.2725236122427697,0.15694207061134763,-0.22248363412594185,-1.309546681616752
10.120000000000001,0.1477938088660049,-0.22157489223340457,-1.2908705512743097,0.15913481628697962,-0.2309722859940755,-1.3264004631651538
10.14,0.14998409282233993,-0.22977458168349843,-1.3088198873485348,0.16120179253237388,-0.2395648240141378,-1.3429869500281924
10.16,0.15217199680880153,-0.23806022842079938,-1.326565470049826,0.1631425344106009,-0.24825931541682364,-1.3593108248531842
10.18,0.15408586534223054,-0.24648611320514102,-1.3439949017708999,0.16495660537935808,-0.2570538044998626,-1.375376950600316
10.200000000000001,0.15598964500137721,-0.2549735008246546,-1.3611768217785731,0.1666435973891633,-0.26594631306792615,-1.3911903420091183
10.22,0.157617948556535,-0.2635892388734953,-1.3781230121991201,0.16820313097514034,-0.2749348408775968,-1.4067561392063348
10.24,0.15927411718505255,-0.27223487978811073,-1.394869804015079,0.16963485534237377,-0.2840173660872919,-1.4220795834000202
10.26,0.16062748596609988,-0.2810246464706661,-1.4113868754919394,0.17093844844481543,-0.29319184571205154,-1.4371659945907223
10.28,0.16205706529155317,-0.28990060108314875,-1.4275173347698693,0.17211361705772454,-0.3024562160830766,-1.4520207512197476
10.3,0.16310578545898316,-0.29893979857441655,-1.4433115789604996,0.17316009684362343,-0.31180839331192106,-1.4666492716664532
10.32,0.16444329390644757,-0.3079967720468707,-1.4588656595572118,0.17407765241175735,-0.32124627375923487,-1.4810569975008623
10.34,0.1654854405372714,-0.317141912892829,-1.4743345109230583,0.1748660773710419,-0.33076773450794644,-1.4952493783943446
10.36,0.16624871031711835,-0.32641009318613146,-1.4893989642539174,0.17552519437648803,-0.3403706338407845,-1.5092318585893367
10.38,0.1670522846105857,-0.33571362946054917,-1.5042192929885878,0.17605485516909322,-0.35005281172202585,-1.5230098648287873
10.4,0.16755746734494223,-0.34511295535720843,-1.5188549692778557,0.17645494060918968,-0.3598120902833623,-1.5365887956469675
10.42,0.16808974821155342,-0.3545670790721442,-1.5333253822436255,0.17672536070324404,-0.36964627431378483,-1.5499740119252559
10.44,0.1683391828711085,-0.3641391467161354,-1.547563689152297,0.17686605462409935,-0.37955315175336446,-1.5631708286192232
10.46,0.16858551917667017,-0.37377755840995214,-1.5617051446663597,0.17687699072465782,-0.3895304941908234,-1.5761845075667311
10.48,0.16853456073488274,-0.38345690734723864,-1.5757260794239845,0.17675816654499912,-0.39957605736478075,-1.5890202512905718
10.5,0.16852154794854407,-0.39320624503197127,-1.5897438712593868,0.17650960881293346,-0.40968758166857466,-1.601683197713353
10.52,0.16820195588788017,-0.4030318084139263,-1.6034524760585749,0.17613137343799026,-0.4198627926585214,-1.6141784157066408
10.540000000000001,0.1679463765120113,-0.4129736155236228,-1.6169299277852036,0.17562354549884138,-0.4300994015655254,-1.626510901400925
10.56,0.1673273472299363,-0.4230059390305691,-1.6299707771168896,0.17498623922416415,-0.44039510580989816,-1.6386855751874325
10.58,0.1669830309471115,-0.4330925392777056,-1.6428009137998156,0.17421959796694755,-0.45074758951929855,-1.6507072793473716
10.6,0.1663369138925365,-0.44319892479484796,-1.6555229675631962,0.1733237941722464,-0.461154524049651,-1.6625807762485512
10.620000000000001,0.1655502530436237,-0.45340174373026154,-1.6679199736778665,0.1722990293383926,-0.47161356850894126,-1.6743107470536787
10.64,0.16488123723162929,-0.4637110859744692,-1.6802365991108423,0.1711455339716714,-0.4821223702837651,-1.6859017908887712
10.66,0.16378086406401315,-0.4740346538758455,-1.6922432318528908,0.16986356753447146,-0.4926785655685205,-1.6973584244241215
10.68,0.16293119587635285,-0.4844023348723371,-1.704111817311233,0.16845341838692274,-0.5032797798971079,-1.7086850818240351
10.700000000000001,0.16176031878978808,-0.49474757432468547,-1.7158891779253973,0.16691540372203434,-0.5139236286770347,-1.7198861150252016
10.72,0.16032363064787444,-0.5052021198065478,-1.727498615477019,0.1652498694943461,-0.5246077177257913,-1.7309657943069274
10.74,0.15894760439149366,-0.5157852577551859,-1.7390340164825586,0.16345719034211142,-0.5353296438093935,-1.741928309119694
10.76,0.15719454605826158,-0.5263355201419055,-1.750379436904157,0.1615377695030271,-0.5460869951829544,-1.7527777691414617
10.78,0.15560673742311248,-0.536949858258937,-1.7617418294624685,0.1594920387235309,-0.5568773521331718,-1.763518205533963
10.8,0.1535315468520421,-0.547520438741286,-1.7730807558425952,0.1573204581616871,-0.5676982875226066,-1.774153572373815
10.82,0.15147198472461304,-0.5581527931332836,-1.784333935758043,0.15502351628367947,-0.5785473673356352,-1.7846877482356982
10.84,0.149148137854412,-0.5687916720743935,-1.7953975673229134,0.15260172975393838,-0.5894221512259453,-1.7951245379070735
10.86,0.14678500355462312,-0.5794818300061613,-1.8063162627481768,0.15005564331892396,-0.6003201930654588,-1.805467674215979
10.88,0.14460512917780696,-0.5902662848394465,-1.817230930952267,0.14738582968459335,-0.6112390414945534,-1.8157208199553292
10.9,0.1419258270249879,-0.600995321503716,-1.827882385656944,0.1445928893875796,-0.6221762404734561,-1.8258875698888928
10.92,0.13938164227323796,-0.6117997444810781,-1.8383516386837302,0.1416774506601074,-0.6331293298347033,-1.8359714528257387
10.94,0.13655175436046416,-0.622550619384182,-1.8487186616453282,0.13864016928868322,-0.644095845836512,-1.8459759337513613
10.96,0.13375040493541063,-0.6333813514106518,-1.8590090846087384,0.1354817284665838,-0.6550733217169711,-1.8559044160050906
10.98,0.13062484128741603,-0.644184605890853,-1.8692357797757981,0.13220283864018362,-0.6660592882488956,-1.8657602434945602
11.0,0.1275003162828489,-0.6550347298575637,-1.8793740858941745,0.12880423734914742,-0.677051274295254,-1.8755467029391728
11.02,0.12413575328215515,-0.6658459020726099,-1.8895425359392706,0.12528668906053347,-0.6880468073650068,-1.8852670261354616
11.040000000000001,0.12047220478268864,-0.6766272207681451,-1.899460283597558,0.12165098499683563,-0.6990434141692657,-1.8949243922382184
11.06,0.11680134546608173,-0.6874524389203092,-1.9093453385959778,0.11789794295801143,-0.7100386211776166,-1.9045219300520468
11.08,0.11284372136226778,-0.698203928051442,-1.9191248691193141,0.11402840713752732,-0.7210299551745131,-1.914062720328808
11.1,0.10897269620083758,-0.7090197619982856,-1.9289114397485247,0.11004324793247006,-0.7320149438155874,-1.9235497980670517
11.120000000000001,0.1048686000407124,-0.7198034652983003,-1.9386368790243644,0.1059433617477642,-0.7429911161837677,-1.9329861548101972
11.14,0.10081297755207891,-0.7306220076676379,-1.9483292554921912,0.10172967079453737,-0.7539560033450782,-1.9423747409407581
11.16,0.09650816704425867,-0.7413803062835872,-1.9579790786821083,0.09740312288268288,-0.7649071389039898,-1.9517184679684156
11.18,0.09233045287947307,-0.7522266955937297,-1.9675566415383043,0.09296469120766243,-0.7758420595582014,-1.9610202108101968
11.200000000000001,0.08763416745035846,-0.762893245711733,-1.9770886014576865,0.08841537413159956,-0.7867583056527258,-1.970282810061425
11.22,0.08300673895116642,-0.7736079096675472,-1.9865710779491668,0.08375619495871456,-0.7976534217331478,-1.979509074256462
11.24,0.07830401972170623,-0.7843341707401077,-1.9960666849763702,0.07898820170514309,-0.8085249570979539,-1.9887017821186144
11.26,0.07327046785313716,-0.7949437153154586,-2.0055224063242907,0.07411246686320333,-0.8193704663497737,-1.9978636847988245
11.28,0.0684722037765434,-0.8056597256690519,-2.0149541656825236,0.06913008716015134,-0.8301875099454431,-2.0069975081030735
11.3,0.06326309257649745,-0.8161949066954233,-2.0243210285609488,0.06404218331148881,-0.8409736547447436,-2.0161059547086175
11.32,0.0581072969495202,-0.8267672538276037,-2.033628755054705,0.05884989976887578,-0.8517264745576982,-2.025191706369392
11.34,0.05276187793743963,-0.8372901839403849,-2.0429370652364764,0.053554404462699934,-0.8624435506903141,-2.034257426111115
11.36,0.04741998890510615,-0.8478054075185769,-2.0521092945685266,0.048156888539368004,-0.8731224724886322,-2.0433057604167466
11.38,0.04226439307666034,-0.8584247899041819,-2.0612164302700338,0.04265856609337432,-0.8837608378809689,-2.0523393414031124
11.4,0.03667153665969979,-0.868852394681291,-2.0702611183141904,0.037060673894209584,-0.8943562539182243,-2.0613607889896226
11.42,0.03129893792567466,-0.8794261036641097,-2.0793066669637206,0.031364471108163317,-0.9049063373121495,-2.0703727130601064
11.44,0.025671197034315283,-0.8898928955400243,-2.088351735393359,0.025571239015095615,-0.9154087149714267,-2.079377715618851
11.46,0.02005066753885043,-0.9003299242655667,-2.0973426470920664,0.019682280720228817,-0.9258610245354678,-2.088378392942039
11.48,0.01442753479126444,-0.9107849027371958,-2.1064355013093996,0.013698920861036079,-0.9362609149057873,-2.0973773377257743
11.5,0.008538314981279146,-0.9211135599718345,-2.1155174231633516,0.007622505309278715,-0.9466060467748556,-2.106377141231983
11.52,0.0026745780331952442,-0.9314625859784834,-2.1246509707568446,0.0014544008682736975,-0.9568940931522892,-2.1153803954334425
11.540000000000001,-0.0034595179199741646,-0.9416441466472689,-2.1337210659421415,-0.004804005034548808,-0.9671227398882741,-2.1243896951592416
11.56,-0.009531927295105116,-0.9518550972210221,-2.142780761817534,-0.011151304659727301,-0.9772896861940996,-2.1334076402419497
11.58,-0.01586678923764507,-0.9618971804444645,-2.1517962103023067,-0.017586070272422538,-0.9873926451596926,-2.1424368376677676
11.6,-0.022143069727454907,-0.9719639996788062,-2.1608407931400175,-0.02410685446356403,-0.997429344268022,-2.1514799037308783
11.620000000000001,-0.02869629138527921,-0.9818463072971854,-2.169810121776247,-0.030712190475425116,-1.0073975259062709,-2.160539466193204
11.64,-0.03500917921949633,-0.9918690856950143,-2.1788093285928625,-0.03740059253154676,-1.0172949478736502,-2.169618166450679
11.66,-0.04155791224522455,-1.0017301173143707,-2.1878661964057255,-0.04417055617094534,-1.0271193838857553,-2.1787186617071046
11.68,-0.048110424362798755,-1.0115727745625192,-2.1968605468605844,-0.05102055858651838,-1.0368686240753353,-2.187843627156534
11.700000000000001,-0.054887699423412935,-1.0212454399646378,-2.2059454461979215,-0.05794905896757918,-1.0465404754893721,-2.196995758175038
11.72,-0.06170292928172828,-1.0308876239881268,-2.2149337381154894,-0.06495449884643523,-1.056132762582347,-2.2061777725225657
11.74,-0.06836060900123847,-1.040624601352588,-2.2239477127493816,-0.07203530244895284,-1.0656433277056117,-2.215392412555495
11.76,-0.07540655574771855,-1.0500322588255881,-2.232968019142387,-0.07918987704899572,-1.0750700315927086,-2.224642447450228
11.78,-0.08228842330557586,-1.0595380792748539,-2.2420079145278646,-0.08641661332669337,-1.0844107538405767,-2.23393067543809
11.8,-0.08939129552255526,-1.0688559871481076,-2.2510709825530184,-0.09371388573042988,-1.0936633933865014,-2.2432599260514667
11.82,-0.09647173851479576,-1.0781446639303782,-2.2602310644140737,-0.10108005284248783,-1.1028258689807162,-2.2526330623809554
11.84,-0.10356157045448336,-1.0874131594356715,-2.2694559043420384,-0.10851345774826926,-1.1118961196545611,-2.2620529833429686
11.86,-0.11090600932016621,-1.0964922506008157,-2.27863454828386,-0.11601242840898679,-1.1208721051840567,-2.2715226259569246
11.88,-0.11822310573392787,-1.1055691512791548,-2.2879029199397913,-0.1235752780377693,-1.1297518065488283,-2.281044967630836
11.9,-0.12575916776640275,-1.1144407989184901,-2.297132091354395,-0.13120030547907946,-1.1385332263862573,-2.2906230284536795
11.92,-0.13326539669738258,-1.1233255453549296,-2.306332948957835,-0.13888579559136383,-1.1472143894407552,-2.3002598734925184
11.94,-0.14095839709081046,-1.1319587555770991,-2.3155170371671923,-0.14663001963285327,-1.155793343008076,-2.309958615091853
11.96,-0.14858344890260172,-1.1405735099700929,-2.3248803114037093,-0.15443123565041356,-1.164268157374542,-2.3197224151721274
11.98,-0.1563734248469294,-1.148963490133561,-2.3342926849397125,-0.1622876888713758,-1.1726369262511092,-2.3295544875237506
12.0,-0.16411862343755437,-1.1573418483304845,-2.343853314939052,-0.17019761209824757,-1.1808977672021597,-2.339458100092291
12.02,-0.17201754946061015,-1.165510715027295,-2.3535326180288076,-0.1781592261062176,-1.1890488220689277,-2.3494365772498007
12.040000000000001,-0.179845466700536,-1.1736972293599448,-2.3632934127908616,-0.18617074004337192,-1.1970882573874702,-2.3594933020464106
12.06,-0.18787821890905637,-1.1816639653740175,-2.373061154357815,-0.19423035183350978,-1.2050142648010689,-2.369631718435416
12.08,-0.1958161175397907,-1.1896119889120178,-2.3829620777133593,-0.20233624858150906,-1.212825061467007,-2.3798553334641683
12.1,-0.20392227125818221,-1.1973192689450007,-2.392969529706059,-0.21048660698109994,-1.2205188904575843,-2.390167719421897
12.120000000000001,-0.21195774175996202,-1.205044083839508,-2.4030301487828885,-0.21867959372499735,-1.228094021155318,-2.4005725159345177
12.14,-0.22019269536594924,-1.212469737009247,-2.4131742579726594,-0.22691336591727562,-1.2355487496422182,-2.411073431995098
12.16,-0.2281564454003925,-1.2200890495508938,-2.4234419083327636,-0.23518607148790144,-1.2428813990830616,-2.4216742479172737
12.18,-0.2362903664093162,-1.2274769145587097,-2.4338315074653543,-0.24349584960933413,-1.250090320102573,-2.43237881719735
12.200000000000001,-0.24441965665320167,-1.2347971792393961,-2.444206455805348,-0.25184083111508687,-1.2571738911564247,-2.4431910682691087
12.22,-0.2525083731109941,-1.2420589958520094,-2.4547662913435406,-0.26021913892017273,-1.2641305188959835,-2.45411500613353
12.24,-0.26076152249006496,-1.2490578784466615,-2.4654742347920338,-0.2686288884433274,-1.2709586385267102,-2.4651547138436114
12.26,-0.2689602903048841,-1.2560664209065013,-2.4762636498599426,-0.277068188030918,-1.2776567141601372,-2.4763143538222963
12.280000000000001,-0.2773578434076639,-1.2627652813355128,-2.4870833023768397,-0.2855351393824483,-1.2842232391593493,-2.487598168989189
12.3,-0.2856212599941907,-1.2695078228477037,-2.4980740933745507,-0.2940278379775443,-1.2906567364778716,-2.4990104836691636
12.32,-0.2941696125991149,-1.2757839641193254,-2.509224705749365,-0.30254437350436225,-1.2969557589919205,-2.5105557042533198
12.34,-0.30265355005696476,-1.2820639788844177,-2.520459714576668,-0.31108283028927536,-1.3031188898259052,-2.5222383195796962
12.36,-0.31117994612689615,-1.2881869401686221,-2.5317898548149307,-0.31964128772778133,-1.3091447426711371,-2.5340629009981424
12.38,-0.31991560228666643,-1.2939447629927476,-2.5431711436252344,-0.32821782071651934,-1.3150319620976636,-2.5460341020803474
12.4,-0.3283899089353785,-1.2999021318085016,-2.5547333374554384,-0.33681050008628405,-1.3207792238591436,-2.5581566579324644
12.42,-0.33700011097760807,-1.3055069133271604,-2.5664511964991905,-0.3454173930359745,-1.3263852351907275,-2.5704353840641336
12.44,-0.3455145860949238,-1.3111466414222572,-2.578199869157741,-0.35403656356734914,-1.3318487350998425,-2.582875174763653
12.46,-0.3541777457703519,-1.3164859249996075,-2.590032331858122,-0.36266607292049535,-1.3371684946498335,-2.5954810009250187
12.48,-0.36277519991471435,-1.3218466571543201,-2.60192484882427,-0.3713039800099307,-1.3423433172363959,-2.6082579072682934
12.5,-0.3714390288726832,-1.3269351976771695,-2.614050937167334,-0.37994834186122156,-1.3473720388567365,-2.621211008890336
12.52,-0.38002205326276345,-1.3320013567329856,-2.6263493660864206,-0.38859721404802616,-1.3522535283713966,-2.634345487078478
12.540000000000001,-0.38867288733396904,-1.3368091863456253,-2.638818973115158,-0.39724865112947094,-1.3569866877586896,-2.6476665843152114
12.56,-0.39733353031705937,-1.341442186857643,-2.6515384069562864,-0.40590070708773873,-1.3615704523616787,-2.661179598397398
12.58,-0.40587928193979017,-1.34614471605596,-2.6644331920773388,-0.4145514357658119,-1.3660037911276657,-2.6748898755892143
12.6,-0.41450019935946203,-1.350509693877813,-2.6774926135741675,-0.4231988913052211,-1.3702857068401022,-2.6888028027236373
12.620000000000001,-0.4229989688405439,-1.3549720804912904,-2.690833518683874,-0.4318411285837448,-1.3744152363429056,-2.7029237981635017
12.64,-0.4317158845399378,-1.3589722054407658,-2.7043220884195613,-0.44047620365293466,-1.3783914507571056,-2.717258301529507
12.66,-0.44037164409621976,-1.3629629395102627,-2.718006668627214,-0.44910217417537845,-1.3822134556897803,-2.7318117620996194
12.68,-0.44895017954794253,-1.3667465057630466,-2.7318855048056623,-0.4577170998616057,-1.3858803914352413,-2.746589625782089
12.700000000000001,-0.4576120101285,-1.370104626834073,-2.745890355677349,-0.4663190429065217,-1.3893914331684092,-2.761597320562927
12.72,-0.46606742739928375,-1.3737158254793278,-2.7601659397223015,-0.47490606842529304,-1.3927457911303458,-2.7768402403286125
12.74,-0.474629646214678,-1.3769698078064654,-2.7747168153530937,-0.4834762448885723,-1.3959427108059015,-2.79232372696596
12.76,-0.4831281163851934,-1.380267539329505,-2.789417503569537,-0.49202764455696646,-1.3989814730934311,-2.808053050644036
12.780000000000001,-0.4917272839736729,-1.3832765997497756,-2.804211475078398,-0.5005583439146595,-1.4018613944665475,-2.8240333881879236
12.8,-0.5002515973057933,-1.3862763135531115,-2.8191809113176864,-0.5090664241020694,-1.4045818271278674,-2.84026979946128
12.82,-0.5087506942067964,-1.3889635054338618,-2.8344182660119333,-0.5175499713474815,-1.4071421591547282,-2.8567672016846313
12.84,-0.5171496797067621,-1.3916074351462533,-2.850000671537498,-0.5260070773975144,-1.409541814636829,-2.8735303416290496
12.86,-0.5255108096479366,-1.3940193954849018,-2.865810385336202,-0.5344358399463573,-1.411780253805774,-2.890563765641326
12.88,-0.5339064043273686,-1.3959967774898887,-2.8818657163684227,-0.5428343630636715,-1.4138569731564865,-2.907871787476663
12.9,-0.5421818912335946,-1.3981701195773646,-2.898294944009153,-0.5512007576210416,-1.415771505560463,-2.9254584539390693
12.92,-0.5505421462381598,-1.3998902117415777,-2.9150419943269785,-0.5595331417169218,-1.41752342037085,-2.943327508358318
12.94,-0.5588461879450819,-1.4016298966186627,-2.9320778346403733,-0.5678296410999326,-1.41911232351931,-2.9614823519654094
12.96,-0.5670795116795191,-1.4031133245197631,-2.9493577170997614,-0.5760883895904514,-1.4205378576046614,-2.9799260032668218
12.98,-0.5753050725007882,-1.404299093893739,-2.9668872300298705,-0.5843075295003827,-1.4217997019732729,-2.9986610555608455
13.0,-0.5834511727986437,-1.405508912116094,-2.984549200711824,-0.5924852120510168,-1.4228975727911868,-3.0176896327874116
13.02,-0.5916146535098347,-1.4064379394520212,-3.002255843937282,-0.6006195977888912,-1.4238312231079668,-3.037013343955663
13.040000000000001,-0.5997474320004543,-1.4074441476462975,-3.0201310642646853,-0.6087088569995438,-1.4246004429122434,-3.056633236450616
13.06,-0.6077952397831572,-1.4081067662120381,-3.0383575745477627,-0.6167511701190803,-1.4252050591789538,-3.0765497485812383
13.08,-0.6157390422099016,-1.4089304186197134,-3.0571505889635175,-0.6247447281434689,-1.4256449359082626,-3.0967626617959945
13.1,-0.623690944416921,-1.4093165828398206,-3.0762204452468525,-0.632687733035439,-1.4259199741561506,-3.117271053057284
13.120000000000001,-0.6315796630434923,-1.4097143088628161,-3.0956216810188577,-0.6405783981289299,-1.426030112056673,-3.138073247932042
13.14,-0.6393776282935811,-1.409963404255168,-3.115151998788937,-0.6484149485309748,-1.4259753248358749,-3.1591667750198162
13.16,-0.6471347782002345,-1.409817885043421,-3.1346769550077114,-0.6561956215209365,-1.4257556248173624,-3.180548322400299
13.18,-0.6548700875407575,-1.4097499607058313,-3.1546895371211594,-0.6639186669470101,-1.4253710614195327,-3.2022136968369384
13.200000000000001,-0.6625365419309578,-1.4091617879125737,-3.1750806985808304,-0.6715823476198899,-1.424821721144456,-3.224157786519374
13.22,-0.670117190328924,-1.4085642282176993,-3.1957505363559053,-0.6791849397035281,-1.42410772755842,-3.2463745281624186
13.24,-0.6776125979653496,-1.40808229280418,-3.216706416183001,-0.6867247331028875,-1.4232292412641343,-3.268856879300038
13.26,-0.6850001610326488,-1.407292616045939,-3.237989784158146,-0.6942000318486007,-1.4221864598646055,-3.2915967966167767
13.280000000000001,-0.6923284937219357,-1.4064556724521735,-3.2597773172258004,-0.7016091544784601,-1.4209796179186882,-3.314585221143532
13.3,-0.6995476891279018,-1.4052936342473594,-3.281910888042152,-0.7089504344156284,-1.4196089868883266,-3.3378120711071766
13.32,-0.706741072594427,-1.4042627400307781,-3.3044704715487456,-0.7162222203435245,-1.418074875077491,-3.3612662431627944
13.34,-0.7138186300471833,-1.402715476355076,-3.3272753202726233,-0.7234228765772527,-1.4163776275628293,-3.384935622651458
13.36,-0.7208414421603824,-1.401158195348052,-3.350333247734752,-0.7305507834315315,-1.4145176261160481,-3.408807103416094
13.38,-0.7277610107543359,-1.3993688972619795,-3.373722919010575,-0.7376043375850216,-1.4124952891180373,-3.4328666175728966
13.4,-0.7345757400127116,-1.3972964242475077,-3.397241994410813,-0.7445819524409615,-1.4103110714647626,-3.4570991754781866
13.42,-0.7413733512201447,-1.3952746396000368,-3.4209132474581163,-0.751482058484061,-1.407965464464942,-3.48148891595346
13.44,-0.748048511692003,-1.3928896930139287,-3.4447631518093167,-0.7583031036335323,-1.4054589957295327,-3.506019166638083
13.46,-0.7547334721410508,-1.3907396802284604,-3.4688501597013617,-0.7650435535922129,-1.4027922290530546,-3.5306725141355564
13.48,-0.7612613234887223,-1.3882085411199685,-3.493007363751179,-0.771701892191683,-1.3999657642867693,-3.55543088341058
13.5,-0.7677442754779168,-1.3856636881479334,-3.5172630583539743,-0.7782766217333054,-1.3969802372037556,-3.5802756256875665
13.52,-0.7740666635280827,-1.3827801995414064,-3.541603027485639,-0.7847662633251145,-1.3938363193558987,-3.6051876139035257
13.540000000000001,-0.7804049445471402,-1.3798924292881296,-3.566079506943064,-0.7911693572144676,-1.390534717922835,-3.630147344586513
13.56,-0.7866707472883032,-1.376968878640061,-3.590865320332566,-0.7974844631163963,-1.3870761755528846,-3.6551350448721456
13.58,-0.7927447673372925,-1.373748988348375,-3.615771633918908,-0.8037101605375832,-1.383461470195998,-3.680130783241006
13.6,-0.7987736167026013,-1.370492472829689,-3.6408406615960103,-0.8098450490958745,-1.3796914149287718,-3.7051145824642724
13.620000000000001,-0.8046311091743955,-1.3669468108977474,-3.6659873810894954,-0.8158877488352831,-1.3757668577715556,-3.7300665331879537
13.64,-0.8105038608757887,-1.3634169389344761,-3.6911878535959266,-0.8218369005363823,-1.3716886814977056,-3.7549669065692504
13.66,-0.8161849722019003,-1.359433810252487,-3.71627073886625,-0.8276911660220488,-1.367457803435014,-3.7797962644034544
13.68,-0.8219777000676617,-1.3555818713034955,-3.7413640676146236,-0.8334492284584668,-1.363075175259368,-3.8045355652444544
13.700000000000001,-0.8275941913249654,-1.3514566794966467,-3.766441783146862,-0.8391097926513267,-1.3585417827806887,-3.829166265124454
13.72,-0.8331821055888079,-1.3472521837141835,-3.791352466497612,-0.8446715853371638,-1.3538586457211834,-3.8536704116143126
13.74,-0.8385418825149652,-1.3427781543912396,-3.816151614441275,-0.8501333554697604,-1.3490268174859745,-3.87803073012961
13.76,-0.8438986674655173,-1.338297597809756,-3.840921340143818,-0.8554938745015498,-1.3440473849261527,-3.9022307015729356
13.780000000000001,-0.8490580068931427,-1.3335600247613306,-3.865653855281624,-0.8607519366599639,-1.3389214680942996,-3.9262546306029553
13.8,-0.8541700245252776,-1.3287236072987716,-3.8901391376698373,-0.8659063592186474,-1.3336502199925573,-3.9500877040282862
13.82,-0.8593524923786036,-1.3239457656386915,-3.9145751119540653,-0.870955982763505,-1.328234826313267,-3.9737160390324915
13.84,-0.8642446932983513,-1.3187955999152248,-3.9388177826214603,-0.8758996714534872,-1.3226765051722715,-3.997126721138374
13.86,-0.8693132309702889,-1.313771479332285,-3.9629093163123996,-0.8807363132760847,-1.3169765068349149,-4.020307832010337
13.88,-0.8741424063930425,-1.3084800149742066,-3.986941975704718,-0.8854648202974618,-1.3111361134348092,-4.043248467367142
13.9,-0.8787010443268202,-1.3029557422252755,-4.010676949377817,-0.8900841289071653,-1.305156638685447,-4.065938745430732
13.92,-0.8832195484648776,-1.29743219900743,-4.0341984940006075,-0.8945932000573771,-1.2990394275846875,-4.088369806467247
13.94,-0.8874690376596234,-1.2916377840965325,-4.057555032312294,-0.8989910194966265,-1.2927858561122283,-4.110533804081814
13.96,-0.8918240338980723,-1.2857906008237037,-4.080626750934252,-0.9032765979979345,-1.286397330920093,-4.1324238890097265
13.98,-0.8958141400599973,-1.2795622072555781,-4.103428994284196,-0.9074489715813258,-1.2798752890162266,-4.154034186202594
14.0,-0.8998808752001323,-1.2733169344937265,-4.126012494725138,-0.9115072017306619,-1.2732211974412626,-4.175359766041049
14.02,-0.9036834907596241,-1.2668768233698258,-4.148432249487522,-0.9154503756047495,-1.2664365529385275,-4.196396610517142
14.040000000000001,-0.9075269814256838,-1.2604096121553046,-4.170690766341048,-0.9192776062426673,-1.2595228816173774,-4.21714157522206
14.06,-0.9111409261894078,-1.2537692922519632,-4.192640969138867,-0.9229880327632775,-1.2524817386099143,-4.237592347951077
14.08,-0.9147859771523824,-1.2470471256807567,-4.21422311771337,-0.9265808205588686,-1.2453147077211868,-4.257747404700264
14.1,-0.918381948187406,-1.2402355172744017,-4.235680966395194,-0.9300551614828882,-1.2380234010729323,-4.277605963781498
14.120000000000001,-0.9216622714471574,-1.2332193543028294,-4.256911135268966,-0.9334102740317255,-1.2306094587409513,-4.297167938726291
14.14,-0.9250301009042611,-1.2261918369259937,-4.277861389300971,-0.9366454035204954,-1.223074548386205,-4.31643389058743
14.16,-0.9279713387625184,-1.218897261597599,-4.29846732016915,-0.9397598222527999,-1.215420364879685,-4.3354049801829335
14.18,-0.9310244039716336,-1.2115756946585565,-4.318749616755931,-0.9427528296844083,-1.207648629921187,-4.354082920760851
14.200000000000001,-0.9338202720640023,-1.2041082694707803,-4.33893772462512,-0.9456237525808368,-1.1997610916520347,-4.3724699314984115
14.22,-0.936592142925409,-1.1965932325849298,-4.358691957388211,-0.9483719451687829,-1.1917595242618602,-4.3905686921855995
14.24,-0.9394580741022711,-1.1889904457285272,-4.37823698273224,-0.9509967892813823,-1.1836457275895258,-4.408382299383087
14.26,-0.9420290341227925,-1.1811818921338206,-4.397463133248312,-0.9534976944972572,-1.175421526718277,-4.425914224288063
14.280000000000001,-0.9446104979384471,-1.173337175331081,-4.41625487989295,-0.9558740982733245,-1.1670887715652105,-4.4431682724896175
14.3,-0.946901540168284,-1.165289743395597,-4.434655708914933,-0.9581254660713278,-1.1586493364651729,-4.460148545748137
14.32,-0.9492428064339943,-1.157195512543778,-4.452717694062006,-0.9602512914780794,-1.1501051197491423,-4.4768594058911635
14.34,-0.9511572278717411,-1.1489086620223572,-4.4703982132256845,-0.9622510963193671,-1.1414580433172345,-4.493305440880786
14.36,-0.9532138416329504,-1.1405814974312039,-4.487751213510907,-0.9641244307675139,-1.1327100522063986,-4.509491433075461
14.38,-0.9549912349077359,-1.1321505041571573,-4.504929763667637,-0.9658708734425605,-1.1238631141529007,-4.525422329681403
14.4,-0.9567672426389902,-1.1235964152586113,-4.521777996355592,-0.9674900315070483,-1.1149192191497235,-4.541103215365349
14.42,-0.9586618136444038,-1.1150360446587222,-4.538440484392352,-0.9689815407543829,-1.1058803789989302,-4.55653928698133
14.44,-0.9602196854131789,-1.1063172048018122,-4.554811303586611,-0.9703450656907573,-1.096748626859149,-4.57173583034833
14.46,-0.9617948717295768,-1.0975096502624093,-4.570994062975061,-0.971580299610616,-1.0875260167882392,-4.586698199003627
14.48,-0.9629401356153257,-1.088543433879836,-4.5867915114709925,-0.9726869646656445,-1.0782146232812608,-4.601431794847144
14.5,-0.9642515080113545,-1.0795322252542652,-4.602276649498002,-0.9736648119272671,-1.0688165408038457,-4.615942050585496
14.52,-0.9652549829325308,-1.0704319012776777,-4.6175444857122745,-0.9745136214426399,-1.059333883321075,-4.630234413879882
14.540000000000001,-0.9662411095365492,-1.0612281074663874,-4.632628805724282,-0.9752332022841261,-1.0497687838219791,-4.644314333099417
14.56,-0.9671963428700815,-1.0519917521236,-4.647533335488971,-0.9758233925922424,-1.040123393839746,-4.658187244580575
14.58,-0.9678451165527798,-1.0427084755285656,-4.662326444238099,-0.9762840596120674,-1.0303998829677683,-4.67185856129379
14.6,-0.9685080429648952,-1.0334044843871026,-4.677100099669632,-0.9766150997231015,-1.0206004383716216,-4.685333662819773
14.620000000000001,-0.9688244021665507,-1.0240229920695274,-4.6916421711785805,-0.9768164384625773,-1.010727264297091,-4.6986178865405535
14.64,-0.9692084089736294,-1.0144370535834388,-4.705976101720569,-0.9768880305422064,-1.0007825815743665,-4.711716519953252
14.66,-0.9690950574006895,-1.0047377245698823,-4.719993665568874,-0.9768298598583682,-0.9907686271184847,-4.724634794018367
14.68,-0.9691243516519422,-0.9949947331320452,-4.733731463590499,-0.9766419394957315,-0.980687653426179,-4.73737787745819
14.700000000000001,-0.9688461426353556,-0.9852321059076594,-4.747286093076337,-0.9763243117243108,-0.9705419280692053,-4.749950871925414
14.72,-0.9686170935443158,-0.975401358861755,-4.760708777533436,-0.9758770479899588,-0.9603337331842872,-4.76235880796631
14.74,-0.9680847002220582,-0.9654977651533029,-4.773999384046996,-0.9753002488982963,-0.9500653649597812,-4.774606641707447
14.76,-0.9676227714710138,-0.9554994314270736,-4.787082887775214,-0.9745940441920808,-0.939739133119179,-4.786699252199384
14.780000000000001,-0.9668240053387492,-0.9454502202794562,-4.800110563778343,-0.9737585927220243,-0.929357360401571,-4.7986414393552685
14.8,-0.9660602952742131,-0.9353492592382345,-4.8129816847440585,-0.9727940824110611,-0.9189223820391836,-4.810437922426621
14.82,-0.9650190642838455,-0.925191469719303,-4.825754396012621,-0.9717007302120775,-0.9084365452320887,-4.8220933389628415
14.84,-0.9640051163268114,-0.9149475314558229,-4.83816867706379,-0.9704787820591119,-0.897902208620249,-4.833612244204993
14.86,-0.9627109592728986,-0.9046205211585848,-4.850380613799248,-0.9691285128120336,-0.887321741752964,-4.844999110868382
14.88,-0.9614104426898284,-0.8942591347994122,-4.862323414732256,-0.9676502261947193,-0.8766975245558807,-4.856258329272086
14.9,-0.9601740320378596,-0.8838336219445552,-4.874121598382597,-0.966044254726734,-0.8660319467956652,-4.867394207777121
14.92,-0.9586757749815018,-0.8733930247641657,-4.885843751133689,-0.9643109596485342,-0.8553274075424464,-4.878410973498248
14.94,-0.9572319497400976,-0.8628986211717243,-4.897439212617052,-0.9624507308402134,-0.8445863146301931,-4.889312773257421
14.96,-0.9553959196004044,-0.8523891530575832,-4.9088632520868165,-0.9604639867338034,-0.8338110841150979,-4.900103674749892
14.98,-0.9537174636149927,-0.8417654718658026,-4.920154646463067,-0.9583511742191547,-0.8230041397321229,-4.910787667896583
15.0,-0.951551062072492,-0.8311745988608288,-4.931390515038666,-0.9561127685434143,-0.8121679123498152,-4.921368666358864
15.02,-0.9493955634844621,-0.8205167134318109,-4.9425322046242695,-0.9537492732041253,-0.801304839423512,-4.931850509194212
15.040000000000001,-0.94696731057752,-0.8098680025076122,-4.953511828552051,-0.9512612198359732,-0.7904173644470782,-4.942236962633313
15.06,-0.9445739262410322,-0.7991536871174707,-4.964324130897091,-0.9486491680912019,-0.7795079364032721,-4.9525317219612095
15.08,-0.9418666697952968,-0.7884912060271854,-4.9750009600380745,-0.9459137055137277,-0.768579009212882,-4.962738413486833
15.1,-0.9392357439058433,-0.7777685737924525,-4.985581818848906,-0.9430554474069801,-0.757633041182754,-4.972860596586997
15.120000000000001,-0.936301078020704,-0.767108215225221,-4.996134188042236,-0.940075036695496,-0.7466724944528229,-4.982901765812413
15.14,-0.933404207168712,-0.756388899313045,-5.006577451763496,-0.9369731437803079,-0.7356998344423047,-4.992865353044658
15.16,-0.9302442537484104,-0.7456368975210146,-5.016919376669946,-0.93375046638814,-0.7247175292951161,-5.0027547296944235
15.18,-0.9270894683972215,-0.7348207247003976,-5.027043508504083,-0.9304077294144699,-0.7137280493247158,-5.012573208932345
15.200000000000001,-0.9237182143096879,-0.7240167044878886,-5.037224660040775,-0.9269456847604713,-0.7027338664584352,-5.022324047944952
15.22,-0.919978233588059,-0.7132769204143449,-5.047176635293677,-0.9233651111638851,-0.6917374536814559,-5.0320104502091425
15.24,-0.9163962949127633,-0.702448046444492,-5.057092560421464,-0.9196668140238533,-0.6807412844805469,-5.041635567779471
15.26,-0.9123366011709062,-0.691753180947223,-5.066927911321406,-0.9158516252197548,-0.669747832287685,-5.051202503583367
15.280000000000001,-0.9083502993880178,-0.6809972062625629,-5.076647435074062,-0.9119204029240882,-0.6587595699236977,-5.06071431372007
15.3,-0.904175716589884,-0.670262684496352,-5.086339454480926,-0.9078740314094367,-0.647778969042034,-5.070174009759773
15.32,-0.9000939951459168,-0.659481011885699,-5.095898644534902,-0.9037134208495634,-0.6368084995728003,-5.079584561039996
15.34,-0.8957201171396879,-0.6487736636072965,-5.105474671823435,-0.8994395071146817,-0.6258506291671877,-5.0889488969567775
15.36,-0.891425287791021,-0.6380023461589902,-5.1150023776804385,-0.8950532515609426,-0.6149078226424032,-5.0982699092487325
15.38,-0.8868821503318352,-0.6272905775473255,-5.12451288750204,-0.8905556408141938,-0.6039825414272513,-5.107550454272461
15.4,-0.8824047814050323,-0.6165313773341456,-5.133952174916116,-0.8859476865480507,-0.5930772430084662,-5.116793355268159
15.42,-0.8776427023840366,-0.6058701080114712,-5.143330054305191,-0.8812304252563347,-0.5821943803779359,-5.126001404614653
15.44,-0.8729655988486338,-0.5951392726479843,-5.152664311132496,-0.8764049180199304,-0.5713364014809381,-5.135177366073357
15.46,-0.8680210644748981,-0.5845202477077942,-5.162013005155275,-0.8714722502681064,-0.5605057486655033,-5.144323977020957
15.48,-0.8631413350891931,-0.573851386576746,-5.171329662987496,-0.8664335315343699,-0.5497048581330558,-5.1534439506708205
15.5,-0.8580205243993577,-0.563260058478716,-5.18059527221967,-0.8612898952068873,-0.5389361593904135,-5.162539978283428
15.52,-0.8529441327372099,-0.5526267343550294,-5.189775356478496,-0.8560424982735455,-0.5282020747033062,-5.17161473136621
15.540000000000001,-0.847630692435402,-0.5420815886909883,-5.198947893417757,-0.850692521061707,-0.5175050185515276,-5.180670863863419
15.56,-0.8423544961586603,-0.5315020469530749,-5.2079749264321675,-0.8452411669727091,-0.5068473970858277,-5.1897110143367735
15.58,-0.8368635079617214,-0.5210200052097612,-5.217116453262972,-0.8396896622111768,-0.49623160758668405,-5.198737808137759
15.6,-0.8311470896718338,-0.5106550486606779,-5.226078432004076,-0.8340392555092063,-0.4856600379250689,-5.207753859572539
15.620000000000001,-0.8254760986908285,-0.500245943316003,-5.234963244373196,-0.8282912178454771,-0.47513506602532607,-5.216761774060569
15.64,-0.8195789843254465,-0.48996349715058707,-5.243781232716394,-0.8224468421593707,-0.4646590593303034,-5.225764150288026
15.66,-0.8137685451637948,-0.4796252405352715,-5.252650620303104,-0.8165074430601322,-0.4542343742688134,-5.234763582357286
15.68,-0.8077048532431682,-0.4694134206872851,-5.261482856627247,-0.8104743565311765,-0.4438633557256012,-5.24376266193365
15.700000000000001,-0.8018116672013472,-0.4591296693780338,-5.270445141478836,-0.8043489396295731,-0.4335483365138906,-5.252763980390628
15.72,-0.7954745618156631,-0.4491257895871383,-5.279481038710209,-0.7981325701807966,-0.42329163685065113,-5.26177013095503
15.74,-0.78919067730955,-0.4390771186690445,-5.288488450254756,-0.7918266464688055,-0.41309556383470025,-5.270783710853186
15.76,-0.7827749165296656,-0.42908545534097675,-5.297570684893696,-0.7854325869215146,-0.4029624109277493,-5.279807323459541
15.780000000000001,-0.7760643781282938,-0.41929308666889953,-5.306626470742434,-0.7789518297917443,-0.3928944574385286,-5.288843580448893
15.8,-0.7696085232410704,-0.4093462676892573,-5.315693623377205,-0.7723858328337034,-0.38289396801008513,-5.29789510395348
15.82,-0.762802511580149,-0.39964884833732034,-5.324734042566391,-0.7657360729750886,-0.3729631921103842,-5.306964528726069
15.84,-0.7560758120730229,-0.389930650712071,-5.333784849032416,-0.7590040459848713,-0.3631043635263247,-5.316054504310142
15.860000000000001,-0.7492025586145203,-0.3803079295586791,-5.342834597850905,-0.752191266136842,-0.35331969986127487,-5.325167697218189
15.88,-0.7423846080711387,-0.3706811007150263,-5.351814971126088,-0.7452992658690041,-0.3436114020362666,-5.33430679311897
15.9,-0.7354883324112252,-0.3611506400758696,-5.360993348346734,-0.7383295954388633,-0.3339816537949133,-5.343474499034605
15.92,-0.7282955749189196,-0.3518628158907814,-5.3701774676020255,-0.7312838225747275,-0.32443262121222044,-5.352673545548042
15.94,-0.7213655591748164,-0.34237787002577413,-5.37935979932894,-0.7241635321230653,-0.3149664522073534,-5.361906689021462
15.96,-0.7141346518152139,-0.3331476436484708,-5.388559624972589,-0.7169703256920142,-0.3055852760604887,-5.37117671382589
15.98,-0.7069709512975362,-0.32388545451815387,-5.397738538844333,-0.7097058212911314,-0.29629120293387545,-5.380486434582075
16.0,-0.6995676503232553,-0.3148137592642279,-5.406914023471708,-0.7023716529674326,-0.2870863233971684,-5.389838698412566
16.02,-0.6922461656393604,-0.3057124717670579,-5.416121425096016,-0.6949694704378466,-0.2779727079571963,-5.3992363872045015
16.04,-0.6847668025276521,-0.2967959038862446,-5.425388015615253,-0.6875009387181308,-0.26895240659222674,-5.40868241988245
16.06,-0.6773734195248627,-0.28785558959928487,-5.4345702419806186,-0.6799677377483477,-0.2600274482908485,-5.418179754690252
16.080000000000002,-0.6697903082407161,-0.27911482555580536,-5.443811039563956,-0.6723715620149898,-0.25119984059558603,-5.4277313914804415
16.1,-0.6622982736204954,-0.27033677366835424,-5.453065014843502,-0.6647141201698299,-0.2424715691513304,-5.437340374009429
16.12,-0.6546151963972234,-0.2617554368867673,-5.462322255237513,-0.6569971346455792,-0.23384459725869156,-5.447009792236161
16.14,-0.646994558457532,-0.2531745835059784,-5.471628839517598,-0.6492223412684544,-0.22532086543238725,-5.456742784621437
16.16,-0.6392336067357728,-0.24481800892821998,-5.481080125224165,-0.6413914888677251,-0.2169022909647465,-5.466542540424528
16.18,-0.6315231194327675,-0.23645562557567446,-5.49054810846056,-0.6335063388823441,-0.20859076749444808,-5.476412301993071
16.2,-0.6237152665264563,-0.22822610564160822,-5.50013621064735,-0.6255686649647341,-0.20038816458057038,-5.486355367041564
16.22,-0.6156619856687583,-0.2203096318302153,-5.509766497949411,-0.6175802525818268,-0.19229632728205756,-5.496375090912961
16.240000000000002,-0.6077910871108261,-0.21225730930751288,-5.519570045146985,-0.6095428986134529,-0.1843170757427051,-5.506474888817058
16.26,-0.5996033281735554,-0.20455686367459067,-5.529395885690571,-0.6014584109481588,-0.17645220478174373,-5.516658238038385
16.28,-0.5914997017507551,-0.19682724224367035,-5.539280659479331,-0.5933286080765442,-0.16870348349011696,-5.526928680105341
16.3,-0.583449775247136,-0.18920787479000334,-5.549310933180348,-0.5851553186822187,-0.16107265483254893,-5.537289822911107
16.32,-0.5752447299190644,-0.1818669832402021,-5.559325954446772,-0.5769403812304699,-0.1535614352554942,-5.547745342775674
16.34,-0.5670822012587715,-0.17450142116975453,-5.569463884119807,-0.5686856435547236,-0.14617151430104453,-5.558298986436959
16.36,-0.5587783564011406,-0.1673228031154752,-5.57966766973314,-0.5603929624408984,-0.13890455422688786,-5.568954572957472
16.38,-0.5505353751278148,-0.16009306472151175,-5.590017126148211,-0.5520642032097521,-0.1317621896324124,-5.57971599553137
16.4,-0.5421376457875856,-0.1530911173477943,-5.600289081257928,-0.5437012392973025,-0.12474602709102361,-5.590587223174996
16.42,-0.5338382414172307,-0.14608251377092435,-5.610654824928223,-0.5353059518334204,-0.1178576447887659,-5.601572302282034
16.44,-0.5254520917537198,-0.1393553566956007,-5.62112717256003,-0.5268802292187058,-0.11109859216933968,-5.612675358022317
16.46,-0.5171828581875906,-0.13262269870665266,-5.6317743232319115,-0.51842596669971,-0.10447038958556812,-5.6239005955611185
16.48,-0.5087239036150054,-0.12617467712887814,-5.6425111582183805,-0.5099450659426313,-0.09797452795741998,-5.635252301073227
16.5,-0.5004892998157003,-0.11955079004386382,-5.653400531866001,-0.5014394346055587,-0.09161246843664483,-5.646734842523526
16.52,-0.4921375041475759,-0.11321212063581461,-5.664449173311218,-0.4929109859093763,-0.08538564207811197,-5.658352670182943
16.54,-0.48390159948004546,-0.10684743709791514,-5.6755521465071554,-0.4843616382074092,-0.07929544951791284,-5.670110316845609
16.56,-0.47551040279463386,-0.1007500950017019,-5.686745376013008,-0.4757933145539135,-0.07334326065830596,-5.682012397709827
16.580000000000002,-0.46716556512415497,-0.09471848850081081,-5.698053597920409,-0.46720794227151785,-0.06753041435957988,-5.694063609881984
16.6,-0.4586916034898728,-0.08894407205386629,-5.709594889529394,-0.4586074525177001,-0.061858218138896,-5.70626873145893
16.62,-0.4503032943765137,-0.08322390236729801,-5.721221979340063,-0.4499937798503951,-0.05632794787617762,-5.718632620140509
16.64,-0.44188741298628176,-0.07759498407562689,-5.733113805879062,-0.44136886179284884,-0.05094084752712216,-5.731160211319831
16.66,-0.4332892272976658,-0.07229286134291316,-5.745139548874413,-0.4327346383977949,-0.0456981288433877,-5.743856515594802
16.68,-0.42482382045354045,-0.06697837919976932,-5.757308485295291,-0.4240930518110744,-0.04060097110003161,-5.756726615639973
16.7,-0.41619827489921574,-0.062090353538964194,-5.769612625738689,-0.41544604583476974,-0.03565052083024384,-5.769775662373437
16.72,-0.40775700176666324,-0.05702174866560218,-5.78202968743798,-0.40679556548998097,-0.030847891567455127,-5.783008870348895
16.740000000000002,-0.39922283304458045,-0.05221449224294434,-5.79461130418907,-0.398143556579316,-0.026194163594860043,-5.796431512298591
16.76,-0.39076119223288386,-0.047543535930010185,-5.8072886415664575,-0.3894919652492148,-0.021690383702426458,-5.810048912748253
16.78,-0.382431822667385,-0.042784652699311226,-5.8201337840973775,-0.3808427375521869,-0.017337564951431378,-5.823866440620925
16.8,-0.373929553716512,-0.03848783145075366,-5.833189728874539,-0.37219781900907345,-0.013136686446587248,-5.83788950074244
16.82,-0.3655410513456394,-0.03401748860224469,-5.846455672333282,-0.36355915417143636,-0.009088693115809454,-5.852123524157508
16.84,-0.35706510358439847,-0.029849085013181707,-5.859943419143534,-0.35492868618415496,-0.0051944954976664015,-5.866573957162233
16.86,-0.3486402814558921,-0.025846879903709527,-5.873514477403911,-0.34630835634834073,-0.001454969536564904,-5.881246248956152
16.88,-0.3403222212790681,-0.021769153070805694,-5.887344448666209,-0.3377001036846753,0.002129043614277154,-5.896145837815187
16.9,-0.33189736072271275,-0.01817097182844081,-5.901394421325104,-0.3291058644972516,0.005556737782039023,-5.911278135686149
16.92,-0.32361792642754605,-0.014401909212373462,-5.915701719834032,-0.32052757193802645,0.008827341955634727,-5.926648511103993
16.94,-0.31527660890145226,-0.010969815801584426,-5.930189105352246,-0.31196715557199556,0.011940120459137615,-5.942262270335079
16.96,-0.3068991929890109,-0.007738993066392495,-5.944959048640009,-0.3034265409431547,0.014894373117264048,-5.958124636653723
16.98,-0.29857564375547774,-0.00441128325369939,-5.959923247410108,-0.29490764914138234,0.01768943541286548,-5.97424072766529
17.0,-0.2902025189856512,-0.0016023155080379643,-5.975133998062241,-0.2864123963703128,0.020324678636403873,-5.99061553059777
17.02,-0.28201773859827395,0.001295918351947699,-5.99061704838789,-0.2779426935163195,0.022799510027368963,-6.007253875495123
17.04,-0.2738247691749659,0.0038617453468802764,-6.0063227984022465,-0.26950044571868514,0.025113372907612674,-6.024160406260392
17.06,-0.2656269333844456,0.006366344111959532,-6.022399419551539,-0.26108755194106453,0.027265746806566377,-6.041339549514794
17.080000000000002,-0.2574268525702614,0.008637120148297511,-6.038721296902863,-0.25270590454434483,0.029256147578311978,-6.058795481261143
17.1,-0.2491482149831563,0.010446006358315685,-6.055229468489167,-0.24435738886098618,0.03108412751048384,-6.0765320913664915
17.12,-0.241005270147715,0.01249512035560405,-6.07208768502791,-0.23604388277093855,0.032749275424976326,-6.0945529459098875
17.14,-0.232833068950497,0.014122202015652842,-6.089232464187504,-0.2277672562792393,0.03425121677043251,-6.112861247476979
17.16,-0.22471433581217787,0.01575773235396098,-6.106579476377799,-0.21952937109538756,0.03558961370649269,-6.131459793524014
17.18,-0.21657830946848236,0.017048388187901428,-6.12404977297296,-0.2113320802145757,0.03676416517978803,-6.150350932979589
17.2,-0.208485762472754,0.01836120248848812,-6.141663141222795,-0.20317722750088166,0.037774606991658,-6.1695365213031055
17.22,-0.20042998412880167,0.019377348208071642,-6.159470558736687,-0.19506664727252382,0.03862071185757782,-6.189017874274066
17.240000000000002,-0.19246279334840397,0.020348810322264845,-6.177684824856304,-0.18700216388925217,0.039302289458283214,-6.208795720845674
17.26,-0.18458671077005095,0.021112101233573745,-6.196258996841723,-0.1789855913419895,0.0398191864825796,-6.228870155458624
17.28,-0.176745172127983,0.021414868325740223,-6.2149970216919845,-0.17101873284479494,0.04017128666182794,-6.2492405902759165
17.3,-0.16896703833769078,0.021984868197629612,-6.234155382038775,-0.1631033804292569,0.040358510796097,-6.269905707865207
17.32,-0.1611617883983841,0.02224493640164818,-6.253589253369261,-0.1552413145414055,0.04038081677197884,-6.290863414920377
17.34,-0.15341231835317368,0.022452126206248448,-6.273343061868211,-0.1474343036412237,0.04023819957206109,-6.312110797676574
17.36,-0.14578402502785598,0.022445430898151007,-6.293375860319612,-0.13968410380485483,0.039930691276055974,-6.333644079730673
17.38,-0.13825535837641434,0.02196361311585699,-6.313586854005706,-0.1319924583296044,0.03945836105358423,-6.355458583029567
17.400000000000002,-0.13079695485688791,0.021756428072368102,-6.33423792446137,-0.12436109734180124,0.03882131514861615,-6.377548692829297
17.42,-0.12338445075497152,0.02124169415603929,-6.355301150052229,-0.11679173740764437,0.03801969685557462,-6.399907827455591
17.44,-0.11600909494613482,0.020687896252132895,-6.376760042345629,-0.10928608114706813,0.037053686487101334,-6.422528413708858
17.46,-0.10873195093519729,0.0198162896210665,-6.398471508081256,-0.1018458168507754,0.03592350133349927,-6.445401868750171
17.48,-0.10149744834872931,0.018913011683645446,-6.420569263223195,-0.09447261810047586,0.034629395613856286,-6.468518589278227
17.5,-0.0943544497320984,0.017801099586187797,-6.4429507426436405,-0.08716814339243541,0.0331716604188612,-6.491867948757388
17.52,-0.087339975013896,0.016246453933241794,-6.465474707382743,-0.07993403576442581,0.03155062364532821,-6.515438303382964
17.54,-0.08030888341176588,0.014866721741366657,-6.48839378496014,-0.07277192242614426,0.029766649922441046,-6.539217007371016
17.56,-0.07339752350359709,0.01303619951471084,-6.511562585065016,-0.06568341439319329,0.02782014052973327,-6.5631904380362025
17.580000000000002,-0.06651368387641965,0.011211932741672183,-6.534949026886666,-0.05867010612470967,0.02571153330682819,-6.587344030973872
17.6,-0.05974955228012519,0.009143746227068494,-6.558612163060928,-0.0517335751647137,0.02344130255495249,-6.611662325494191
17.62,-0.05310785215545922,0.006788038750092357,-6.582365172363181,-0.044875381787259486,0.021009958930248387,-6.636129020269794
17.64,-0.04648549327733088,0.004447777467465933,-6.606237817635502,-0.03809706864547387,0.018418049328908184,-6.66072703895898
17.66,-0.03996823819546976,0.0018147880006654554,-6.6301330861085965,-0.0314001604245623,0.015666156764159635,-6.685438605359381
17.68,-0.03349035914459831,-0.0007403448697395543,-6.654098907300954,-0.024786163498850267,0.012754900235124319,-6.710245327438724
17.7,-0.02719785217633947,-0.003668267195374983,-6.678365351205195,-0.018256565592943492,0.00968493458758147,-6.735128289386398
17.72,-0.020821492552465303,-0.006409580811334003,-6.7027899181415584,-0.011812835447089871,0.0064569503666722676,-6.760068150639534
17.740000000000002,-0.014580890144696632,-0.009433477677065366,-6.727399022246197,-0.005456422486803727,0.0030716736615690314,-6.785045250667057
