{
"run_tag": "a1_S1_train_w16",
"regime": "observer_v1_py\\regimes\\S1_train.toml",
"test_chi": null,
"ssm_d_model": 32,
"ssm_d_state": 16,
"batch_size": 1024,
"fwd_grnd": 0.04301668098955432,
"fwd_phys": 4.924315716573305e-05,
"inv_grnd": 0.004350700186619462,
"inv_cons": 0.041929336624892066,
"inv_phys": 1.4624452189307687e-05,
"mu_mae_inv": 0.2672353510851792,
"mu_mae_fwd": 0.034141198923965645,
"mu_inv_fwd_div": 0.23675340586965135
}